customer,quarter,order_quantity,crossbuy,ret_expense,ret_expense_sq,purchase
1,1,285.46,1,0,0,1
1,2,363.88,1,0,0,1
1,3,305.86,1,16.2,262.44,1
1,4,260.63,1,0,0,1
1,5,0,0,0,0,0
1,6,0,0,36.77,1352.03,0
1,7,0,0,42.5,1806.25,0
1,8,0,0,0,0,0
1,9,0,0,0,0,0
1,10,0,0,38.27,1464.59,0
1,11,0,0,13.41,179.83,0
1,12,0,0,30.1,906.01,0
2,1,87.63,1,0,0,1
2,2,0,0,0,0,0
2,3,0,0,0,0,0
2,4,0,0,30.43,925.98,0
2,5,0,0,0,0,0
2,6,0,0,7.06,49.84,0
2,7,0,0,0,0,0
2,8,0,0,0,0,0
2,9,0,0,0,0,0
2,10,0,0,0,0,0
2,11,0,0,0,0,0
2,12,121.87,1,0,0,1
3,1,356.8,2,33.78,1141.09,1
3,2,0,0,0,0,0
3,3,0,0,0,0,0
3,4,0,0,5.87,34.46,0
3,5,0,0,0,0,0
3,6,137.55,4,20.74,430.15,1
3,7,0,0,44.86,2012.42,0
3,8,0,0,0,0,0
3,9,0,0,0,0,0
3,10,0,0,0,0,0
3,11,0,0,50.86,2586.74,0
3,12,0,0,0,0,0
4,1,189.58,1,0,0,1
4,2,170.17,1,0,0,1
4,3,223.97,4,49.32,2432.46,1
4,4,289.85,3,0,0,1
4,5,301.04,4,9.73,94.67,1
4,6,387.55,2,21.23,450.71,1
4,7,330.88,2,0,0,1
4,8,266.23,4,13.48,181.71,1
4,9,212.15,2,0,0,1
4,10,202.19,3,34.97,1222.9,1
4,11,151.32,1,42.5,1806.25,1
4,12,0,0,0,0,0
5,1,226.79,4,27.65,764.52,1
5,2,246.17,1,0,0,1
5,3,179.67,2,0,0,1
5,4,304.01,2,0,0,1
5,5,257.96,2,13.97,195.16,1
5,6,395.35,5,0,0,1
5,7,327.98,4,0,0,1
5,8,438.15,2,0,0,1
5,9,248.8,1,0,0,1
5,10,324.17,3,48.24,2327.1,1
5,11,263.43,5,0,0,1
5,12,245.5,4,0,0,1
6,1,243.49,1,0,0,1
6,2,310.22,4,0,0,1
6,3,207.27,4,0,0,1
6,4,236.93,2,0,0,1
6,5,294.79,3,44.27,1959.83,1
6,6,277.93,2,32.59,1062.11,1
6,7,226.84,1,21.84,476.99,1
6,8,355.58,5,24.85,617.52,1
6,9,277.08,3,9.68,93.7,1
6,10,211.01,3,0,0,1
6,11,327.22,2,2.03,4.12,1
6,12,421.65,4,0,0,1
7,1,99.5,1,6.83,46.65,1
7,2,0,0,53.42,2853.7,0
7,3,0,0,0,0,0
7,4,0,0,0,0,0
7,5,0,0,0,0,0
7,6,0,0,32.08,1029.13,0
7,7,0,0,0,0,0
7,8,0,0,0,0,0
7,9,0,0,0,0,0
7,10,0,0,47.66,2271.48,0
7,11,0,0,0,0,0
7,12,0,0,0,0,0
8,1,151.52,4,0,0,1
8,2,0,0,19.67,386.91,0
8,3,55.97,1,29.59,875.57,1
8,4,0,0,0,0,0
8,5,0,0,0,0,0
8,6,0,0,0,0,0
8,7,0,0,39.16,1533.51,0
8,8,0,0,0,0,0
8,9,0,0,40.65,1652.42,0
8,10,0,0,0,0,0
8,11,0,0,0,0,0
8,12,0,0,0,0,0
9,1,300.61,2,0,0,1
9,2,409.04,3,0,0,1
9,3,210.86,1,0,0,1
9,4,0,0,0,0,0
9,5,0,0,0,0,0
9,6,0,0,0,0,0
9,7,0,0,0,0,0
9,8,0,0,42.19,1780,0
9,9,0,0,0,0,0
9,10,0,0,40.12,1609.61,0
9,11,0,0,43.13,1860.2,0
9,12,0,0,0,0,0
10,1,202.56,1,24.19,585.16,1
10,2,234.78,1,0,0,1
10,3,355.47,2,26.27,690.11,1
10,4,210.75,1,50.37,2537.14,1
10,5,231.36,1,0,0,1
10,6,199.1,3,41.32,1707.34,1
10,7,259.73,1,24.24,587.58,1
10,8,277.79,2,0,0,1
10,9,226.11,1,0,0,1
10,10,213.61,1,6.83,46.65,1
10,11,0,0,0,0,0
10,12,0,0,0,0,0
11,1,138.68,1,10.03,100.6,1
11,2,195.29,1,0,0,1
11,3,223.1,1,41.07,1686.74,1
11,4,257.63,1,43.25,1870.56,1
11,5,227.28,1,0,0,1
11,6,355.99,1,0,0,1
11,7,465.35,2,8.76,76.74,1
11,8,440.88,4,29.62,877.34,1
11,9,272.45,1,0,0,1
11,10,230.23,1,0,0,1
11,11,268.44,1,28.78,828.29,1
11,12,0,0,42.93,1842.98,0
12,1,128.15,1,44.01,1936.88,1
12,2,152.88,1,0,0,1
12,3,176.2,1,20.99,440.58,1
12,4,172.01,1,52.48,2754.15,1
12,5,206.16,1,0,0,1
12,6,0,0,0,0,0
12,7,0,0,0,0,0
12,8,0,0,0,0,0
12,9,0,0,31.9,1017.61,0
12,10,0,0,0,0,0
12,11,0,0,0,0,0
12,12,0,0,10.29,105.88,0
13,1,207.44,1,8.74,76.39,1
13,2,229.66,1,0,0,1
13,3,305.24,4,0,0,1
13,4,234.77,1,7.12,50.69,1
13,5,329.94,2,16.47,271.26,1
13,6,258.95,1,23.57,555.54,1
13,7,395.69,2,0,0,1
13,8,323.99,4,0,0,1
13,9,249.92,3,0,0,1
13,10,196.63,1,15.27,233.17,1
13,11,206.36,1,0,0,1
13,12,144.37,1,0,0,1
14,1,216.4,5,0,0,1
14,2,258.19,4,0,0,1
14,3,240.57,3,0,0,1
14,4,192.53,1,0,0,1
14,5,272.18,4,41.88,1753.93,1
14,6,354.94,5,0,0,1
14,7,276.17,2,0,0,1
14,8,167.19,1,0,0,1
14,9,231.12,5,17.63,310.82,1
14,10,192.45,1,51.77,2680.13,1
14,11,141.61,1,0,0,1
14,12,0,0,42.28,1787.6,0
15,1,282.3,1,0,0,1
15,2,248.51,1,0,0,1
15,3,0,0,50.64,2564.41,0
15,4,0,0,56.02,3138.24,0
15,5,0,0,0,0,0
15,6,0,0,30.14,908.42,0
15,7,0,0,30.65,939.42,0
15,8,0,0,17.65,311.52,0
15,9,0,0,0,0,0
15,10,0,0,13.07,170.82,0
15,11,0,0,0,0,0
15,12,0,0,0,0,0
16,1,115.64,1,0,0,1
16,2,0,0,20.16,406.43,0
16,3,0,0,0,0,0
16,4,0,0,45.17,2040.33,0
16,5,0,0,0,0,0
16,6,0,0,16.4,268.96,0
16,7,122.91,1,34.43,1185.42,1
16,8,0,0,0,0,0
16,9,0,0,35.72,1275.92,0
16,10,0,0,0,0,0
16,11,0,0,51.36,2637.85,0
16,12,0,0,45.6,2079.36,0
17,1,150.3,1,32.36,1047.17,1
17,2,0,0,0,0,0
17,3,0,0,0,0,0
17,4,0,0,0,0,0
17,5,0,0,0,0,0
17,6,0,0,35.02,1226.4,0
17,7,0,0,0,0,0
17,8,0,0,47.39,2245.81,0
17,9,0,0,38.39,1473.79,0
17,10,0,0,0,0,0
17,11,0,0,32.07,1028.48,0
17,12,0,0,0,0,0
18,1,204.74,4,0,0,1
18,2,0,0,31.78,1009.97,0
18,3,0,0,0,0,0
18,4,0,0,45.52,2072.07,0
18,5,0,0,10.34,106.92,0
18,6,0,0,0,0,0
18,7,0,0,51.34,2635.8,0
18,8,0,0,0,0,0
18,9,0,0,0,0,0
18,10,0,0,0,0,0
18,11,0,0,54.99,3023.9,0
18,12,0,0,20.24,409.66,0
19,1,193.66,1,0,0,1
19,2,0,0,0,0,0
19,3,103.67,1,0,0,1
19,4,188.9,1,0,0,1
19,5,0,0,0,0,0
19,6,0,0,0,0,0
19,7,0,0,28.81,830.02,0
19,8,0,0,0,0,0
19,9,0,0,45.99,2115.08,0
19,10,0,0,0,0,0
19,11,0,0,0,0,0
19,12,0,0,44.04,1939.52,0
20,1,96.35,1,32.3,1043.29,1
20,2,0,0,0,0,0
20,3,139.88,1,0,0,1
20,4,165.28,1,0,0,1
20,5,211.86,1,0,0,1
20,6,296.25,4,0,0,1
20,7,273.56,4,18.28,334.16,1
20,8,0,0,0,0,0
20,9,0,0,0,0,0
20,10,0,0,0,0,0
20,11,0,0,38.95,1517.1,0
20,12,0,0,0,0,0
21,1,301.43,1,0,0,1
21,2,381.47,4,28.27,799.19,1
21,3,265.15,2,28.52,813.39,1
21,4,209.64,1,0,0,1
21,5,187.2,1,0,0,1
21,6,193.99,1,6.83,46.65,1
21,7,0,0,0,0,0
21,8,0,0,0,0,0
21,9,0,0,26.96,726.84,0
21,10,0,0,0,0,0
21,11,0,0,38.79,1504.66,0
21,12,0,0,0,0,0
22,1,307.99,2,14.65,214.62,1
22,2,439.27,2,29.43,866.12,1
22,3,346.69,3,0,0,1
22,4,488.14,4,8.84,78.15,1
22,5,578.92,2,0,0,1
22,6,344.33,5,0,0,1
22,7,340.48,2,22.89,523.95,1
22,8,192.44,2,37.34,1394.28,1
22,9,244.09,4,28.51,812.82,1
22,10,262.52,1,0,0,1
22,11,228.2,1,32.94,1085.04,1
22,12,0,0,0,0,0
23,1,272.67,1,0,0,1
23,2,158.15,1,28.21,795.8,1
23,3,227.31,1,0,0,1
23,4,190.08,1,0,0,1
23,5,0,0,0,0,0
23,6,0,0,18.23,332.33,0
23,7,0,0,0,0,0
23,8,0,0,18.96,359.48,0
23,9,0,0,38.05,1447.8,0
23,10,0,0,6.2,38.44,0
23,11,0,0,0,0,0
23,12,0,0,22.3,497.29,0
24,1,206.05,1,0,0,1
24,2,136.47,1,0,0,1
24,3,171.33,1,0,0,1
24,4,234.95,1,9.74,94.87,1
24,5,252.04,1,8.21,67.4,1
24,6,254.67,1,31.27,977.81,1
24,7,147.53,1,52.79,2786.78,1
24,8,207.44,1,0,0,1
24,9,225.53,1,0,0,1
24,10,212.67,1,0,0,1
24,11,199.14,1,0,0,1
24,12,203.71,1,0,0,1
25,1,217.07,1,0,0,1
25,2,214.58,1,15.04,226.2,1
25,3,210.3,1,26.23,688.01,1
25,4,140.85,1,31.87,1015.7,1
25,5,0,0,55.06,3031.6,0
25,6,0,0,0,0,0
25,7,0,0,0,0,0
25,8,0,0,24.93,621.5,0
25,9,0,0,0,0,0
25,10,0,0,36.97,1366.78,0
25,11,0,0,0,0,0
25,12,0,0,0,0,0
26,1,297.18,2,49.72,2472.08,1
26,2,439.22,2,15.3,234.09,1
26,3,253.57,1,46.12,2127.05,1
26,4,227.4,1,51.03,2604.06,1
26,5,225.27,1,0,0,1
26,6,247.12,1,0,0,1
26,7,0,0,20.23,409.25,0
26,8,0,0,0,0,0
26,9,0,0,0,0,0
26,10,0,0,0,0,0
26,11,0,0,0,0,0
26,12,0,0,0,0,0
27,1,296.1,2,50.14,2514.02,1
27,2,288.53,1,14.43,208.22,1
27,3,271.3,3,0,0,1
27,4,0,0,0,0,0
27,5,0,0,0,0,0
27,6,0,0,0,0,0
27,7,0,0,0,0,0
27,8,0,0,38.19,1458.48,0
27,9,0,0,0,0,0
27,10,0,0,21.01,441.42,0
27,11,0,0,0,0,0
27,12,0,0,0,0,0
28,1,215.01,3,0,0,1
28,2,0,0,0,0,0
28,3,0,0,13.38,179.02,0
28,4,0,0,0,0,0
28,5,0,0,0,0,0
28,6,0,0,0,0,0
28,7,0,0,0,0,0
28,8,0,0,0,0,0
28,9,0,0,0,0,0
28,10,0,0,0,0,0
28,11,0,0,0,0,0
28,12,96.48,1,0,0,1
29,1,270.45,1,0,0,1
29,2,279.84,1,0,0,1
29,3,403.64,2,0,0,1
29,4,294.99,2,0,0,1
29,5,259.7,1,0,0,1
29,6,216.16,1,0,0,1
29,7,251.49,1,0,0,1
29,8,196.98,1,45.74,2092.15,1
29,9,163.96,1,0,0,1
29,10,222.23,4,19.83,393.23,1
29,11,338.11,2,0,0,1
29,12,0,0,48.98,2399.04,0
30,1,176.9,1,8.97,80.46,1
30,2,207.13,1,47.88,2292.49,1
30,3,233.34,3,0,0,1
30,4,357.6,4,0,0,1
30,5,244.32,4,0,0,1
30,6,278.78,3,0,0,1
30,7,344.2,2,0,0,1
30,8,300.87,2,16.55,273.9,1
30,9,230.43,3,0,0,1
30,10,228.74,1,44.25,1958.06,1
30,11,0,0,0,0,0
30,12,0,0,0,0,0
31,1,204.96,1,18,324,1
31,2,258.7,3,0,0,1
31,3,228.53,1,25.09,629.51,1
31,4,225.61,1,9.2,84.64,1
31,5,163.44,1,0,0,1
31,6,109.92,1,0,0,1
31,7,0,0,0,0,0
31,8,0,0,40.43,1634.58,0
31,9,0,0,42.49,1805.4,0
31,10,0,0,25.33,641.61,0
31,11,0,0,0,0,0
31,12,0,0,0,0,0
32,1,226.92,2,48.29,2331.92,1
32,2,235.66,2,18.63,347.08,1
32,3,209.47,1,0,0,1
32,4,214.79,1,0,0,1
32,5,0,0,0,0,0
32,6,0,0,51.63,2665.66,0
32,7,0,0,0,0,0
32,8,0,0,0,0,0
32,9,0,0,0,0,0
32,10,0,0,31.84,1013.79,0
32,11,0,0,0,0,0
32,12,0,0,0,0,0
33,1,158.23,1,45.31,2053,1
33,2,0,0,46.62,2173.42,0
33,3,0,0,28.06,787.36,0
33,4,0,0,50.67,2567.45,0
33,5,0,0,45.61,2080.27,0
33,6,0,0,50.79,2579.62,0
33,7,0,0,0,0,0
33,8,0,0,0,0,0
33,9,161.14,1,31.04,963.48,1
33,10,190.32,1,14,196,1
33,11,207.43,1,0,0,1
33,12,241.41,3,0,0,1
34,1,313.27,2,0,0,1
34,2,189.28,1,8.39,70.39,1
34,3,188.24,1,29.68,880.9,1
34,4,156.36,1,29.54,872.61,1
34,5,148.08,1,0,0,1
34,6,254.92,4,7.91,62.57,1
34,7,326.25,1,33.93,1151.24,1
34,8,265.58,1,0,0,1
34,9,357.63,5,10.77,115.99,1
34,10,0,0,0,0,0
34,11,0,0,21.38,457.1,0
34,12,0,0,0,0,0
35,1,226.16,1,44.58,1987.38,1
35,2,242.82,2,20.31,412.5,1
35,3,251.97,1,0,0,1
35,4,283.08,1,0,0,1
35,5,389.57,1,33.04,1091.64,1
35,6,337.04,2,34.42,1184.74,1
35,7,182.79,1,49.17,2417.69,1
35,8,218.82,1,29.7,882.09,1
35,9,0,0,0,0,0
35,10,0,0,0,0,0
35,11,0,0,26.36,694.85,0
35,12,0,0,20.14,405.62,0
36,1,160.34,1,0,0,1
36,2,167.49,1,0,0,1
36,3,284.62,4,15.92,253.45,1
36,4,282.54,2,0,0,1
36,5,355.98,4,0,0,1
36,6,215.06,1,0,0,1
36,7,337.76,1,0,0,1
36,8,345.86,1,24.78,614.05,1
36,9,293.99,2,0,0,1
36,10,253.58,1,48.75,2376.56,1
36,11,252.98,1,0,0,1
36,12,356.53,4,0,0,1
37,1,303.99,2,0,0,1
37,2,172.6,1,17.76,315.42,1
37,3,0,0,0,0,0
37,4,0,0,0,0,0
37,5,0,0,21.33,454.97,0
37,6,0,0,0,0,0
37,7,0,0,0,0,0
37,8,0,0,0,0,0
37,9,0,0,0,0,0
37,10,0,0,0,0,0
37,11,0,0,0,0,0
37,12,0,0,11.64,135.49,0
38,1,180.01,1,0,0,1
38,2,228.34,1,18.49,341.88,1
38,3,0,0,0,0,0
38,4,0,0,48.16,2319.39,0
38,5,0,0,0,0,0
38,6,0,0,0,0,0
38,7,0,0,0,0,0
38,8,0,0,12.81,164.1,0
38,9,0,0,0,0,0
38,10,0,0,0,0,0
38,11,0,0,0,0,0
38,12,0,0,49.51,2451.24,0
39,1,155.86,1,0,0,1
39,2,164.23,1,0,0,1
39,3,303.89,2,0,0,1
39,4,229.61,1,0,0,1
39,5,154.1,1,0,0,1
39,6,265.04,1,0,0,1
39,7,198.84,1,0,0,1
39,8,166.65,1,52.43,2748.9,1
39,9,193.05,1,0,0,1
39,10,248.98,1,0,0,1
39,11,222.75,1,0,0,1
39,12,144.4,1,0,0,1
40,1,268.59,2,56.55,3197.9,1
40,2,388.68,1,0,0,1
40,3,280.84,1,0,0,1
40,4,314.72,3,0,0,1
40,5,255.75,1,40.51,1641.06,1
40,6,259.45,1,27.35,748.02,1
40,7,218.73,1,42.93,1842.98,1
40,8,201.91,1,0,0,1
40,9,189.83,1,42.03,1766.52,1
40,10,0,0,0,0,0
40,11,0,0,0,0,0
40,12,0,0,0,0,0
41,1,175.66,3,36.16,1307.55,1
41,2,186.84,1,0,0,1
41,3,262.86,1,34.06,1160.08,1
41,4,355.65,1,0,0,1
41,5,327.53,2,37.32,1392.78,1
41,6,194.92,1,0,0,1
41,7,191.31,1,0,0,1
41,8,175.91,1,0,0,1
41,9,283.91,3,16.27,264.71,1
41,10,368.47,2,15.44,238.39,1
41,11,212.52,1,0,0,1
41,12,0,0,0,0,0
42,1,214.27,4,58.49,3421.08,1
42,2,193.13,1,0,0,1
42,3,307.19,2,42.03,1766.52,1
42,4,330.11,2,38.32,1468.42,1
42,5,299.63,4,0,0,1
42,6,292.42,2,18.92,357.97,1
42,7,213.21,1,0,0,1
42,8,231.29,1,5.11,26.11,1
42,9,226.4,2,35.67,1272.35,1
42,10,255.34,2,0,0,1
42,11,192.17,1,0,0,1
42,12,0,0,0,0,0
43,1,212.12,2,0,0,1
43,2,196.53,2,0,0,1
43,3,0,0,0,0,0
43,4,0,0,47.48,2254.35,0
43,5,0,0,37.46,1403.25,0
43,6,132.9,4,37.17,1381.61,1
43,7,271.42,2,0,0,1
43,8,253.06,5,14.5,210.25,1
43,9,235.09,3,38.06,1448.56,1
43,10,234.97,2,0,0,1
43,11,357.66,4,24.63,606.64,1
43,12,357.87,4,0,0,1
44,1,230.98,1,42.69,1822.44,1
44,2,171.65,1,47.39,2245.81,1
44,3,221.26,1,0,0,1
44,4,223.74,3,0,0,1
44,5,0,0,0,0,0
44,6,0,0,0,0,0
44,7,0,0,24.13,582.26,0
44,8,0,0,31.38,984.7,0
44,9,0,0,50.75,2575.56,0
44,10,0,0,13.4,179.56,0
44,11,0,0,0,0,0
44,12,0,0,21.21,449.86,0
45,1,286.71,1,0,0,1
45,2,0,0,0,0,0
45,3,0,0,0,0,0
45,4,0,0,41.89,1754.77,0
45,5,0,0,35.36,1250.33,0
45,6,126,1,0,0,1
45,7,196.26,1,49.3,2430.49,1
45,8,222.07,1,0,0,1
45,9,303.46,1,0,0,1
45,10,275.65,1,0,0,1
45,11,240.68,1,22.62,511.66,1
45,12,385.65,3,31.23,975.31,1
46,1,321.67,2,21.1,445.21,1
46,2,0,0,57.48,3303.95,0
46,3,0,0,46.01,2116.92,0
46,4,0,0,0,0,0
46,5,0,0,0,0,0
46,6,0,0,9.94,98.8,0
46,7,0,0,12.93,167.18,0
46,8,170,1,34.8,1211.04,1
46,9,300.43,2,0,0,1
46,10,262.97,3,0,0,1
46,11,426.39,3,0,0,1
46,12,574.2,2,17.69,312.94,1
47,1,151.89,1,0,0,1
47,2,180.78,1,40.78,1663.01,1
47,3,0,0,0,0,0
47,4,0,0,41.29,1704.86,0
47,5,0,0,0,0,0
47,6,0,0,55.64,3095.81,0
47,7,0,0,40.05,1604,0
47,8,0,0,0,0,0
47,9,0,0,0,0,0
47,10,152.63,1,21.91,480.05,1
47,11,186.57,1,15.52,240.87,1
47,12,185.25,1,5.41,29.27,1
48,1,90.1,2,0,0,1
48,2,222.03,2,0,0,1
48,3,198.59,2,0,0,1
48,4,0,0,0,0,0
48,5,0,0,0,0,0
48,6,0,0,36.09,1302.49,0
48,7,0,0,0,0,0
48,8,0,0,0,0,0
48,9,0,0,0,0,0
48,10,0,0,45.49,2069.34,0
48,11,0,0,49.97,2497,0
48,12,0,0,0,0,0
49,1,113.1,1,48.49,2351.28,1
49,2,0,0,27.77,771.17,0
49,3,0,0,0,0,0
49,4,0,0,0,0,0
49,5,0,0,0,0,0
49,6,0,0,16.61,275.89,0
49,7,0,0,11.12,123.65,0
49,8,0,0,0,0,0
49,9,0,0,0,0,0
49,10,0,0,0,0,0
49,11,0,0,0,0,0
49,12,0,0,0,0,0
50,1,214.06,2,18.21,331.6,1
50,2,165.84,1,48.33,2335.79,1
50,3,0,0,0,0,0
50,4,0,0,8.92,79.57,0
50,5,0,0,0,0,0
50,6,0,0,0,0,0
50,7,0,0,0,0,0
50,8,0,0,13.1,171.61,0
50,9,0,0,9.44,89.11,0
50,10,0,0,0,0,0
50,11,0,0,28.29,800.32,0
50,12,0,0,0,0,0
51,1,194.03,1,17,289,1
51,2,297.14,1,27.73,768.95,1
51,3,176.05,1,23.83,567.87,1
51,4,303.53,1,0,0,1
51,5,227.99,1,39.1,1528.81,1
51,6,0,0,54.02,2918.16,0
51,7,0,0,16.55,273.9,0
51,8,0,0,0,0,0
51,9,0,0,5.65,31.92,0
51,10,0,0,30.23,913.85,0
51,11,0,0,0,0,0
51,12,145.92,1,11.26,126.79,1
52,1,196.81,1,48.58,2360.02,1
52,2,205.8,3,40.62,1649.98,1
52,3,0,0,0,0,0
52,4,134.45,1,7.09,50.27,1
52,5,214.41,1,0,0,1
52,6,240.55,2,0,0,1
52,7,138.21,2,34.85,1214.52,1
52,8,289.94,2,0,0,1
52,9,231.58,4,0,0,1
52,10,343.19,2,48.96,2397.08,1
52,11,474.7,2,0,0,1
52,12,301.39,3,0,0,1
53,1,266.36,1,0,0,1
53,2,256.5,1,0,0,1
53,3,0,0,0,0,0
53,4,0,0,16.86,284.26,0
53,5,0,0,0,0,0
53,6,0,0,0,0,0
53,7,0,0,18.35,336.72,0
53,8,0,0,12.32,151.78,0
53,9,0,0,20.5,420.25,0
53,10,0,0,0,0,0
53,11,0,0,0,0,0
53,12,84.34,1,25.17,633.53,1
54,1,266.33,1,0,0,1
54,2,361.73,2,0,0,1
54,3,280.42,2,18.14,329.06,1
54,4,330.87,2,0,0,1
54,5,442.81,4,13.63,185.78,1
54,6,285.98,3,0,0,1
54,7,404.27,4,0,0,1
54,8,420.59,3,21.26,451.99,1
54,9,339.85,2,53.07,2816.42,1
54,10,281.45,2,0,0,1
54,11,275.96,4,0,0,1
54,12,235.52,2,0,0,1
55,1,57.25,1,11.38,129.5,1
55,2,196.81,1,25.53,651.78,1
55,3,288.83,3,35.64,1270.21,1
55,4,249.08,1,0,0,1
55,5,220.85,1,0,0,1
55,6,327.69,3,18.79,353.06,1
55,7,415.81,2,0,0,1
55,8,504.25,2,0,0,1
55,9,253.92,1,0,0,1
55,10,0,0,5.54,30.69,0
55,11,0,0,0,0,0
55,12,84.59,1,15.81,249.96,1
56,1,108.04,1,29.58,874.98,1
56,2,245.31,2,0,0,1
56,3,0,0,0,0,0
56,4,0,0,40.9,1672.81,0
56,5,0,0,12.72,161.8,0
56,6,0,0,32.21,1037.48,0
56,7,0,0,22.5,506.25,0
56,8,0,0,41.58,1728.9,0
56,9,0,0,0,0,0
56,10,0,0,0,0,0
56,11,0,0,0,0,0
56,12,0,0,52.23,2727.97,0
57,1,144.11,1,0,0,1
57,2,246.66,1,0,0,1
57,3,362.12,2,6.01,36.12,1
57,4,481.06,4,0,0,1
57,5,302.46,4,47.81,2285.8,1
57,6,223.3,1,0,0,1
57,7,336.12,3,0,0,1
57,8,441.12,2,0,0,1
57,9,286.77,2,0,0,1
57,10,406.13,2,0,0,1
57,11,265.94,4,36.29,1316.96,1
57,12,379.86,2,51.05,2606.1,1
58,1,119.23,1,0,0,1
58,2,0,0,0,0,0
58,3,0,0,30.05,903,0
58,4,0,0,0,0,0
58,5,0,0,0,0,0
58,6,0,0,34.41,1184.05,0
58,7,0,0,47,2209,0
58,8,0,0,0,0,0
58,9,0,0,0,0,0
58,10,0,0,13.9,193.21,0
58,11,0,0,0,0,0
58,12,0,0,0,0,0
59,1,51.26,1,0,0,1
59,2,199.28,2,0,0,1
59,3,333.05,2,0,0,1
59,4,481.98,2,0,0,1
59,5,269.08,4,0,0,1
59,6,378.74,4,0,0,1
59,7,288.83,2,24.66,608.12,1
59,8,216.85,1,0,0,1
59,9,201.14,1,28.91,835.79,1
59,10,283.44,1,0,0,1
59,11,415.72,2,0,0,1
59,12,294.57,2,0,0,1
60,1,326.15,4,0,0,1
60,2,194.15,1,37.79,1428.08,1
60,3,233.54,1,0,0,1
60,4,239.47,1,0,0,1
60,5,284.38,1,0,0,1
60,6,437.3,2,0,0,1
60,7,280.82,1,0,0,1
60,8,0,0,0,0,0
60,9,0,0,16.33,266.67,0
60,10,0,0,0,0,0
60,11,0,0,0,0,0
60,12,0,0,37.96,1440.96,0
61,1,146.91,2,0,0,1
61,2,86.37,1,0,0,1
61,3,150.33,1,0,0,1
61,4,174.53,5,0,0,1
61,5,210.87,1,18.42,339.3,1
61,6,343.48,3,47.19,2226.9,1
61,7,408.07,2,0,0,1
61,8,302.5,5,0,0,1
61,9,403.98,3,0,0,1
61,10,335.11,2,0,0,1
61,11,279.03,5,49.66,2466.12,1
61,12,323.33,4,29.34,860.84,1
62,1,168.21,1,0,0,1
62,2,192.79,1,0,0,1
62,3,161.44,1,37.58,1412.26,1
62,4,0,0,0,0,0
62,5,0,0,0,0,0
62,6,0,0,12.01,144.24,0
62,7,157.09,1,14.53,211.12,1
62,8,173.55,1,52.61,2767.81,1
62,9,213.88,1,17.91,320.77,1
62,10,304.83,3,0,0,1
62,11,256.71,1,0,0,1
62,12,274.39,1,0,0,1
63,1,160.95,1,0,0,1
63,2,198.71,1,0,0,1
63,3,200.87,1,0,0,1
63,4,233.87,1,50.03,2503,1
63,5,221.77,1,21.47,460.96,1
63,6,341.73,1,0,0,1
63,7,230.45,1,0,0,1
63,8,0,0,0,0,0
63,9,0,0,0,0,0
63,10,0,0,0,0,0
63,11,0,0,8.86,78.5,0
63,12,0,0,8.81,77.62,0
64,1,308.72,2,0,0,1
64,2,197.75,1,0,0,1
64,3,0,0,0,0,0
64,4,0,0,0,0,0
64,5,0,0,0,0,0
64,6,150.87,1,24.92,621.01,1
64,7,241.59,1,0,0,1
64,8,151.81,1,0,0,1
64,9,0,0,0,0,0
64,10,0,0,0,0,0
64,11,0,0,44.68,1996.3,0
64,12,0,0,0,0,0
65,1,94.17,1,0,0,1
65,2,0,0,0,0,0
65,3,0,0,21.4,457.96,0
65,4,0,0,48.17,2320.35,0
65,5,0,0,0,0,0
65,6,0,0,28,784,0
65,7,0,0,0,0,0
65,8,0,0,14.22,202.21,0
65,9,0,0,0,0,0
65,10,0,0,1.92,3.69,0
65,11,0,0,0,0,0
65,12,0,0,0,0,0
66,1,156.83,1,0,0,1
66,2,238.28,1,0,0,1
66,3,141.62,1,0,0,1
66,4,208.65,1,0,0,1
66,5,0,0,0,0,0
66,6,0,0,0,0,0
66,7,73.36,1,0,0,1
66,8,111.05,1,0,0,1
66,9,0,0,0,0,0
66,10,0,0,20.6,424.36,0
66,11,0,0,0,0,0
66,12,80.92,1,30.33,919.91,1
67,1,297.69,3,0,0,1
67,2,312.34,3,0,0,1
67,3,271.8,2,45.74,2092.15,1
67,4,418.41,4,0,0,1
67,5,0,0,0,0,0
67,6,0,0,0,0,0
67,7,0,0,0,0,0
67,8,0,0,13.84,191.55,0
67,9,0,0,0,0,0
67,10,0,0,52.17,2721.71,0
67,11,0,0,4.87,23.72,0
67,12,0,0,26.26,689.59,0
68,1,189.26,2,0,0,1
68,2,209.44,2,0,0,1
68,3,339.65,3,0,0,1
68,4,270.05,3,0,0,1
68,5,0,0,0,0,0
68,6,0,0,0,0,0
68,7,0,0,0,0,0
68,8,0,0,0,0,0
68,9,0,0,15.3,234.09,0
68,10,0,0,0,0,0
68,11,0,0,33.08,1094.29,0
68,12,0,0,0,0,0
69,1,93.63,1,0,0,1
69,2,0,0,0,0,0
69,3,0,0,0,0,0
69,4,0,0,0,0,0
69,5,0,0,0,0,0
69,6,0,0,0,0,0
69,7,0,0,0,0,0
69,8,0,0,0,0,0
69,9,0,0,0,0,0
69,10,0,0,0,0,0
69,11,0,0,0,0,0
69,12,0,0,29.46,867.89,0
70,1,299.77,2,17.65,311.52,1
70,2,211.54,1,0,0,1
70,3,231.18,1,0,0,1
70,4,306.25,1,0,0,1
70,5,311.72,1,0,0,1
70,6,269.44,1,32.75,1072.56,1
70,7,353.06,3,0,0,1
70,8,354.42,4,0,0,1
70,9,272.65,1,0,0,1
70,10,284.54,2,0,0,1
70,11,226.89,1,0,0,1
70,12,215.09,1,0,0,1
71,1,285.46,4,0,0,1
71,2,179.45,4,21.89,479.17,1
71,3,279.87,4,39.28,1542.92,1
71,4,252.21,3,0,0,1
71,5,345.56,2,39.43,1554.72,1
71,6,238.66,2,0,0,1
71,7,174.66,2,50.67,2567.45,1
71,8,284.73,2,0,0,1
71,9,419.78,5,37.66,1418.28,1
71,10,329.77,2,0,0,1
71,11,487.54,3,0,0,1
71,12,315.22,4,0,0,1
72,1,255.27,1,0,0,1
72,2,252.79,2,9.16,83.91,1
72,3,168.04,1,0,0,1
72,4,179.13,1,17.76,315.42,1
72,5,185.59,1,19.17,367.49,1
72,6,0,0,0,0,0
72,7,0,0,31.77,1009.33,0
72,8,0,0,30.09,905.41,0
72,9,0,0,0,0,0
72,10,0,0,0,0,0
72,11,0,0,0,0,0
72,12,0,0,17.8,316.84,0
73,1,370.74,2,50.99,2599.98,1
73,2,209.67,1,57.44,3299.35,1
73,3,0,0,0,0,0
73,4,0,0,0,0,0
73,5,0,0,23.36,545.69,0
73,6,0,0,0,0,0
73,7,0,0,0,0,0
73,8,0,0,0,0,0
73,9,0,0,38.05,1447.8,0
73,10,0,0,0,0,0
73,11,0,0,34.61,1197.85,0
73,12,0,0,0,0,0
74,1,141.14,1,0,0,1
74,2,168.08,1,26.52,703.31,1
74,3,258.26,5,0,0,1
74,4,392.35,3,0,0,1
74,5,535.98,2,0,0,1
74,6,350.17,2,0,0,1
74,7,459.32,4,34.83,1213.13,1
74,8,332.72,4,11.4,129.96,1
74,9,243.77,1,27.3,745.29,1
74,10,387.35,2,0,0,1
74,11,291,2,0,0,1
74,12,425.74,3,39.14,1531.94,1
75,1,60.92,1,0,0,1
75,2,0,0,0,0,0
75,3,0,0,7.34,53.88,0
75,4,0,0,21.38,457.1,0
75,5,0,0,0,0,0
75,6,0,0,0,0,0
75,7,0,0,0,0,0
75,8,0,0,0,0,0
75,9,0,0,39.66,1572.92,0
75,10,0,0,0,0,0
75,11,0,0,27.95,781.2,0
75,12,96.12,1,19.87,394.82,1
76,1,147.35,1,8.99,80.82,1
76,2,179.9,1,8.93,79.74,1
76,3,261.93,1,0,0,1
76,4,210.17,1,0,0,1
76,5,315.7,1,0,0,1
76,6,279.35,1,0,0,1
76,7,266.38,1,0,0,1
76,8,174.97,1,0,0,1
76,9,198.91,1,0,0,1
76,10,0,0,18.16,329.79,0
76,11,0,0,0,0,0
76,12,0,0,0,0,0
77,1,193.66,1,34.17,1167.59,1
77,2,0,0,0,0,0
77,3,0,0,12.28,150.8,0
77,4,166.71,1,15.39,236.85,1
77,5,308.44,4,22.69,514.84,1
77,6,270.64,1,0,0,1
77,7,0,0,0,0,0
77,8,0,0,28.35,803.72,0
77,9,0,0,45.28,2050.28,0
77,10,0,0,0,0,0
77,11,0,0,17.61,310.11,0
77,12,0,0,0,0,0
78,1,94.93,1,0,0,1
78,2,181.66,1,32.65,1066.02,1
78,3,212.86,1,0,0,1
78,4,311.52,2,40.31,1624.9,1
78,5,252.3,3,41.84,1750.59,1
78,6,262.14,2,0,0,1
78,7,203.39,1,0,0,1
78,8,180.24,1,0,0,1
78,9,281.48,4,30.67,940.65,1
78,10,409.01,2,0,0,1
78,11,473.42,5,0,0,1
78,12,496.64,5,54.29,2947.4,1
79,1,96.32,1,0,0,1
79,2,199.95,1,0,0,1
79,3,200.99,1,22.3,497.29,1
79,4,0,0,0,0,0
79,5,0,0,27,729,0
79,6,0,0,13,169,0
79,7,0,0,46.72,2182.76,0
79,8,0,0,0,0,0
79,9,0,0,0,0,0
79,10,0,0,0,0,0
79,11,0,0,3.14,9.86,0
79,12,0,0,36.65,1343.22,0
80,1,85.61,1,0,0,1
80,2,0,0,0,0,0
80,3,0,0,0,0,0
80,4,0,0,13.59,184.69,0
80,5,0,0,0,0,0
80,6,0,0,17.26,297.91,0
80,7,139.19,1,0,0,1
80,8,0,0,0,0,0
80,9,0,0,50.27,2527.07,0
80,10,0,0,0,0,0
80,11,0,0,0,0,0
80,12,0,0,0,0,0
81,1,285.48,3,0,0,1
81,2,198.57,1,8.89,79.03,1
81,3,0,0,0,0,0
81,4,0,0,15.47,239.32,0
81,5,0,0,51.05,2606.1,0
81,6,0,0,0,0,0
81,7,0,0,0,0,0
81,8,0,0,0,0,0
81,9,0,0,9.42,88.74,0
81,10,0,0,0,0,0
81,11,0,0,37.11,1377.15,0
81,12,0,0,0,0,0
82,1,305.89,2,28.93,836.94,1
82,2,241.74,1,0,0,1
82,3,174.01,2,0,0,1
82,4,257.78,2,29.1,846.81,1
82,5,238.51,3,0,0,1
82,6,376.69,4,15.07,227.1,1
82,7,321.33,2,0,0,1
82,8,262.67,4,0,0,1
82,9,298.96,2,0,0,1
82,10,390.69,2,33.77,1140.41,1
82,11,219.97,2,53.89,2904.13,1
82,12,335.69,2,0,0,1
83,1,253.54,1,0,0,1
83,2,222.64,2,15.38,236.54,1
83,3,239.83,2,0,0,1
83,4,204.81,1,16.43,269.94,1
83,5,304.12,2,0,0,1
83,6,307.74,2,0,0,1
83,7,296.42,4,0,0,1
83,8,205.19,4,28.9,835.21,1
83,9,230.38,2,0,0,1
83,10,218.63,5,0,0,1
83,11,369.65,2,21.38,457.1,1
83,12,277.49,4,0,0,1
84,1,128.48,1,0,0,1
84,2,0,0,0,0,0
84,3,0,0,0,0,0
84,4,0,0,0,0,0
84,5,0,0,0,0,0
84,6,0,0,17.46,304.85,0
84,7,0,0,15.88,252.17,0
84,8,0,0,41.64,1733.89,0
84,9,0,0,0,0,0
84,10,0,0,32.08,1029.13,0
84,11,0,0,0,0,0
84,12,0,0,14.2,201.64,0
85,1,231.81,2,0,0,1
85,2,300.33,2,0,0,1
85,3,416.24,4,49.23,2423.59,1
85,4,328.13,4,12.21,149.08,1
85,5,292.15,2,26.94,725.76,1
85,6,0,0,54.47,2966.98,0
85,7,0,0,21.93,480.92,0
85,8,0,0,0,0,0
85,9,0,0,0,0,0
85,10,0,0,40.14,1611.22,0
85,11,135.62,1,21.51,462.68,1
85,12,0,0,42.7,1823.29,0
86,1,35.54,1,0,0,1
86,2,0,0,0,0,0
86,3,0,0,0,0,0
86,4,0,0,32.13,1032.34,0
86,5,0,0,0,0,0
86,6,0,0,23.17,536.85,0
86,7,0,0,3.33,11.09,0
86,8,0,0,0,0,0
86,9,0,0,35.75,1278.06,0
86,10,0,0,0,0,0
86,11,0,0,0,0,0
86,12,0,0,22.94,526.24,0
87,1,121.01,1,12.66,160.28,1
87,2,0,0,0,0,0
87,3,0,0,0,0,0
87,4,0,0,23.17,536.85,0
87,5,0,0,0,0,0
87,6,0,0,12.82,164.35,0
87,7,0,0,0,0,0
87,8,0,0,10.7,114.49,0
87,9,0,0,0,0,0
87,10,0,0,0,0,0
87,11,0,0,34.69,1203.4,0
87,12,0,0,24.66,608.12,0
88,1,231.35,1,0,0,1
88,2,209.75,1,0,0,1
88,3,197.17,1,0,0,1
88,4,194.52,1,25.78,664.61,1
88,5,173.32,1,48.22,2325.17,1
88,6,186.75,1,47.06,2214.64,1
88,7,318.21,2,21.78,474.37,1
88,8,219.75,1,0,0,1
88,9,259.28,1,49.24,2424.58,1
88,10,176.28,1,0,0,1
88,11,175.9,1,0,0,1
88,12,0,0,0,0,0
89,1,247.59,2,25.13,631.52,1
89,2,0,0,0,0,0
89,3,0,0,0,0,0
89,4,0,0,41.7,1738.89,0
89,5,0,0,0,0,0
89,6,0,0,44.19,1952.76,0
89,7,0,0,0,0,0
89,8,0,0,0,0,0
89,9,0,0,0,0,0
89,10,0,0,36.15,1306.82,0
89,11,0,0,0,0,0
89,12,0,0,0,0,0
90,1,282.5,1,36.95,1365.3,1
90,2,204.36,1,40.12,1609.61,1
90,3,247.39,1,39.04,1524.12,1
90,4,215.53,1,0,0,1
90,5,265.98,1,0,0,1
90,6,185.44,1,0,0,1
90,7,230.84,1,0,0,1
90,8,233.39,1,0,0,1
90,9,0,0,57.41,3295.91,0
90,10,0,0,29.51,870.84,0
90,11,0,0,23.98,575.04,0
90,12,0,0,0,0,0
91,1,215.78,1,0,0,1
91,2,0,0,0,0,0
91,3,0,0,19.01,361.38,0
91,4,0,0,0,0,0
91,5,0,0,0,0,0
91,6,0,0,0,0,0
91,7,0,0,0,0,0
91,8,0,0,0,0,0
91,9,0,0,0,0,0
91,10,0,0,0,0,0
91,11,104.28,1,37.72,1422.8,1
91,12,187.31,1,0,0,1
92,1,148.11,1,0,0,1
92,2,0,0,54.35,2953.92,0
92,3,0,0,5.29,27.98,0
92,4,0,0,48.88,2389.25,0
92,5,0,0,50.13,2513.02,0
92,6,0,0,51.48,2650.19,0
92,7,0,0,0,0,0
92,8,0,0,0,0,0
92,9,66.07,1,0,0,1
92,10,0,0,0,0,0
92,11,0,0,45.39,2060.25,0
92,12,0,0,0,0,0
93,1,92.05,1,0,0,1
93,2,190.61,1,0,0,1
93,3,288.43,1,28.75,826.56,1
93,4,171.8,1,0,0,1
93,5,188.82,1,0,0,1
93,6,0,0,0,0,0
93,7,0,0,0,0,0
93,8,0,0,0,0,0
93,9,0,0,0,0,0
93,10,0,0,0,0,0
93,11,0,0,44.48,1978.47,0
93,12,0,0,28.23,796.93,0
94,1,277.49,4,0,0,1
94,2,224.61,1,0,0,1
94,3,0,0,54.49,2969.16,0
94,4,0,0,0,0,0
94,5,0,0,0,0,0
94,6,0,0,44.89,2015.11,0
94,7,0,0,0,0,0
94,8,0,0,0,0,0
94,9,0,0,42.93,1842.98,0
94,10,0,0,0,0,0
94,11,0,0,0,0,0
94,12,0,0,0,0,0
95,1,96.29,1,0,0,1
95,2,216.37,2,27.5,756.25,1
95,3,0,0,29.61,876.75,0
95,4,0,0,0,0,0
95,5,0,0,0,0,0
95,6,0,0,0,0,0
95,7,0,0,0,0,0
95,8,0,0,0,0,0
95,9,0,0,20.69,428.08,0
95,10,0,0,0,0,0
95,11,0,0,0,0,0
95,12,82,1,16.45,270.6,1
96,1,239.85,1,0,0,1
96,2,232.33,1,36.74,1349.83,1
96,3,212.01,1,0,0,1
96,4,197.51,1,0,0,1
96,5,283.31,1,38.18,1457.71,1
96,6,284.92,1,0,0,1
96,7,223.3,1,7.01,49.14,1
96,8,337.22,1,45.47,2067.52,1
96,9,254.46,4,0,0,1
96,10,206.04,1,26.52,703.31,1
96,11,193.62,1,0,0,1
96,12,243.57,1,0,0,1
97,1,221.94,1,0,0,1
97,2,0,0,0,0,0
97,3,0,0,14.39,207.07,0
97,4,0,0,0,0,0
97,5,0,0,21.72,471.76,0
97,6,0,0,0,0,0
97,7,0,0,0,0,0
97,8,0,0,0,0,0
97,9,0,0,9.89,97.81,0
97,10,0,0,51.6,2662.56,0
97,11,0,0,16.19,262.12,0
97,12,0,0,40.85,1668.72,0
98,1,239.3,3,0,0,1
98,2,358.04,2,11.84,140.19,1
98,3,421.85,3,0,0,1
98,4,304.37,2,13.43,180.36,1
98,5,428.56,3,0,0,1
98,6,304.11,2,32.92,1083.73,1
98,7,414.79,2,13.85,191.82,1
98,8,281.16,4,38.74,1500.79,1
98,9,243.26,1,0,0,1
98,10,206.95,1,0,0,1
98,11,190.92,2,0,0,1
98,12,233.43,3,23.44,549.43,1
99,1,181.65,3,20.39,415.75,1
99,2,199.59,4,3.45,11.9,1
99,3,299.3,1,16.75,280.56,1
99,4,422.8,4,0,0,1
99,5,238.5,3,0,0,1
99,6,197.5,4,0,0,1
99,7,0,0,0,0,0
99,8,0,0,0,0,0
99,9,0,0,54.1,2926.81,0
99,10,0,0,10.99,120.78,0
99,11,0,0,47.67,2272.43,0
99,12,0,0,0,0,0
100,1,184.55,2,46.48,2160.39,1
100,2,180.64,2,40.17,1613.63,1
100,3,172.01,2,0,0,1
100,4,0,0,24.4,595.36,0
100,5,0,0,0,0,0
100,6,0,0,0,0,0
100,7,0,0,16.53,273.24,0
100,8,0,0,38.87,1510.88,0
100,9,0,0,0,0,0
100,10,0,0,8.96,80.28,0
100,11,0,0,12.46,155.25,0
100,12,0,0,49.01,2401.98,0
101,1,220.46,3,25.78,664.61,1
101,2,316.33,4,0,0,1
101,3,270.95,3,38.93,1515.54,1
101,4,331.79,4,0,0,1
101,5,398.99,2,0,0,1
101,6,361.05,2,0,0,1
101,7,277.9,2,0,0,1
101,8,0,0,0,0,0
101,9,0,0,0,0,0
101,10,0,0,44.4,1971.36,0
101,11,0,0,30.64,938.81,0
101,12,0,0,0,0,0
102,1,262.79,2,0,0,1
102,2,229.64,2,0,0,1
102,3,180.61,1,0,0,1
102,4,204.96,4,13.05,170.3,1
102,5,221.73,4,27.3,745.29,1
102,6,275.58,4,6.78,45.97,1
102,7,185.41,1,2.32,5.38,1
102,8,199.56,2,0,0,1
102,9,340.33,2,0,0,1
102,10,260.62,2,0,0,1
102,11,230.66,2,47.89,2293.45,1
102,12,301.92,5,45.73,2091.23,1
103,1,154.74,1,24.89,619.51,1
103,2,238.95,3,0,0,1
103,3,270.6,1,34.81,1211.74,1
103,4,255.34,1,0,0,1
103,5,361.33,5,23.23,539.63,1
103,6,445.26,3,0,0,1
103,7,291.92,3,0,0,1
103,8,255.97,3,24.34,592.44,1
103,9,176.12,1,0,0,1
103,10,230.41,1,29.72,883.28,1
103,11,388.88,3,35.6,1267.36,1
103,12,542.02,4,0,0,1
104,1,226.38,2,42.53,1808.8,1
104,2,268.32,5,45.15,2038.52,1
104,3,0,0,0,0,0
104,4,0,0,17.76,315.42,0
104,5,0,0,50,2500,0
104,6,118.95,1,15,225,1
104,7,181.73,1,29.26,856.15,1
104,8,0,0,0,0,0
104,9,0,0,25.25,637.56,0
104,10,0,0,0,0,0
104,11,0,0,0,0,0
104,12,0,0,0,0,0
105,1,199.36,1,17.15,294.12,1
105,2,323.21,4,0,0,1
105,3,226.18,4,0,0,1
105,4,0,0,0,0,0
105,5,0,0,0,0,0
105,6,0,0,16.87,284.6,0
105,7,0,0,0,0,0
105,8,0,0,14.01,196.28,0
105,9,52.9,1,0,0,1
105,10,0,0,8.54,72.93,0
105,11,0,0,0,0,0
105,12,0,0,0,0,0
106,1,289.21,4,0,0,1
106,2,295.91,3,0,0,1
106,3,372.99,2,56.76,3221.7,1
106,4,295.07,1,0,0,1
106,5,202.9,1,41.14,1692.5,1
106,6,332.83,4,14.62,213.74,1
106,7,219.96,1,0,0,1
106,8,212.56,1,18.81,353.82,1
106,9,0,0,0,0,0
106,10,0,0,0,0,0
106,11,0,0,18.69,349.32,0
106,12,0,0,0,0,0
107,1,205.36,1,0,0,1
107,2,261.37,4,49.17,2417.69,1
107,3,320.16,4,11.29,127.46,1
107,4,458.03,2,28.66,821.4,1
107,5,596.26,2,0,0,1
107,6,687.56,2,0,0,1
107,7,730.33,2,54.2,2937.64,1
107,8,507.99,5,0,0,1
107,9,680.25,2,0,0,1
107,10,797.48,2,0,0,1
107,11,472.64,3,33.36,1112.89,1
107,12,629.29,5,0,0,1
108,1,289,1,57.11,3261.55,1
108,2,311.79,1,43.78,1916.69,1
108,3,388.68,1,0,0,1
108,4,468.52,2,0,0,1
108,5,181.83,1,46.64,2175.29,1
108,6,275.47,1,0,0,1
108,7,236.34,1,0,0,1
108,8,179.32,1,0,0,1
108,9,0,0,0,0,0
108,10,0,0,3.03,9.18,0
108,11,14.22,1,0,0,1
108,12,94.33,1,14.12,199.37,1
109,1,202.79,3,4.96,24.6,1
109,2,158.01,2,34.36,1180.61,1
109,3,215.52,2,32.58,1061.46,1
109,4,203.68,2,21.83,476.55,1
109,5,304.76,4,0,0,1
109,6,455.26,3,21.49,461.82,1
109,7,341.19,4,0,0,1
109,8,265.17,3,0,0,1
109,9,282.36,4,9.56,91.39,1
109,10,360.33,2,0,0,1
109,11,277.38,2,0,0,1
109,12,201.63,1,51.28,2629.64,1
110,1,244.48,3,28.47,810.54,1
110,2,170.52,1,0,0,1
110,3,146.23,1,0,0,1
110,4,0,0,51.8,2683.24,0
110,5,0,0,15.32,234.7,0
110,6,0,0,31.43,987.84,0
110,7,0,0,33.43,1117.56,0
110,8,0,0,0,0,0
110,9,85.5,1,10.78,116.21,1
110,10,0,0,0,0,0
110,11,0,0,0,0,0
110,12,0,0,0,0,0
111,1,127.38,1,0,0,1
111,2,232.25,1,0,0,1
111,3,376.51,5,0,0,1
111,4,479.49,2,19.31,372.88,1
111,5,375.04,2,0,0,1
111,6,378.02,3,0,0,1
111,7,201.22,2,53.28,2838.76,1
111,8,199.3,1,0,0,1
111,9,310.95,4,44.39,1970.47,1
111,10,254.24,1,46.55,2166.9,1
111,11,285.83,1,0,0,1
111,12,289.79,1,0,0,1
112,1,231.94,1,10.86,117.94,1
112,2,190.68,1,37.02,1370.48,1
112,3,279.81,1,0,0,1
112,4,241.95,1,33.83,1144.47,1
112,5,236.67,1,48.76,2377.54,1
112,6,350.6,1,0,0,1
112,7,428.31,3,28.2,795.24,1
112,8,269.91,1,0,0,1
112,9,224.69,1,0,0,1
112,10,326.57,4,0,0,1
112,11,284.87,1,15.24,232.26,1
112,12,177.73,1,9.41,88.55,1
113,1,277.48,3,0,0,1
113,2,197.37,1,0,0,1
113,3,0,0,0,0,0
113,4,0,0,0,0,0
113,5,0,0,55.29,3056.98,0
113,6,0,0,0,0,0
113,7,0,0,0,0,0
113,8,0,0,30.28,916.88,0
113,9,0,0,0,0,0
113,10,0,0,52.2,2724.84,0
113,11,0,0,0,0,0
113,12,0,0,28.19,794.68,0
114,1,257.91,5,0,0,1
114,2,245.27,2,0,0,1
114,3,211.12,3,0,0,1
114,4,272.35,4,20.76,430.98,1
114,5,250.49,2,14.49,209.96,1
114,6,0,0,50.11,2511.01,0
114,7,0,0,0,0,0
114,8,0,0,10.41,108.37,0
114,9,132.43,1,0,0,1
114,10,256.72,2,8.29,68.72,1
114,11,234.93,5,35.93,1290.96,1
114,12,194.24,1,0,0,1
115,1,206.28,1,20.29,411.68,1
115,2,207.38,1,0,0,1
115,3,298.83,1,0,0,1
115,4,305.21,1,15.89,252.49,1
115,5,409.12,4,0,0,1
115,6,503.06,1,2.36,5.57,1
115,7,265.79,1,0,0,1
115,8,242.68,1,0,0,1
115,9,154.23,1,0,0,1
115,10,0,0,44.32,1964.26,0
115,11,0,0,0,0,0
115,12,0,0,0,0,0
116,1,216.04,1,13.07,170.82,1
116,2,308.17,2,0,0,1
116,3,262.69,2,49.21,2421.62,1
116,4,247.77,1,0,0,1
116,5,250.34,1,0,0,1
116,6,204.36,1,0,0,1
116,7,181.94,1,52.2,2724.84,1
116,8,262.37,1,0,0,1
116,9,185.99,1,0,0,1
116,10,234.34,1,0,0,1
116,11,337.04,4,0,0,1
116,12,262.74,1,0,0,1
117,1,82.35,1,29.78,886.85,1
117,2,0,0,0,0,0
117,3,0,0,0,0,0
117,4,0,0,0,0,0
117,5,0,0,47.9,2294.41,0
117,6,0,0,0,0,0
117,7,0,0,52.46,2752.05,0
117,8,0,0,0,0,0
117,9,0,0,0,0,0
117,10,0,0,0,0,0
117,11,0,0,49.88,2488.01,0
117,12,0,0,0,0,0
118,1,184.63,1,14.44,208.51,1
118,2,0,0,0,0,0
118,3,0,0,0,0,0
118,4,0,0,0,0,0
118,5,0,0,0,0,0
118,6,0,0,0,0,0
118,7,0,0,0,0,0
118,8,0,0,0,0,0
118,9,0,0,39.64,1571.33,0
118,10,0,0,0,0,0
118,11,0,0,0,0,0
118,12,0,0,0,0,0
119,1,225.47,2,53.66,2879.4,1
119,2,384.35,3,0,0,1
119,3,295.76,2,0,0,1
119,4,412.88,2,39.8,1584.04,1
119,5,319.43,3,0,0,1
119,6,0,0,0,0,0
119,7,0,0,10.11,102.21,0
119,8,0,0,0,0,0
119,9,0,0,0,0,0
119,10,0,0,27.43,752.4,0
119,11,0,0,39.94,1595.2,0
119,12,0,0,0,0,0
120,1,263.53,2,0,0,1
120,2,308.03,2,27.49,755.7,1
120,3,422.35,2,0,0,1
120,4,344.57,2,28.15,792.42,1
120,5,262.53,2,0,0,1
120,6,248.09,2,0,0,1
120,7,297.29,3,0,0,1
120,8,322.94,2,0,0,1
120,9,416.96,2,0,0,1
120,10,373,2,0,0,1
120,11,267.34,1,0,0,1
120,12,254.63,3,0,0,1
121,1,343.97,1,0,0,1
121,2,262.49,1,14.57,212.28,1
121,3,0,0,13.92,193.77,0
121,4,0,0,16.94,286.96,0
121,5,0,0,0,0,0
121,6,0,0,48.87,2388.28,0
121,7,0,0,57.99,3362.84,0
121,8,0,0,0,0,0
121,9,0,0,0,0,0
121,10,0,0,0,0,0
121,11,0,0,0,0,0
121,12,0,0,0,0,0
122,1,201.36,2,15.78,249.01,1
122,2,294.94,2,0,0,1
122,3,221.26,3,0,0,1
122,4,162.88,1,28.28,799.76,1
122,5,165.85,1,40.1,1608.01,1
122,6,0,0,53.4,2851.56,0
122,7,0,0,27.09,733.87,0
122,8,0,0,0,0,0
122,9,0,0,51.06,2607.12,0
122,10,0,0,0,0,0
122,11,0,0,25.51,650.76,0
122,12,0,0,3.47,12.04,0
123,1,198.85,1,0,0,1
123,2,321.62,1,37.99,1443.24,1
123,3,293.8,3,10.22,104.45,1
123,4,0,0,42.32,1790.98,0
123,5,0,0,54.65,2986.62,0
123,6,0,0,0,0,0
123,7,0,0,8.96,80.28,0
123,8,0,0,7.42,55.06,0
123,9,0,0,37.76,1425.82,0
123,10,0,0,0,0,0
123,11,0,0,0,0,0
123,12,0,0,0,0,0
124,1,98.98,1,52.48,2754.15,1
124,2,248.1,2,46.97,2206.18,1
124,3,259.86,2,30.31,918.7,1
124,4,290.46,1,0,0,1
124,5,0,0,0,0,0
124,6,0,0,49.19,2419.66,0
124,7,0,0,19.53,381.42,0
124,8,0,0,24.69,609.6,0
124,9,0,0,52.07,2711.28,0
124,10,0,0,41.32,1707.34,0
124,11,0,0,28.89,834.63,0
124,12,0,0,0,0,0
125,1,107.52,1,0,0,1
125,2,0,0,0,0,0
125,3,0,0,0,0,0
125,4,0,0,10.1,102.01,0
125,5,0,0,0,0,0
125,6,0,0,17.98,323.28,0
125,7,0,0,0,0,0
125,8,0,0,47.48,2254.35,0
125,9,0,0,0,0,0
125,10,0,0,0,0,0
125,11,0,0,0,0,0
125,12,0,0,0,0,0
126,1,358.66,5,0,0,1
126,2,320.67,4,0,0,1
126,3,374.12,2,0,0,1
126,4,506.69,4,0,0,1
126,5,356.84,4,0,0,1
126,6,253.4,5,40.25,1620.06,1
126,7,0,0,48.36,2338.69,0
126,8,0,0,0,0,0
126,9,0,0,38.26,1463.83,0
126,10,0,0,0,0,0
126,11,0,0,0,0,0
126,12,0,0,0,0,0
127,1,164.97,1,0,0,1
127,2,120.97,1,17.76,315.42,1
127,3,0,0,42.16,1777.47,0
127,4,0,0,23.54,554.13,0
127,5,0,0,0,0,0
127,6,0,0,0,0,0
127,7,0,0,36.93,1363.82,0
127,8,0,0,14.76,217.86,0
127,9,133.56,1,33.29,1108.22,1
127,10,118.5,1,38.46,1479.17,1
127,11,159.86,1,0,0,1
127,12,157.74,1,0,0,1
128,1,212,1,0,0,1
128,2,225.64,1,18.45,340.4,1
128,3,165.75,1,0,0,1
128,4,0,0,0,0,0
128,5,0,0,52.16,2720.67,0
128,6,0,0,0,0,0
128,7,0,0,12.36,152.77,0
128,8,0,0,0,0,0
128,9,0,0,16.11,259.53,0
128,10,0,0,0,0,0
128,11,0,0,30.12,907.21,0
128,12,0,0,34.84,1213.83,0
129,1,146.46,2,0,0,1
129,2,221.56,1,0,0,1
129,3,260.77,2,22.72,516.2,1
129,4,0,0,28.74,825.99,0
129,5,0,0,0,0,0
129,6,0,0,0,0,0
129,7,0,0,49.92,2492.01,0
129,8,0,0,48.15,2318.42,0
129,9,0,0,0,0,0
129,10,0,0,0,0,0
129,11,0,0,0,0,0
129,12,122.06,4,0,0,1
130,1,197.24,1,0,0,1
130,2,197.19,1,0,0,1
130,3,197.91,2,0,0,1
130,4,338.69,2,0,0,1
130,5,264.07,1,0,0,1
130,6,251.2,1,8.47,71.74,1
130,7,218,1,0,0,1
130,8,294.5,2,41.19,1696.62,1
130,9,384.32,2,0,0,1
130,10,249.8,1,0,0,1
130,11,213.97,1,0,0,1
130,12,225.99,1,30.46,927.81,1
131,1,197.35,1,39,1521,1
131,2,0,0,0,0,0
131,3,0,0,0,0,0
131,4,0,0,52.39,2744.71,0
131,5,0,0,0,0,0
131,6,0,0,0,0,0
131,7,87.56,1,0,0,1
131,8,174.3,1,0,0,1
131,9,224.73,1,0,0,1
131,10,269.7,1,0,0,1
131,11,223.98,1,0,0,1
131,12,366.44,2,29.63,877.94,1
132,1,240.77,2,0,0,1
132,2,0,0,0,0,0
132,3,0,0,0,0,0
132,4,0,0,0,0,0
132,5,0,0,0,0,0
132,6,0,0,0,0,0
132,7,0,0,0,0,0
132,8,0,0,0,0,0
132,9,0,0,0,0,0
132,10,0,0,45.38,2059.34,0
132,11,0,0,0,0,0
132,12,0,0,52.14,2718.58,0
133,1,275.66,3,0,0,1
133,2,389.88,5,31.92,1018.89,1
133,3,266.6,1,28.66,821.4,1
133,4,215.51,3,0,0,1
133,5,0,0,58.82,3459.79,0
133,6,0,0,0,0,0
133,7,0,0,0,0,0
133,8,0,0,17.07,291.38,0
133,9,0,0,0,0,0
133,10,0,0,47.93,2297.28,0
133,11,0,0,0,0,0
133,12,0,0,0,0,0
134,1,292.42,3,46.44,2156.67,1
134,2,169.73,1,0,0,1
134,3,183.3,1,0,0,1
134,4,241.09,1,28.8,829.44,1
134,5,192.21,1,32.91,1083.07,1
134,6,187.2,1,17.64,311.17,1
134,7,145.96,1,38.84,1508.55,1
134,8,0,0,0,0,0
134,9,0,0,0,0,0
134,10,0,0,30.42,925.38,0
134,11,0,0,6.77,45.83,0
134,12,0,0,9.71,94.28,0
135,1,162.94,2,56.1,3147.21,1
135,2,285.66,4,36.92,1363.09,1
135,3,229.49,2,0,0,1
135,4,372.59,3,0,0,1
135,5,329.15,5,12.91,166.67,1
135,6,275.9,3,48.34,2336.76,1
135,7,316.87,4,0,0,1
135,8,362.25,4,51.4,2641.96,1
135,9,481.79,2,0,0,1
135,10,315.66,4,0,0,1
135,11,311.32,4,0,0,1
135,12,258.53,2,14.8,219.04,1
136,1,169.01,1,0,0,1
136,2,232.95,2,10.59,112.15,1
136,3,223.55,4,0,0,1
136,4,372.42,5,0,0,1
136,5,520.94,4,15.19,230.74,1
136,6,294.8,2,51.64,2666.69,1
136,7,316.02,4,0,0,1
136,8,240.4,5,9,81,1
136,9,248.06,1,0,0,1
136,10,358.95,2,0,0,1
136,11,332.24,2,0,0,1
136,12,248.28,3,28.15,792.42,1
137,1,134.67,1,0,0,1
137,2,229.1,1,0,0,1
137,3,226.32,1,0,0,1
137,4,244.04,1,0,0,1
137,5,265.61,1,0,0,1
137,6,245.43,1,0,0,1
137,7,316.52,4,46.06,2121.52,1
137,8,449.6,4,0,0,1
137,9,321.13,1,0,0,1
137,10,253.28,1,10.21,104.24,1
137,11,349.4,1,0,0,1
137,12,472.06,2,0,0,1
138,1,163.29,1,0,0,1
138,2,210.41,1,0,0,1
138,3,141.61,1,20.66,426.84,1
138,4,219.38,2,0,0,1
138,5,194.67,1,0,0,1
138,6,225.05,1,0,0,1
138,7,204.23,1,41.46,1718.93,1
138,8,305.18,1,23.85,568.82,1
138,9,166.47,1,59.45,3534.3,1
138,10,241.98,1,0,0,1
138,11,255.17,1,0,0,1
138,12,257.11,1,0,0,1
139,1,175.44,1,0,0,1
139,2,207.22,1,0,0,1
139,3,217.4,1,50.62,2562.38,1
139,4,240.36,1,0,0,1
139,5,236.93,1,0,0,1
139,6,0,0,0,0,0
139,7,0,0,0,0,0
139,8,0,0,0,0,0
139,9,0,0,52.83,2791.01,0
139,10,0,0,0,0,0
139,11,0,0,4.82,23.23,0
139,12,0,0,42.9,1840.41,0
140,1,148.37,1,0,0,1
140,2,234.73,1,26.99,728.46,1
140,3,357.29,3,0,0,1
140,4,490.33,5,7.88,62.09,1
140,5,507.69,4,0,0,1
140,6,306.23,4,9.55,91.2,1
140,7,208.98,1,12.24,149.82,1
140,8,336.83,1,0,0,1
140,9,241.22,1,0,0,1
140,10,191.82,1,0,0,1
140,11,303.13,5,17.37,301.72,1
140,12,0,0,0,0,0
141,1,142.22,1,0,0,1
141,2,191.47,4,0,0,1
141,3,207.47,2,0,0,1
141,4,244.02,4,0,0,1
141,5,266.47,4,6.25,39.06,1
141,6,268.4,4,0,0,1
141,7,297.89,2,14.89,221.71,1
141,8,228.71,2,0,0,1
141,9,366.57,4,6.23,38.81,1
141,10,259.37,2,0,0,1
141,11,177.88,1,0,0,1
141,12,211.75,2,0,0,1
142,1,54.36,1,0,0,1
142,2,0,0,42.1,1772.41,0
142,3,0,0,57.1,3260.41,0
142,4,0,0,0,0,0
142,5,0,0,50.22,2522.05,0
142,6,0,0,0,0,0
142,7,0,0,0,0,0
142,8,0,0,0,0,0
142,9,0,0,28.5,812.25,0
142,10,0,0,0,0,0
142,11,0,0,0,0,0
142,12,0,0,20.34,413.72,0
143,1,150,1,0,0,1
143,2,202.8,1,0,0,1
143,3,260.06,1,13.07,170.82,1
143,4,219.57,3,0,0,1
143,5,325.09,2,0,0,1
143,6,440.01,5,31.28,978.44,1
143,7,558.81,5,0,0,1
143,8,447.25,2,0,0,1
143,9,317.14,4,48.65,2366.82,1
143,10,449.91,2,25.83,667.19,1
143,11,262.35,2,27.78,771.73,1
143,12,151.28,1,53.78,2892.29,1
144,1,212.81,2,43.52,1893.99,1
144,2,199.54,1,0,0,1
144,3,184.87,1,7.95,63.2,1
144,4,341.59,4,0,0,1
144,5,344.84,2,0,0,1
144,6,360.09,2,57.78,3338.53,1
144,7,274.15,2,32.64,1065.37,1
144,8,398.77,4,0,0,1
144,9,473.32,2,0,0,1
144,10,273.58,3,0,0,1
144,11,249.84,4,53.65,2878.32,1
144,12,223.56,1,4.37,19.1,1
145,1,255.54,3,0,0,1
145,2,225.15,2,0,0,1
145,3,427.06,2,27.22,740.93,1
145,4,397.26,2,0,0,1
145,5,544.68,3,0,0,1
145,6,644.03,2,8.36,69.89,1
145,7,388.62,4,35.78,1280.21,1
145,8,527.45,2,0,0,1
145,9,394.51,4,0,0,1
145,10,529.46,4,43.2,1866.24,1
145,11,359.34,4,0,0,1
145,12,472.13,2,0,0,1
146,1,260.05,2,54.99,3023.9,1
146,2,264.65,5,0,0,1
146,3,282.6,4,19.93,397.2,1
146,4,179.86,5,0,0,1
146,5,204.22,1,0,0,1
146,6,240.39,1,0,0,1
146,7,286.24,1,0,0,1
146,8,394.81,3,9.35,87.42,1
146,9,364.15,4,0,0,1
146,10,266.63,4,0,0,1
146,11,160.61,1,0,0,1
146,12,0,0,0,0,0
147,1,262.57,1,0,0,1
147,2,289.48,2,30.03,901.8,1
147,3,314.97,1,27.95,781.2,1
147,4,230.59,1,0,0,1
147,5,335.58,1,0,0,1
147,6,237.97,2,15.48,239.63,1
147,7,239.05,1,10.92,119.25,1
147,8,214.74,5,21.1,445.21,1
147,9,226.53,1,0,0,1
147,10,387.43,2,0,0,1
147,11,278.16,1,31,961,1
147,12,345.98,1,0,0,1
148,1,186,1,0,0,1
148,2,282.15,2,0,0,1
148,3,388.53,3,19.11,365.19,1
148,4,261.81,1,0,0,1
148,5,223.4,1,0,0,1
148,6,212.48,1,48.59,2360.99,1
148,7,339.71,1,15.7,246.49,1
148,8,407.18,5,0,0,1
148,9,215.34,1,0,0,1
148,10,314.43,5,20.67,427.25,1
148,11,253.58,1,0,0,1
148,12,0,0,0,0,0
149,1,202.86,1,25.1,630.01,1
149,2,0,0,38.92,1514.77,0
149,3,0,0,0,0,0
149,4,0,0,5.44,29.59,0
149,5,0,0,0,0,0
149,6,83.55,1,0,0,1
149,7,0,0,0,0,0
149,8,0,0,14.72,216.68,0
149,9,0,0,0,0,0
149,10,78.66,1,0,0,1
149,11,98.57,1,11.67,136.19,1
149,12,206.78,1,0,0,1
150,1,57.11,1,0,0,1
150,2,109.99,1,43.48,1890.51,1
150,3,158.82,1,0,0,1
150,4,278.87,4,0,0,1
150,5,282.95,3,29.89,893.41,1
150,6,205.25,2,32.39,1049.11,1
150,7,165.76,3,38.9,1513.21,1
150,8,0,0,0,0,0
150,9,0,0,25.07,628.5,0
150,10,0,0,0,0,0
150,11,0,0,0,0,0
150,12,0,0,29.67,880.31,0
151,1,47.89,1,0,0,1
151,2,125.21,1,30.92,956.05,1
151,3,224.52,3,0,0,1
151,4,231.71,1,0,0,1
151,5,313.15,2,0,0,1
151,6,0,0,0,0,0
151,7,0,0,0,0,0
151,8,0,0,0,0,0
151,9,0,0,0,0,0
151,10,0,0,0,0,0
151,11,0,0,27.37,749.12,0
151,12,0,0,14.69,215.8,0
152,1,58.73,1,0,0,1
152,2,140.44,1,31.73,1006.79,1
152,3,196.85,1,24.63,606.64,1
152,4,203.68,1,0,0,1
152,5,233.11,1,12.61,159.01,1
152,6,283.97,1,0,0,1
152,7,237.97,1,43.28,1873.16,1
152,8,390.05,2,0,0,1
152,9,302.33,1,21.79,474.8,1
152,10,188.7,1,0,0,1
152,11,203.76,1,42.26,1785.91,1
152,12,151.16,1,4.81,23.14,1
153,1,156.76,1,0,0,1
153,2,0,0,53.74,2887.99,0
153,3,0,0,18.75,351.56,0
153,4,0,0,0,0,0
153,5,0,0,11.73,137.59,0
153,6,0,0,0,0,0
153,7,0,0,33.78,1141.09,0
153,8,0,0,0,0,0
153,9,0,0,17.68,312.58,0
153,10,0,0,0,0,0
153,11,0,0,0,0,0
153,12,0,0,0,0,0
154,1,149.71,2,0,0,1
154,2,245.11,3,14.2,201.64,1
154,3,201.68,3,0,0,1
154,4,224.86,2,0,0,1
154,5,0,0,0,0,0
154,6,0,0,11.97,143.28,0
154,7,154.1,5,27.89,777.85,1
154,8,127.57,2,22.58,509.86,1
154,9,191.28,2,28.57,816.24,1
154,10,240.64,4,0,0,1
154,11,0,0,0,0,0
154,12,0,0,0,0,0
155,1,168.8,1,57.68,3326.98,1
155,2,179.03,1,0,0,1
155,3,219.38,1,15.43,238.08,1
155,4,171.06,1,25.45,647.7,1
155,5,0,0,0,0,0
155,6,0,0,0,0,0
155,7,0,0,23.6,556.96,0
155,8,0,0,0,0,0
155,9,0,0,34.73,1206.17,0
155,10,0,0,0,0,0
155,11,0,0,0,0,0
155,12,0,0,0,0,0
156,1,166.83,1,6.8,46.24,1
156,2,0,0,0,0,0
156,3,0,0,33.84,1145.15,0
156,4,0,0,0,0,0
156,5,0,0,0,0,0
156,6,0,0,0,0,0
156,7,0,0,0,0,0
156,8,0,0,0,0,0
156,9,0,0,46.29,2142.76,0
156,10,0,0,54.01,2917.08,0
156,11,0,0,13.22,174.77,0
156,12,0,0,52.42,2747.86,0
157,1,281.73,1,0,0,1
157,2,236.81,1,0,0,1
157,3,223.06,1,57.85,3346.62,1
157,4,214.41,1,0,0,1
157,5,341.89,1,0,0,1
157,6,226.17,1,11.08,122.77,1
157,7,282.98,2,13.65,186.32,1
157,8,276.11,1,27.86,776.18,1
157,9,195.08,1,0,0,1
157,10,225.44,1,30.35,921.12,1
157,11,257.67,1,0,0,1
157,12,260.27,1,0,0,1
158,1,215.59,2,26.53,703.84,1
158,2,0,0,0,0,0
158,3,0,0,0,0,0
158,4,0,0,36.65,1343.22,0
158,5,117.54,1,0,0,1
158,6,0,0,0,0,0
158,7,0,0,31.47,990.36,0
158,8,0,0,0,0,0
158,9,0,0,0,0,0
158,10,0,0,0,0,0
158,11,0,0,53.2,2830.24,0
158,12,0,0,22.53,507.6,0
159,1,246.46,1,49.65,2465.12,1
159,2,313.79,5,0,0,1
159,3,257.19,1,0,0,1
159,4,179.85,1,35.52,1261.67,1
159,5,156.9,1,0,0,1
159,6,280.48,1,0,0,1
159,7,287.52,1,14.42,207.94,1
159,8,248.66,1,0,0,1
159,9,179.83,1,0,0,1
159,10,196.03,4,14.16,200.51,1
159,11,194.53,1,0,0,1
159,12,285.92,1,30.93,956.66,1
160,1,336.45,3,0,0,1
160,2,288.14,3,18.02,324.72,1
160,3,255.84,1,0,0,1
160,4,263.72,2,0,0,1
160,5,262.88,1,0,0,1
160,6,353.05,2,0,0,1
160,7,252.7,1,35.17,1236.93,1
160,8,0,0,0,0,0
160,9,0,0,7.79,60.68,0
160,10,0,0,0,0,0
160,11,0,0,0,0,0
160,12,0,0,40.1,1608.01,0
161,1,159.11,1,0,0,1
161,2,0,0,12.46,155.25,0
161,3,0,0,32.47,1054.3,0
161,4,0,0,0,0,0
161,5,0,0,0,0,0
161,6,0,0,0,0,0
161,7,0,0,7.37,54.32,0
161,8,0,0,0,0,0
161,9,0,0,0,0,0
161,10,0,0,27.2,739.84,0
161,11,110.66,1,14.2,201.64,1
161,12,0,0,0,0,0
162,1,232.48,1,0,0,1
162,2,0,0,0,0,0
162,3,0,0,0,0,0
162,4,0,0,0,0,0
162,5,0,0,0,0,0
162,6,0,0,0,0,0
162,7,0,0,18.6,345.96,0
162,8,0,0,0,0,0
162,9,0,0,0,0,0
162,10,0,0,36.1,1303.21,0
162,11,0,0,0,0,0
162,12,0,0,56.63,3206.96,0
163,1,367.02,2,0,0,1
163,2,348.34,4,13.38,179.02,1
163,3,322.66,3,28.2,795.24,1
163,4,382.45,2,0,0,1
163,5,303.27,2,0,0,1
163,6,369.3,2,53.88,2903.05,1
163,7,261.19,2,0,0,1
163,8,206.59,1,0,0,1
163,9,0,0,0,0,0
163,10,0,0,0,0,0
163,11,0,0,0,0,0
163,12,0,0,4.77,22.75,0
164,1,173.25,1,0,0,1
164,2,0,0,0,0,0
164,3,0,0,47.42,2248.66,0
164,4,0,0,0,0,0
164,5,0,0,28.54,814.53,0
164,6,0,0,31.49,991.62,0
164,7,0,0,36.17,1308.27,0
164,8,104.02,1,0,0,1
164,9,164.26,1,16.63,276.56,1
164,10,0,0,5.26,27.67,0
164,11,0,0,0,0,0
164,12,0,0,40.38,1630.54,0
165,1,144.09,1,0,0,1
165,2,256.58,4,0,0,1
165,3,334.97,4,0,0,1
165,4,238.02,2,34.84,1213.83,1
165,5,232.18,1,0,0,1
165,6,185.6,1,0,0,1
165,7,217.49,1,0,0,1
165,8,0,0,0,0,0
165,9,0,0,21.33,454.97,0
165,10,116.02,1,28.56,815.67,1
165,11,138.91,1,0,0,1
165,12,165.53,1,50.2,2520.04,1
166,1,199.6,1,20.91,437.23,1
166,2,203.17,1,32.73,1071.25,1
166,3,206.96,1,0,0,1
166,4,200.26,1,0,0,1
166,5,299.05,3,0,0,1
166,6,148.7,1,57.47,3302.8,1
166,7,172.04,5,39.73,1578.47,1
166,8,255.94,1,0,0,1
166,9,225.45,1,0,0,1
166,10,329.48,1,0,0,1
166,11,302.47,1,0,0,1
166,12,320.58,5,43.42,1885.3,1
167,1,272.65,4,0,0,1
167,2,238.14,4,0,0,1
167,3,271.71,3,0,0,1
167,4,456.25,3,35.9,1288.81,1
167,5,450.16,4,0,0,1
167,6,320.36,3,17.58,309.06,1
167,7,282.77,2,51.86,2689.46,1
167,8,273.99,5,6.78,45.97,1
167,9,271.47,5,25.96,673.92,1
167,10,195.27,4,44.3,1962.49,1
167,11,0,0,0,0,0
167,12,0,0,0,0,0
168,1,222.96,1,0,0,1
168,2,0,0,0,0,0
168,3,0,0,44.91,2016.91,0
168,4,0,0,0,0,0
168,5,0,0,0,0,0
168,6,0,0,0,0,0
168,7,0,0,42.47,1803.7,0
168,8,0,0,45.21,2043.94,0
168,9,0,0,40.33,1626.51,0
168,10,0,0,0,0,0
168,11,0,0,0,0,0
168,12,95.68,1,0,0,1
169,1,262.43,4,0,0,1
169,2,235.86,1,0,0,1
169,3,371.69,2,0,0,1
169,4,278.6,3,0,0,1
169,5,243.55,4,0,0,1
169,6,251.83,2,31.4,985.96,1
169,7,327.22,2,10.14,102.82,1
169,8,0,0,0,0,0
169,9,0,0,4.27,18.23,0
169,10,0,0,0,0,0
169,11,0,0,40.24,1619.26,0
169,12,0,0,0,0,0
170,1,127.28,1,45.47,2067.52,1
170,2,175.06,1,0,0,1
170,3,230.16,1,0,0,1
170,4,0,0,0,0,0
170,5,0,0,8.86,78.5,0
170,6,0,0,0,0,0
170,7,0,0,0,0,0
170,8,0,0,51.16,2617.35,0
170,9,0,0,29.96,897.6,0
170,10,0,0,23.84,568.35,0
170,11,0,0,24,576,0
170,12,0,0,44.34,1966.04,0
171,1,235.6,2,0,0,1
171,2,201.55,1,0,0,1
171,3,0,0,0,0,0
171,4,0,0,41.98,1762.32,0
171,5,0,0,0,0,0
171,6,0,0,0,0,0
171,7,0,0,0,0,0
171,8,0,0,0,0,0
171,9,0,0,0,0,0
171,10,0,0,0,0,0
171,11,0,0,0,0,0
171,12,0,0,0,0,0
172,1,249.45,1,0,0,1
172,2,0,0,49.75,2475.06,0
172,3,0,0,0,0,0
172,4,0,0,0,0,0
172,5,0,0,0,0,0
172,6,0,0,0,0,0
172,7,0,0,0,0,0
172,8,0,0,0,0,0
172,9,104.37,1,13.88,192.65,1
172,10,248.41,1,23.41,548.03,1
172,11,293.87,1,31.89,1016.97,1
172,12,398.19,3,25.91,671.33,1
173,1,153.34,1,0,0,1
173,2,215.05,1,0,0,1
173,3,284.8,5,0,0,1
173,4,211.19,1,0,0,1
173,5,0,0,0,0,0
173,6,0,0,55.17,3043.73,0
173,7,0,0,0,0,0
173,8,0,0,36.26,1314.79,0
173,9,0,0,11.92,142.09,0
173,10,0,0,0,0,0
173,11,0,0,21.29,453.26,0
173,12,0,0,0,0,0
174,1,250.29,2,22.95,526.7,1
174,2,311.57,2,0,0,1
174,3,261.86,5,44.72,1999.88,1
174,4,199.52,1,0,0,1
174,5,0,0,0,0,0
174,6,0,0,54.26,2944.15,0
174,7,0,0,0,0,0
174,8,0,0,0,0,0
174,9,0,0,0,0,0
174,10,96.88,1,31.31,980.32,1
174,11,0,0,0,0,0
174,12,0,0,10.56,111.51,0
175,1,211.02,3,0,0,1
175,2,236.88,2,23.81,566.92,1
175,3,247.61,2,11.04,121.88,1
175,4,214.04,1,0,0,1
175,5,0,0,0,0,0
175,6,0,0,30.97,959.14,0
175,7,0,0,45.7,2088.49,0
175,8,0,0,0,0,0
175,9,0,0,37.08,1374.93,0
175,10,0,0,0,0,0
175,11,0,0,11.79,139,0
175,12,0,0,0,0,0
176,1,178.58,1,0,0,1
176,2,216.79,1,44.54,1983.81,1
176,3,239.8,1,0,0,1
176,4,306.29,2,0,0,1
176,5,421.13,4,40.11,1608.81,1
176,6,394.51,3,7,49,1
176,7,277.64,1,11.25,126.56,1
176,8,191.11,1,0,0,1
176,9,237.08,1,0,0,1
176,10,307.64,1,0,0,1
176,11,195.06,1,0,0,1
176,12,297.86,4,34.19,1168.96,1
177,1,241.1,1,0,0,1
177,2,232.7,1,0,0,1
177,3,284.41,1,12.61,159.01,1
177,4,235.23,1,11.59,134.33,1
177,5,223.65,1,0,0,1
177,6,247.69,1,0,0,1
177,7,363.65,1,13.85,191.82,1
177,8,357.61,1,0,0,1
177,9,265.04,1,21.56,464.83,1
177,10,348.86,1,0,0,1
177,11,287.55,1,0,0,1
177,12,211.8,1,43.06,1854.16,1
178,1,257.56,2,0,0,1
178,2,354.41,3,0,0,1
178,3,208.73,1,25.84,667.71,1
178,4,0,0,53.1,2819.61,0
178,5,0,0,0,0,0
178,6,0,0,0,0,0
178,7,0,0,0,0,0
178,8,0,0,29.02,842.16,0
178,9,0,0,0,0,0
178,10,0,0,0,0,0
178,11,0,0,0,0,0
178,12,0,0,0,0,0
179,1,264.28,4,0,0,1
179,2,211.74,1,0,0,1
179,3,221.2,5,19.95,398,1
179,4,191.14,3,0,0,1
179,5,207.17,1,0,0,1
179,6,162.65,1,9.67,93.51,1
179,7,184.37,5,22.96,527.16,1
179,8,0,0,0,0,0
179,9,0,0,0,0,0
179,10,106.52,1,0,0,1
179,11,239.54,2,0,0,1
179,12,0,0,0,0,0
180,1,255.53,2,13.26,175.83,1
180,2,252.01,2,0,0,1
180,3,201.34,2,0,0,1
180,4,337.33,5,12.27,150.55,1
180,5,361.48,4,28.77,827.71,1
180,6,283.45,2,0,0,1
180,7,282.15,3,0,0,1
180,8,300.05,3,26.11,681.73,1
180,9,281.34,2,25.21,635.54,1
180,10,363.24,2,0,0,1
180,11,473.3,5,38.69,1496.92,1
180,12,383.7,3,0,0,1
181,1,211.44,1,0,0,1
181,2,327.28,2,30.48,929.03,1
181,3,476.74,2,43.03,1851.58,1
181,4,412.62,4,12.43,154.5,1
181,5,352.05,2,0,0,1
181,6,232.51,1,44.99,2024.1,1
181,7,193.95,1,0,0,1
181,8,183.47,2,0,0,1
181,9,280,1,0,0,1
181,10,244.26,2,0,0,1
181,11,243.85,2,0,0,1
181,12,305.67,5,47.78,2282.93,1
182,1,127.57,1,0,0,1
182,2,204.31,3,25.85,668.22,1
182,3,146.62,1,38.69,1496.92,1
182,4,0,0,0,0,0
182,5,0,0,0,0,0
182,6,0,0,38.8,1505.44,0
182,7,0,0,0,0,0
182,8,131.33,1,20.68,427.66,1
182,9,196.32,1,0,0,1
182,10,192.79,1,0,0,1
182,11,0,0,59.03,3484.54,0
182,12,0,0,0,0,0
183,1,103.42,1,11.48,131.79,1
183,2,215.44,1,43.92,1928.97,1
183,3,299.21,2,0,0,1
183,4,237.39,1,0,0,1
183,5,168.43,1,0,0,1
183,6,0,0,0,0,0
183,7,0,0,0,0,0
183,8,0,0,0,0,0
183,9,0,0,0,0,0
183,10,0,0,0,0,0
183,11,0,0,0,0,0
183,12,0,0,30.54,932.69,0
184,1,300.14,3,0,0,1
184,2,256.45,2,21.39,457.53,1
184,3,263.19,4,0,0,1
184,4,201.37,1,0,0,1
184,5,190.32,1,0,0,1
184,6,243.83,1,35.95,1292.4,1
184,7,194.49,1,0,0,1
184,8,228.53,2,34.8,1211.04,1
184,9,215.72,1,48.18,2321.31,1
184,10,174.6,4,0,0,1
184,11,274.91,2,17.05,290.7,1
184,12,261.16,5,0,0,1
185,1,284.05,2,0,0,1
185,2,0,0,0,0,0
185,3,0,0,25.22,636.05,0
185,4,0,0,0,0,0
185,5,0,0,0,0,0
185,6,0,0,45.69,2087.58,0
185,7,0,0,0,0,0
185,8,0,0,21.06,443.52,0
185,9,0,0,0,0,0
185,10,0,0,0,0,0
185,11,0,0,38.42,1476.1,0
185,12,0,0,32.18,1035.55,0
186,1,231.42,2,0,0,1
186,2,214.36,1,23.42,548.5,1
186,3,317.88,2,34.28,1175.12,1
186,4,319.27,2,0,0,1
186,5,266.62,4,32.33,1045.23,1
186,6,212.87,2,17.97,322.92,1
186,7,317.2,2,0,0,1
186,8,0,0,0,0,0
186,9,0,0,0,0,0
186,10,0,0,0,0,0
186,11,103.65,1,28.96,838.68,1
186,12,0,0,0,0,0
187,1,288.47,2,14.07,197.96,1
187,2,402.44,2,0,0,1
187,3,270.03,2,0,0,1
187,4,391.45,2,0,0,1
187,5,283.49,4,23.93,572.64,1
187,6,0,0,0,0,0
187,7,0,0,12.61,159.01,0
187,8,0,0,0,0,0
187,9,0,0,0,0,0
187,10,0,0,31.65,1001.72,0
187,11,0,0,59.19,3503.46,0
187,12,0,0,0,0,0
188,1,224.42,1,0,0,1
188,2,152.58,1,0,0,1
188,3,0,0,0,0,0
188,4,0,0,0,0,0
188,5,0,0,7.54,56.85,0
188,6,0,0,0,0,0
188,7,0,0,0,0,0
188,8,0,0,0,0,0
188,9,0,0,0,0,0
188,10,0,0,46.37,2150.18,0
188,11,0,0,54.61,2982.25,0
188,12,0,0,0,0,0
189,1,280.34,1,13.86,192.1,1
189,2,0,0,0,0,0
189,3,0,0,0,0,0
189,4,51.96,1,0,0,1
189,5,0,0,0,0,0
189,6,44.17,1,0,0,1
189,7,0,0,56.01,3137.12,0
189,8,0,0,41.19,1696.62,0
189,9,0,0,11.45,131.1,0
189,10,0,0,0,0,0
189,11,0,0,7.52,56.55,0
189,12,0,0,52.75,2782.56,0
190,1,122.37,1,0,0,1
190,2,194.21,2,27.83,774.51,1
190,3,325.45,2,23.8,566.44,1
190,4,463.42,2,11.38,129.5,1
190,5,287.44,2,58.92,3471.57,1
190,6,370.22,5,0,0,1
190,7,227.38,3,7.74,59.91,1
190,8,219.93,1,10.42,108.58,1
190,9,191.9,1,0,0,1
190,10,170.28,1,0,0,1
190,11,183.48,3,35.06,1229.2,1
190,12,261.36,5,22.77,518.47,1
191,1,355.61,2,15.43,238.08,1
191,2,0,0,0,0,0
191,3,0,0,0,0,0
191,4,0,0,4.57,20.88,0
191,5,0,0,10.33,106.71,0
191,6,0,0,12.16,147.87,0
191,7,0,0,44.69,1997.2,0
191,8,0,0,0,0,0
191,9,0,0,0,0,0
191,10,0,0,46.54,2165.97,0
191,11,0,0,0,0,0
191,12,0,0,0,0,0
192,1,288.89,2,14.93,222.9,1
192,2,227.01,1,0,0,1
192,3,329.07,4,0,0,1
192,4,422.85,4,0,0,1
192,5,247.67,1,0,0,1
192,6,0,0,0,0,0
192,7,0,0,0,0,0
192,8,0,0,0,0,0
192,9,0,0,0,0,0
192,10,0,0,51.01,2602.02,0
192,11,0,0,41.09,1688.39,0
192,12,0,0,0,0,0
193,1,266.39,1,0,0,1
193,2,273.65,2,0,0,1
193,3,0,0,49.38,2438.38,0
193,4,0,0,28.93,836.94,0
193,5,0,0,0,0,0
193,6,0,0,0,0,0
193,7,0,0,0,0,0
193,8,0,0,0,0,0
193,9,0,0,10.81,116.86,0
193,10,0,0,58.84,3462.15,0
193,11,0,0,0,0,0
193,12,0,0,0,0,0
194,1,163.41,1,0,0,1
194,2,243.14,1,0,0,1
194,3,171.01,1,23.13,535,1
194,4,225.73,1,49.7,2470.09,1
194,5,201.84,1,39.54,1563.41,1
194,6,207.89,1,46.6,2171.56,1
194,7,338.97,2,0,0,1
194,8,246.02,1,33.4,1115.56,1
194,9,269.94,1,23.14,535.46,1
194,10,221.33,1,25.26,638.07,1
194,11,328.1,1,0,0,1
194,12,264.55,3,0,0,1
195,1,143.85,1,15.03,225.9,1
195,2,0,0,34.35,1179.92,0
195,3,0,0,0,0,0
195,4,0,0,0,0,0
195,5,0,0,0,0,0
195,6,0,0,11.93,142.32,0
195,7,0,0,17.25,297.56,0
195,8,0,0,38.72,1499.24,0
195,9,0,0,0,0,0
195,10,0,0,0,0,0
195,11,0,0,0,0,0
195,12,112.35,1,6.2,38.44,1
196,1,285.95,4,0,0,1
196,2,234.85,3,0,0,1
196,3,248.43,4,33.24,1104.9,1
196,4,275.96,4,16.51,272.58,1
196,5,195.89,1,50.46,2546.21,1
196,6,0,0,38.65,1493.82,0
196,7,0,0,0,0,0
196,8,0,0,44.1,1944.81,0
196,9,0,0,0,0,0
196,10,0,0,26.51,702.78,0
196,11,0,0,0,0,0
196,12,0,0,20.78,431.81,0
197,1,148.63,1,0,0,1
197,2,264.87,2,23.34,544.76,1
197,3,270.2,3,0,0,1
197,4,395.28,3,0,0,1
197,5,386.32,4,0,0,1
197,6,441.13,4,7.79,60.68,1
197,7,595.38,3,0,0,1
197,8,429.43,3,0,0,1
197,9,322.81,3,0,0,1
197,10,253.17,4,0,0,1
197,11,249.34,3,12.35,152.52,1
197,12,422.74,5,0,0,1
198,1,275.51,3,0,0,1
198,2,286.7,2,0,0,1
198,3,407.76,5,0,0,1
198,4,263.4,4,49.84,2484.03,1
198,5,267.56,3,48.62,2363.9,1
198,6,226.36,2,0,0,1
198,7,286.85,2,17.88,319.69,1
198,8,239.97,2,29.75,885.06,1
198,9,181.08,2,0,0,1
198,10,230.09,2,19.45,378.3,1
198,11,196.83,2,0,0,1
198,12,317.02,3,47.14,2222.18,1
199,1,195.28,1,39.96,1596.8,1
199,2,199.62,1,32.32,1044.58,1
199,3,292.27,1,0,0,1
199,4,249.74,1,8.23,67.73,1
199,5,195.62,1,0,0,1
199,6,287.31,2,24.91,620.51,1
199,7,390.38,2,0,0,1
199,8,273.22,2,13.45,180.9,1
199,9,146.69,1,0,0,1
199,10,172.7,1,0,0,1
199,11,236.76,1,32.76,1073.22,1
199,12,203.19,1,0,0,1
200,1,58.54,1,55.94,3129.28,1
200,2,126.88,1,41.36,1710.65,1
200,3,247.1,2,0,0,1
200,4,204.81,4,0,0,1
200,5,235.01,5,0,0,1
200,6,370.44,2,28.43,808.26,1
200,7,195.62,5,48.26,2329.03,1
200,8,0,0,0,0,0
200,9,0,0,0,0,0
200,10,0,0,0,0,0
200,11,0,0,0,0,0
200,12,0,0,45.54,2073.89,0
201,1,227.47,1,0,0,1
201,2,358.04,2,17.65,311.52,1
201,3,180.08,2,0,0,1
201,4,278.43,3,36.44,1327.87,1
201,5,272.97,1,0,0,1
201,6,248.36,1,0,0,1
201,7,191.06,1,0,0,1
201,8,257.24,1,0,0,1
201,9,0,0,0,0,0
201,10,0,0,35.49,1259.54,0
201,11,0,0,36.43,1327.14,0
201,12,0,0,18.5,342.25,0
202,1,218.7,1,0,0,1
202,2,219.41,1,26.2,686.44,1
202,3,275.49,4,0,0,1
202,4,331.16,5,6.52,42.51,1
202,5,273.57,2,19.34,374.04,1
202,6,262.32,1,18.89,356.83,1
202,7,234.99,4,0,0,1
202,8,265.86,1,0,0,1
202,9,269.74,2,53.75,2889.06,1
202,10,180.51,1,37.22,1385.33,1
202,11,295.08,2,0,0,1
202,12,405.41,2,0,0,1
203,1,254.65,2,0,0,1
203,2,331.52,2,0,0,1
203,3,310.92,4,18.73,350.81,1
203,4,276.9,1,28.24,797.5,1
203,5,269.26,2,49.11,2411.79,1
203,6,370.82,2,37.32,1392.78,1
203,7,266.92,2,2.65,7.02,1
203,8,256.14,1,0,0,1
203,9,367.8,5,22.02,484.88,1
203,10,298.66,2,0,0,1
203,11,234.89,1,30.51,930.86,1
203,12,180.12,1,0,0,1
204,1,213.89,1,44.16,1950.11,1
204,2,191.96,1,5.47,29.92,1
204,3,202.8,1,22.88,523.49,1
204,4,232.12,1,49.67,2467.11,1
204,5,196.27,1,26.7,712.89,1
204,6,222.53,1,0,0,1
204,7,240.09,1,37.4,1398.76,1
204,8,223.44,1,40.54,1643.49,1
204,9,211.1,1,0,0,1
204,10,0,0,0,0,0
204,11,0,0,0,0,0
204,12,0,0,13.36,178.49,0
205,1,237.18,1,0,0,1
205,2,0,0,0,0,0
205,3,0,0,0,0,0
205,4,0,0,0,0,0
205,5,0,0,51.76,2679.1,0
205,6,0,0,0,0,0
205,7,0,0,35.76,1278.78,0
205,8,0,0,0,0,0
205,9,0,0,0,0,0
205,10,85.1,1,16.03,256.96,1
205,11,112.26,1,0,0,1
205,12,201.15,1,22.54,508.05,1
206,1,128.1,1,0,0,1
206,2,0,0,41.23,1699.91,0
206,3,0,0,0,0,0
206,4,0,0,48.75,2376.56,0
206,5,0,0,22.8,519.84,0
206,6,136.47,1,10.42,108.58,1
206,7,277.11,2,0,0,1
206,8,289.12,4,25.64,657.41,1
206,9,447.84,2,0,0,1
206,10,310.48,3,24.8,615.04,1
206,11,344.6,2,0,0,1
206,12,457.38,2,0,0,1
207,1,60.67,1,26.16,684.35,1
207,2,0,0,44.35,1966.92,0
207,3,0,0,0,0,0
207,4,0,0,32.1,1030.41,0
207,5,0,0,0,0,0
207,6,0,0,0,0,0
207,7,0,0,0,0,0
207,8,0,0,0,0,0
207,9,0,0,33.31,1109.56,0
207,10,0,0,28.84,831.75,0
207,11,0,0,43.54,1895.73,0
207,12,0,0,16.74,280.23,0
208,1,165.47,1,0,0,1
208,2,220.77,1,0,0,1
208,3,221.28,1,0,0,1
208,4,173.82,1,0,0,1
208,5,268.05,1,0,0,1
208,6,296.1,2,9.19,84.46,1
208,7,370.12,3,46.16,2130.75,1
208,8,453.02,2,0,0,1
208,9,301.61,5,0,0,1
208,10,0,0,0,0,0
208,11,0,0,45.51,2071.16,0
208,12,0,0,0,0,0
209,1,229.07,2,48.8,2381.44,1
209,2,209.35,3,34.78,1209.65,1
209,3,182.49,1,0,0,1
209,4,198.13,4,0,0,1
209,5,215.46,1,0,0,1
209,6,304.46,2,0,0,1
209,7,343.49,4,0,0,1
209,8,249.37,1,0,0,1
209,9,367.87,2,0,0,1
209,10,313.48,2,23.66,559.8,1
209,11,363.53,2,42.05,1768.2,1
209,12,244.02,3,0,0,1
210,1,245.59,1,0,0,1
210,2,270.72,1,0,0,1
210,3,285.55,1,0,0,1
210,4,435.53,5,0,0,1
210,5,0,0,0,0,0
210,6,0,0,6.21,38.56,0
210,7,0,0,0,0,0
210,8,0,0,0,0,0
210,9,103.06,1,27.23,741.47,1
210,10,0,0,0,0,0
210,11,0,0,0,0,0
210,12,0,0,6.05,36.6,0
211,1,232.09,1,37.19,1383.1,1
211,2,210.47,1,0,0,1
211,3,0,0,0,0,0
211,4,0,0,15.29,233.78,0
211,5,0,0,14.66,214.92,0
211,6,0,0,22.41,502.21,0
211,7,0,0,0,0,0
211,8,0,0,43.27,1872.29,0
211,9,0,0,0,0,0
211,10,0,0,29.01,841.58,0
211,11,0,0,12.38,153.26,0
211,12,0,0,0,0,0
212,1,273.45,2,0,0,1
212,2,400.01,4,0,0,1
212,3,487.22,4,0,0,1
212,4,287.58,2,0,0,1
212,5,288.32,2,18.94,358.72,1
212,6,473.75,2,0,0,1
212,7,575.99,3,0,0,1
212,8,681.18,3,44.57,1986.48,1
212,9,345.69,3,0,0,1
212,10,303.94,5,0,0,1
212,11,445.48,2,0,0,1
212,12,548.52,2,33.09,1094.95,1
213,1,280.97,2,0,0,1
213,2,241.16,3,18.1,327.61,1
213,3,169.25,1,7.33,53.73,1
213,4,226.05,3,34.07,1160.76,1
213,5,307.24,5,0,0,1
213,6,255.95,2,18.51,342.62,1
213,7,242.71,2,22.97,527.62,1
213,8,355.96,2,38.8,1505.44,1
213,9,266.8,2,0,0,1
213,10,0,0,38.05,1447.8,0
213,11,0,0,0,0,0
213,12,0,0,11.83,139.95,0
214,1,248.34,4,13.86,192.1,1
214,2,381.94,2,0,0,1
214,3,474.11,2,51.1,2611.21,1
214,4,290.28,4,26.94,725.76,1
214,5,275.62,2,22.59,510.31,1
214,6,265.67,4,0,0,1
214,7,0,0,0,0,0
214,8,0,0,0,0,0
214,9,0,0,0,0,0
214,10,0,0,0,0,0
214,11,0,0,0,0,0
214,12,0,0,0,0,0
215,1,210.14,1,0,0,1
215,2,172.75,1,0,0,1
215,3,212.54,1,0,0,1
215,4,306.62,1,12.81,164.1,1
215,5,227.68,1,0,0,1
215,6,0,0,45.29,2051.18,0
215,7,0,0,36.77,1352.03,0
215,8,0,0,0,0,0
215,9,0,0,10.42,108.58,0
215,10,0,0,0,0,0
215,11,0,0,0,0,0
215,12,0,0,50.03,2503,0
216,1,140.64,1,58.6,3433.96,1
216,2,186.11,1,37.3,1391.29,1
216,3,211.56,1,46.19,2133.52,1
216,4,197.12,1,13.6,184.96,1
216,5,0,0,0,0,0
216,6,0,0,0,0,0
216,7,0,0,0,0,0
216,8,0,0,0,0,0
216,9,0,0,17.59,309.41,0
216,10,0,0,34.01,1156.68,0
216,11,0,0,49.18,2418.67,0
216,12,0,0,43.44,1887.03,0
217,1,202.47,1,46.32,2145.54,1
217,2,274.46,1,0,0,1
217,3,204.18,1,0,0,1
217,4,322.31,2,0,0,1
217,5,286.47,1,0,0,1
217,6,381.01,2,0,0,1
217,7,325.67,2,0,0,1
217,8,250.78,1,11.87,140.9,1
217,9,200.28,3,0,0,1
217,10,0,0,45.34,2055.72,0
217,11,0,0,0,0,0
217,12,0,0,40.66,1653.24,0
218,1,167.75,1,44.66,1994.52,1
218,2,0,0,0,0,0
218,3,0,0,0,0,0
218,4,0,0,0,0,0
218,5,0,0,0,0,0
218,6,0,0,42.34,1792.68,0
218,7,0,0,0,0,0
218,8,115.73,1,12.59,158.51,1
218,9,204.7,1,14.92,222.61,1
218,10,244.7,1,19.11,365.19,1
218,11,0,0,5.73,32.83,0
218,12,0,0,32.82,1077.15,0
219,1,71.17,1,0,0,1
219,2,0,0,0,0,0
219,3,0,0,0,0,0
219,4,123.95,1,0,0,1
219,5,0,0,0,0,0
219,6,0,0,0,0,0
219,7,103.65,1,36.83,1356.45,1
219,8,157.63,1,11.16,124.55,1
219,9,154.47,1,0,0,1
219,10,138.69,1,0,0,1
219,11,0,0,0,0,0
219,12,0,0,0,0,0
220,1,222.36,2,0,0,1
220,2,172.41,1,35.81,1282.36,1
220,3,0,0,0,0,0
220,4,0,0,0,0,0
220,5,0,0,0,0,0
220,6,0,0,0,0,0
220,7,0,0,27.2,739.84,0
220,8,0,0,0,0,0
220,9,0,0,0,0,0
220,10,0,0,0,0,0
220,11,0,0,10.8,116.64,0
220,12,0,0,0,0,0
221,1,199.45,1,13.25,175.56,1
221,2,311.79,5,25.87,669.26,1
221,3,199.34,1,21.92,480.49,1
221,4,183.89,1,0,0,1
221,5,148.69,1,50.71,2571.5,1
221,6,219.86,1,0,0,1
221,7,196.06,2,0,0,1
221,8,0,0,0,0,0
221,9,0,0,28.81,830.02,0
221,10,0,0,0,0,0
221,11,0,0,51.51,2653.28,0
221,12,0,0,0,0,0
222,1,130.2,1,0,0,1
222,2,0,0,54.15,2932.22,0
222,3,0,0,57.64,3322.37,0
222,4,0,0,0,0,0
222,5,0,0,0,0,0
222,6,0,0,0,0,0
222,7,0,0,0,0,0
222,8,148.93,1,19.72,388.88,1
222,9,181.21,1,0,0,1
222,10,243.5,1,0,0,1
222,11,255.34,1,0,0,1
222,12,275.25,1,0,0,1
223,1,154.08,1,0,0,1
223,2,0,0,0,0,0
223,3,0,0,19.9,396.01,0
223,4,0,0,0,0,0
223,5,0,0,29.87,892.22,0
223,6,0,0,0,0,0
223,7,0,0,0,0,0
223,8,0,0,0,0,0
223,9,0,0,0,0,0
223,10,0,0,0,0,0
223,11,0,0,0,0,0
223,12,115.77,1,0,0,1
224,1,269.58,3,0,0,1
224,2,218.6,2,0,0,1
224,3,292.47,3,48.78,2379.49,1
224,4,308.53,4,0,0,1
224,5,436.76,2,0,0,1
224,6,347.7,5,0,0,1
224,7,452.37,4,0,0,1
224,8,240.77,2,0,0,1
224,9,263.64,2,0,0,1
224,10,150.82,1,50.48,2548.23,1
224,11,266.37,2,0,0,1
224,12,393.42,2,0,0,1
225,1,165.47,2,0,0,1
225,2,248.99,2,0,0,1
225,3,261.03,4,0,0,1
225,4,212.71,1,23.09,533.15,1
225,5,232.72,2,28.61,818.53,1
225,6,0,0,30.87,952.96,0
225,7,0,0,0,0,0
225,8,0,0,0,0,0
225,9,0,0,0,0,0
225,10,0,0,50.22,2522.05,0
225,11,0,0,0,0,0
225,12,0,0,0,0,0
226,1,215.63,1,26.23,688.01,1
226,2,194.42,1,32.44,1052.35,1
226,3,300.48,3,0,0,1
226,4,229.71,1,0,0,1
226,5,229.15,1,12.71,161.54,1
226,6,360.36,2,0,0,1
226,7,299.3,1,0,0,1
226,8,217.19,3,0,0,1
226,9,265.63,2,0,0,1
226,10,454.51,4,16.77,281.23,1
226,11,341.86,4,0,0,1
226,12,484.59,2,23.22,539.17,1
227,1,276.95,3,0,0,1
227,2,298.62,4,0,0,1
227,3,0,0,55.62,3093.58,0
227,4,117.13,1,0,0,1
227,5,246.84,1,9.95,99,1
227,6,241.78,2,35.46,1257.41,1
227,7,177.1,1,0,0,1
227,8,342.27,2,22.33,498.63,1
227,9,311.2,2,51.54,2656.37,1
227,10,437.72,2,0,0,1
227,11,298.23,4,0,0,1
227,12,235.49,2,44.29,1961.6,1
228,1,144.23,1,39.98,1598.4,1
228,2,225.91,1,0,0,1
228,3,0,0,0,0,0
228,4,0,0,0,0,0
228,5,0,0,41.54,1725.57,0
228,6,0,0,0,0,0
228,7,0,0,0,0,0
228,8,0,0,0,0,0
228,9,0,0,0,0,0
228,10,0,0,48.6,2361.96,0
228,11,0,0,0,0,0
228,12,0,0,0,0,0
229,1,58.87,1,50.74,2574.55,1
229,2,0,0,24.86,618.02,0
229,3,0,0,41.53,1724.74,0
229,4,0,0,0,0,0
229,5,0,0,0,0,0
229,6,0,0,0,0,0
229,7,0,0,0,0,0
229,8,0,0,51.79,2682.2,0
229,9,0,0,0,0,0
229,10,0,0,0,0,0
229,11,0,0,0,0,0
229,12,0,0,15.25,232.56,0
230,1,159.14,1,0,0,1
230,2,0,0,0,0,0
230,3,0,0,20.75,430.56,0
230,4,0,0,0,0,0
230,5,0,0,0,0,0
230,6,0,0,0,0,0
230,7,0,0,37.3,1391.29,0
230,8,0,0,38.41,1475.33,0
230,9,0,0,0,0,0
230,10,79.93,1,46.6,2171.56,1
230,11,140.04,1,0,0,1
230,12,149.51,1,0,0,1
231,1,207.37,1,0,0,1
231,2,358.06,2,33.4,1115.56,1
231,3,415.77,2,0,0,1
231,4,306.45,4,37.62,1415.26,1
231,5,300.5,2,27.86,776.18,1
231,6,309.77,4,39.29,1543.7,1
231,7,231.35,1,0,0,1
231,8,352.47,2,0,0,1
231,9,288.83,3,22.3,497.29,1
231,10,0,0,0,0,0
231,11,0,0,0,0,0
231,12,0,0,8.5,72.25,0
232,1,120.23,1,36.48,1330.79,1
232,2,135.19,1,0,0,1
232,3,145.6,1,37.15,1380.12,1
232,4,157.06,1,37.49,1405.5,1
232,5,205.28,1,0,0,1
232,6,0,0,0,0,0
232,7,0,0,0,0,0
232,8,0,0,42.61,1815.61,0
232,9,0,0,26.27,690.11,0
232,10,0,0,48.27,2329.99,0
232,11,0,0,0,0,0
232,12,0,0,38.86,1510.1,0
233,1,164.95,1,0,0,1
233,2,286.45,2,0,0,1
233,3,248.81,2,33,1089,1
233,4,0,0,0,0,0
233,5,0,0,0,0,0
233,6,0,0,0,0,0
233,7,0,0,46.34,2147.4,0
233,8,0,0,0,0,0
233,9,0,0,51.95,2698.8,0
233,10,0,0,0,0,0
233,11,0,0,0,0,0
233,12,108.12,1,12.61,159.01,1
234,1,68.58,1,18.23,332.33,1
234,2,0,0,45,2025,0
234,3,0,0,0,0,0
234,4,0,0,0,0,0
234,5,0,0,0,0,0
234,6,0,0,0,0,0
234,7,0,0,0,0,0
234,8,0,0,0,0,0
234,9,0,0,30.78,947.41,0
234,10,142.93,1,23.29,542.42,1
234,11,265.81,2,37.83,1431.11,1
234,12,237.42,1,0,0,1
235,1,57.74,1,0,0,1
235,2,0,0,0,0,0
235,3,106.51,1,3.53,12.46,1
235,4,0,0,43.31,1875.76,0
235,5,0,0,0,0,0
235,6,0,0,0,0,0
235,7,0,0,0,0,0
235,8,0,0,0,0,0
235,9,0,0,0,0,0
235,10,0,0,0,0,0
235,11,0,0,0,0,0
235,12,88.82,1,5.79,33.52,1
236,1,111.37,1,0,0,1
236,2,0,0,0,0,0
236,3,0,0,27,729,0
236,4,0,0,0,0,0
236,5,0,0,17.61,310.11,0
236,6,96.14,1,28.23,796.93,1
236,7,0,0,0,0,0
236,8,0,0,18.95,359.1,0
236,9,0,0,46.69,2179.96,0
236,10,0,0,0,0,0
236,11,0,0,0,0,0
236,12,0,0,0,0,0
237,1,197.6,1,0,0,1
237,2,187.61,1,0,0,1
237,3,177.46,1,0,0,1
237,4,238.83,1,34.74,1206.87,1
237,5,319.73,1,49.11,2411.79,1
237,6,256.98,1,31.87,1015.7,1
237,7,211.94,1,0,0,1
237,8,275.31,1,15.79,249.32,1
237,9,180.13,1,0,0,1
237,10,0,0,0,0,0
237,11,0,0,52.4,2745.76,0
237,12,0,0,0,0,0
238,1,351.07,2,12.67,160.53,1
238,2,420.76,3,49.77,2477.05,1
238,3,268.32,2,0,0,1
238,4,201.91,1,33.4,1115.56,1
238,5,284.6,1,7.57,57.3,1
238,6,295.65,2,0,0,1
238,7,228.93,2,36.86,1358.66,1
238,8,223.12,2,0,0,1
238,9,213.28,1,0,0,1
238,10,315.91,2,34.61,1197.85,1
238,11,272.51,4,0,0,1
238,12,201.25,1,0,0,1
239,1,209.33,1,21.76,473.5,1
239,2,200.54,1,38.02,1445.52,1
239,3,196.15,3,0,0,1
239,4,0,0,37.8,1428.84,0
239,5,0,0,0,0,0
239,6,0,0,0,0,0
239,7,0,0,44.23,1956.29,0
239,8,0,0,0,0,0
239,9,0,0,44.91,2016.91,0
239,10,0,0,23.96,574.08,0
239,11,0,0,0,0,0
239,12,0,0,14.45,208.8,0
240,1,136.63,4,0,0,1
240,2,252.12,4,0,0,1
240,3,270.24,2,0,0,1
240,4,253.73,3,30.87,952.96,1
240,5,260.08,3,30.94,957.28,1
240,6,340.03,4,4.23,17.89,1
240,7,182.96,2,0,0,1
240,8,0,0,0,0,0
240,9,0,0,45.87,2104.06,0
240,10,0,0,19.32,373.26,0
240,11,0,0,27.1,734.41,0
240,12,0,0,0,0,0
241,1,248.84,2,0,0,1
241,2,223.57,2,30.54,932.69,1
241,3,0,0,0,0,0
241,4,0,0,28.15,792.42,0
241,5,0,0,0,0,0
241,6,0,0,0,0,0
241,7,0,0,0,0,0
241,8,0,0,0,0,0
241,9,0,0,0,0,0
241,10,0,0,35.51,1260.96,0
241,11,0,0,0,0,0
241,12,0,0,0,0,0
242,1,68.1,1,18.73,350.81,1
242,2,0,0,0,0,0
242,3,0,0,0,0,0
242,4,0,0,0,0,0
242,5,0,0,35.33,1248.21,0
242,6,0,0,0,0,0
242,7,0,0,15.3,234.09,0
242,8,0,0,0,0,0
242,9,0,0,0,0,0
242,10,0,0,0,0,0
242,11,0,0,0,0,0
242,12,0,0,45.57,2076.62,0
243,1,183.63,1,10.91,119.03,1
243,2,0,0,0,0,0
243,3,0,0,0,0,0
243,4,0,0,0,0,0
243,5,0,0,0,0,0
243,6,0,0,0,0,0
243,7,0,0,31.68,1003.62,0
243,8,0,0,17.86,318.98,0
243,9,0,0,0,0,0
243,10,0,0,28.01,784.56,0
243,11,0,0,0,0,0
243,12,0,0,0,0,0
244,1,254.67,2,0,0,1
244,2,392.65,2,27.44,752.95,1
244,3,289.32,3,12.43,154.5,1
244,4,176.27,1,0,0,1
244,5,284.42,1,36,1296,1
244,6,195.28,1,8.45,71.4,1
244,7,188.99,2,0,0,1
244,8,280.36,3,17.36,301.37,1
244,9,273.63,2,6.41,41.09,1
244,10,226.76,2,39.16,1533.51,1
244,11,239.38,1,17.69,312.94,1
244,12,288.97,2,0,0,1
245,1,212.59,2,0,0,1
245,2,127.42,1,30.08,904.81,1
245,3,220.17,3,0,0,1
245,4,250.06,1,23.4,547.56,1
245,5,322.79,2,0,0,1
245,6,258.79,4,0,0,1
245,7,0,0,53.47,2859.04,0
245,8,0,0,48.6,2361.96,0
245,9,0,0,0,0,0
245,10,0,0,0,0,0
245,11,0,0,60.33,3639.71,0
245,12,0,0,0,0,0
246,1,185.32,1,0,0,1
246,2,0,0,0,0,0
246,3,0,0,0,0,0
246,4,0,0,0,0,0
246,5,0,0,46.7,2180.89,0
246,6,0,0,0,0,0
246,7,0,0,7.22,52.13,0
246,8,0,0,0,0,0
246,9,0,0,0,0,0
246,10,0,0,0,0,0
246,11,0,0,33.66,1133,0
246,12,0,0,0,0,0
247,1,86.03,1,0,0,1
247,2,123.65,1,0,0,1
247,3,216.93,2,24.77,613.55,1
247,4,0,0,0,0,0
247,5,0,0,0,0,0
247,6,0,0,38.42,1476.1,0
247,7,0,0,0,0,0
247,8,0,0,0,0,0
247,9,0,0,26.93,725.22,0
247,10,0,0,54.67,2988.81,0
247,11,0,0,53.09,2818.55,0
247,12,0,0,25.02,626,0
248,1,209.46,1,0,0,1
248,2,234.65,2,9.58,91.78,1
248,3,222.29,4,8.95,80.1,1
248,4,229.53,5,28.02,785.12,1
248,5,0,0,0,0,0
248,6,0,0,44.6,1989.16,0
248,7,0,0,17.08,291.73,0
248,8,0,0,0,0,0
248,9,0,0,31.86,1015.06,0
248,10,0,0,31.52,993.51,0
248,11,0,0,0,0,0
248,12,0,0,15.62,243.98,0
249,1,211.47,1,18.59,345.59,1
249,2,326.82,2,0,0,1
249,3,238.51,1,24.41,595.85,1
249,4,204.3,1,0,0,1
249,5,213.81,1,0,0,1
249,6,207.99,1,0,0,1
249,7,129.38,1,0,0,1
249,8,141.43,1,0,0,1
249,9,169.73,1,45.07,2031.3,1
249,10,0,0,39.22,1538.21,0
249,11,0,0,23.13,535,0
249,12,0,0,0,0,0
250,1,345.69,4,0,0,1
250,2,259.45,4,14.55,211.7,1
250,3,247.43,1,0,0,1
250,4,209.64,1,45.94,2110.48,1
250,5,119.15,1,47.28,2235.4,1
250,6,155.51,1,0,0,1
250,7,179.06,1,51.16,2617.35,1
250,8,169.85,1,9.06,82.08,1
250,9,226.17,1,0,0,1
250,10,214.97,1,0,0,1
250,11,152.95,1,15.08,227.41,1
250,12,164.98,1,20.84,434.31,1
251,1,192.67,1,40.38,1630.54,1
251,2,0,0,10.52,110.67,0
251,3,0,0,0,0,0
251,4,0,0,0,0,0
251,5,151.36,1,21.67,469.59,1
251,6,202.1,2,0,0,1
251,7,117.33,1,9.37,87.8,1
251,8,206.16,2,27.35,748.02,1
251,9,288.69,2,0,0,1
251,10,343.67,2,0,0,1
251,11,288.91,2,47.02,2210.88,1
251,12,224.88,1,0,0,1
252,1,214.23,1,39.38,1550.78,1
252,2,323.32,1,0,0,1
252,3,227.85,1,52.06,2710.24,1
252,4,184.62,1,0,0,1
252,5,198.08,1,15.81,249.96,1
252,6,217.85,1,32.39,1049.11,1
252,7,260.48,1,52.13,2717.54,1
252,8,165.59,1,0,0,1
252,9,176.81,1,0,0,1
252,10,0,0,0,0,0
252,11,0,0,51.64,2666.69,0
252,12,0,0,0,0,0
253,1,182.2,1,45.13,2036.72,1
253,2,0,0,0,0,0
253,3,0,0,8.58,73.62,0
253,4,0,0,0,0,0
253,5,0,0,18.3,334.89,0
253,6,0,0,0,0,0
253,7,0,0,0,0,0
253,8,0,0,0,0,0
253,9,0,0,0,0,0
253,10,0,0,27.49,755.7,0
253,11,0,0,48.91,2392.19,0
253,12,0,0,9.85,97.02,0
254,1,343.71,2,0,0,1
254,2,330.76,5,30.79,948.02,1
254,3,229.81,1,0,0,1
254,4,228.1,2,45,2025,1
254,5,301.02,2,0,0,1
254,6,292.79,4,0,0,1
254,7,307.92,2,0,0,1
254,8,286.5,3,14.82,219.63,1
254,9,204.91,5,0,0,1
254,10,339.06,2,0,0,1
254,11,297.37,4,0,0,1
254,12,292.46,2,0,0,1
255,1,140.23,1,37.2,1383.84,1
255,2,217.35,2,12.45,155,1
255,3,217.65,2,0,0,1
255,4,197.52,2,0,0,1
255,5,237.57,2,21.2,449.44,1
255,6,329.64,2,0,0,1
255,7,282.24,5,0,0,1
255,8,242.97,3,0,0,1
255,9,0,0,0,0,0
255,10,0,0,0,0,0
255,11,0,0,0,0,0
255,12,0,0,0,0,0
256,1,83.14,1,0,0,1
256,2,0,0,0,0,0
256,3,0,0,0,0,0
256,4,0,0,22.36,499.97,0
256,5,0,0,0,0,0
256,6,0,0,0,0,0
256,7,0,0,0,0,0
256,8,0,0,42.39,1796.91,0
256,9,0,0,9.01,81.18,0
256,10,0,0,31.5,992.25,0
256,11,0,0,0,0,0
256,12,157.52,1,10.93,119.46,1
257,1,231.87,2,28.6,817.96,1
257,2,217.27,4,0,0,1
257,3,218.28,2,0,0,1
257,4,385.79,2,41.68,1737.22,1
257,5,299.81,2,0,0,1
257,6,0,0,0,0,0
257,7,0,0,43.62,1902.7,0
257,8,0,0,0,0,0
257,9,0,0,0,0,0
257,10,0,0,0,0,0
257,11,0,0,50.6,2560.36,0
257,12,0,0,0,0,0
258,1,221.96,4,0,0,1
258,2,279.72,2,0,0,1
258,3,258,3,0,0,1
258,4,310.57,2,0,0,1
258,5,279.34,2,0,0,1
258,6,404.65,2,0,0,1
258,7,287.22,3,0,0,1
258,8,0,0,11.48,131.79,0
258,9,0,0,0,0,0
258,10,114.31,2,39.61,1568.95,1
258,11,0,0,50.55,2555.3,0
258,12,0,0,0,0,0
259,1,178.48,1,0,0,1
259,2,148.57,1,0,0,1
259,3,195.58,1,34.38,1181.98,1
259,4,0,0,0,0,0
259,5,0,0,0,0,0
259,6,0,0,28.01,784.56,0
259,7,0,0,29.82,889.23,0
259,8,99.16,1,17.44,304.15,1
259,9,0,0,0,0,0
259,10,0,0,0,0,0
259,11,89.53,1,0,0,1
259,12,198.51,1,0,0,1
260,1,92.39,1,0,0,1
260,2,0,0,0,0,0
260,3,0,0,0,0,0
260,4,0,0,35.51,1260.96,0
260,5,0,0,0,0,0
260,6,0,0,0,0,0
260,7,0,0,0,0,0
260,8,0,0,0,0,0
260,9,0,0,0,0,0
260,10,0,0,53.51,2863.32,0
260,11,0,0,46.37,2150.18,0
260,12,0,0,23.67,560.27,0
261,1,234.8,1,19.62,384.94,1
261,2,221.99,1,29,841,1
261,3,290.25,1,44.79,2006.14,1
261,4,363.25,2,41.59,1729.73,1
261,5,222.2,1,0,0,1
261,6,215.25,1,0,0,1
261,7,0,0,13.84,191.55,0
261,8,0,0,9.45,89.3,0
261,9,0,0,0,0,0
261,10,0,0,0,0,0
261,11,0,0,56.25,3164.06,0
261,12,0,0,37.24,1386.82,0
262,1,199.63,1,11.74,137.83,1
262,2,146.96,1,50.88,2588.77,1
262,3,172.45,1,60.03,3603.6,1
262,4,0,0,0,0,0
262,5,0,0,13.36,178.49,0
262,6,0,0,0,0,0
262,7,0,0,34.13,1164.86,0
262,8,0,0,0,0,0
262,9,0,0,0,0,0
262,10,0,0,0,0,0
262,11,0,0,0,0,0
262,12,0,0,5.66,32.04,0
263,1,55.61,1,24.67,608.61,1
263,2,165.05,1,0,0,1
263,3,159.19,1,44.62,1990.94,1
263,4,270.94,1,38.16,1456.19,1
263,5,207.63,1,14.77,218.15,1
263,6,0,0,46.62,2173.42,0
263,7,0,0,0,0,0
263,8,0,0,0,0,0
263,9,111.88,1,28.22,796.37,1
263,10,208.95,1,0,0,1
263,11,331.76,2,0,0,1
263,12,407.79,4,0,0,1
264,1,347.7,2,7.27,52.85,1
264,2,216.63,1,0,0,1
264,3,232.8,1,0,0,1
264,4,381.38,2,3.89,15.13,1
264,5,263.55,1,0,0,1
264,6,348.25,1,0,0,1
264,7,266.04,1,21.19,449.02,1
264,8,242.71,1,48.75,2376.56,1
264,9,296.32,1,0,0,1
264,10,453.11,3,0,0,1
264,11,276.74,5,22.02,484.88,1
264,12,0,0,0,0,0
265,1,198.39,4,0,0,1
265,2,185.54,3,0,0,1
265,3,232.85,1,0,0,1
265,4,269.26,4,24.9,620.01,1
265,5,258.58,3,0,0,1
265,6,212.32,1,41.86,1752.26,1
265,7,0,0,57.61,3318.91,0
265,8,0,0,0,0,0
265,9,0,0,0,0,0
265,10,0,0,35.84,1284.51,0
265,11,0,0,0,0,0
265,12,0,0,0,0,0
266,1,130.33,1,35.45,1256.7,1
266,2,0,0,0,0,0
266,3,0,0,0,0,0
266,4,0,0,0,0,0
266,5,0,0,0,0,0
266,6,0,0,7.94,63.04,0
266,7,0,0,0,0,0
266,8,159.33,1,22.8,519.84,1
266,9,226.53,1,32.91,1083.07,1
266,10,242.56,1,34.99,1224.3,1
266,11,232.47,1,0,0,1
266,12,202.2,1,0,0,1
267,1,40.12,1,0,0,1
267,2,181.78,1,31.67,1002.99,1
267,3,220.62,5,37.21,1384.58,1
267,4,148.72,1,55.35,3063.62,1
267,5,187.76,1,0,0,1
267,6,0,0,0,0,0
267,7,0,0,41.04,1684.28,0
267,8,0,0,8.04,64.64,0
267,9,0,0,0,0,0
267,10,0,0,0,0,0
267,11,0,0,9.84,96.83,0
267,12,0,0,0,0,0
268,1,206.55,1,0,0,1
268,2,183.96,1,0,0,1
268,3,178,1,0,0,1
268,4,188.58,1,0,0,1
268,5,333.32,5,29.15,849.72,1
268,6,467.36,4,27.93,780.08,1
268,7,370.48,5,13.2,174.24,1
268,8,162.37,1,50.24,2524.06,1
268,9,151.23,1,0,0,1
268,10,0,0,0,0,0
268,11,0,0,0,0,0
268,12,0,0,0,0,0
269,1,305.2,3,53.85,2899.82,1
269,2,237.23,2,0,0,1
269,3,357.54,3,0,0,1
269,4,278.05,2,51.74,2677.03,1
269,5,196.65,1,20.51,420.66,1
269,6,245.16,1,24.77,613.55,1
269,7,289.71,2,10.18,103.63,1
269,8,358.6,3,51.1,2611.21,1
269,9,319.69,4,0,0,1
269,10,353.79,3,0,0,1
269,11,331.87,5,36.85,1357.92,1
269,12,243.55,1,39.27,1542.13,1
270,1,137.9,1,0,0,1
270,2,143.5,1,0,0,1
270,3,216.63,1,8.68,75.34,1
270,4,354.59,1,28.73,825.41,1
270,5,236.89,1,0,0,1
270,6,318.97,1,0,0,1
270,7,365.2,3,0,0,1
270,8,257.95,1,0,0,1
270,9,333.34,1,0,0,1
270,10,457.45,3,0,0,1
270,11,312.05,4,52.88,2796.29,1
270,12,424.2,2,35.75,1278.06,1
271,1,175.22,1,0,0,1
271,2,262.1,1,20.11,404.41,1
271,3,328.47,2,9.37,87.8,1
271,4,282.11,4,0,0,1
271,5,252.88,2,35.02,1226.4,1
271,6,196.13,1,8.78,77.09,1
271,7,176.84,1,0,0,1
271,8,225.06,1,0,0,1
271,9,297.17,2,50.8,2580.64,1
271,10,277.64,1,35.78,1280.21,1
271,11,200.53,1,34.24,1172.38,1
271,12,226.87,1,10.46,109.41,1
272,1,228.48,1,0,0,1
272,2,0,0,0,0,0
272,3,0,0,0,0,0
272,4,0,0,24.57,603.68,0
272,5,0,0,36.76,1351.3,0
272,6,0,0,25.47,648.72,0
272,7,0,0,32.91,1083.07,0
272,8,0,0,0,0,0
272,9,0,0,0,0,0
272,10,0,0,37.03,1371.22,0
272,11,0,0,47.71,2276.24,0
272,12,0,0,0,0,0
273,1,271.09,1,0,0,1
273,2,245.5,1,0,0,1
273,3,278.99,1,54.46,2965.89,1
273,4,202,1,0,0,1
273,5,184.64,1,0,0,1
273,6,176.36,1,37.08,1374.93,1
273,7,281.71,1,16.91,285.95,1
273,8,212.65,3,22.84,521.67,1
273,9,177.57,1,0,0,1
273,10,0,0,0,0,0
273,11,0,0,0,0,0
273,12,0,0,0,0,0
274,1,171.01,1,41.79,1746.4,1
274,2,170.58,1,0,0,1
274,3,297.89,4,0,0,1
274,4,207.58,2,0,0,1
274,5,278.32,4,11.48,131.79,1
274,6,276.35,2,0,0,1
274,7,379.94,4,0,0,1
274,8,303.03,3,0,0,1
274,9,285.01,1,0,0,1
274,10,421.93,5,21.06,443.52,1
274,11,292.26,2,42.37,1795.22,1
274,12,405.1,2,0,0,1
275,1,183.44,1,20.17,406.83,1
275,2,0,0,0,0,0
275,3,0,0,0,0,0
275,4,0,0,0,0,0
275,5,0,0,6.02,36.24,0
275,6,0,0,0,0,0
275,7,71.38,1,34.56,1194.39,1
275,8,105.55,1,51.4,2641.96,1
275,9,121.1,1,0,0,1
275,10,0,0,54.85,3008.52,0
275,11,0,0,17.2,295.84,0
275,12,0,0,0,0,0
276,1,317.11,1,0,0,1
276,2,302.93,1,0,0,1
276,3,288.66,1,49.45,2445.3,1
276,4,235.34,1,0,0,1
276,5,260.34,2,47.63,2268.62,1
276,6,202.69,1,46.8,2190.24,1
276,7,210.27,1,0,0,1
276,8,317.44,3,35.24,1241.86,1
276,9,313.69,4,0,0,1
276,10,381.7,1,52.77,2784.67,1
276,11,352.69,2,20.8,432.64,1
276,12,302.04,5,7.64,58.37,1
277,1,291.82,1,0,0,1
277,2,362.09,2,8.57,73.44,1
277,3,514.93,2,0,0,1
277,4,382.75,5,0,0,1
277,5,251.31,1,28.44,808.83,1
277,6,294.86,3,18.98,360.24,1
277,7,292.06,1,0,0,1
277,8,384.83,1,0,0,1
277,9,312.31,1,0,0,1
277,10,429.55,4,19.74,389.67,1
277,11,388.03,1,0,0,1
277,12,502.27,2,0,0,1
278,1,117.51,1,0,0,1
278,2,0,0,0,0,0
278,3,0,0,0,0,0
278,4,0,0,10.33,106.71,0
278,5,0,0,0,0,0
278,6,0,0,51.67,2669.79,0
278,7,0,0,16.59,275.23,0
278,8,0,0,0,0,0
278,9,0,0,0,0,0
278,10,0,0,0,0,0
278,11,0,0,0,0,0
278,12,92.46,1,0,0,1
279,1,223.08,1,17.97,322.92,1
279,2,179.77,1,0,0,1
279,3,233.15,1,0,0,1
279,4,173.28,1,46.47,2159.46,1
279,5,234.13,2,23.73,563.11,1
279,6,139.38,1,43.45,1887.9,1
279,7,0,0,36.11,1303.93,0
279,8,0,0,0,0,0
279,9,0,0,0,0,0
279,10,0,0,0,0,0
279,11,0,0,0,0,0
279,12,0,0,0,0,0
280,1,240.05,1,0,0,1
280,2,348.35,3,0,0,1
280,3,217.24,4,0,0,1
280,4,181.95,1,28.43,808.26,1
280,5,145.57,1,15.97,255.04,1
280,6,256.96,1,18.83,354.57,1
280,7,184.51,1,0,0,1
280,8,210.69,1,29,841,1
280,9,158.12,1,0,0,1
280,10,120.23,1,0,0,1
280,11,176.4,1,0,0,1
280,12,176.56,1,45.6,2079.36,1
281,1,244.36,2,0,0,1
281,2,219.32,1,6.99,48.86,1
281,3,247.49,3,21.4,457.96,1
281,4,202.21,5,34.25,1173.06,1
281,5,0,0,0,0,0
281,6,108.74,1,27.91,778.97,1
281,7,186.42,1,0,0,1
281,8,183.36,1,0,0,1
281,9,0,0,0,0,0
281,10,131.92,1,0,0,1
281,11,173.27,1,23.13,535,1
281,12,0,0,0,0,0
282,1,140.71,1,25.45,647.7,1
282,2,204.52,2,26.66,710.76,1
282,3,301.19,2,0,0,1
282,4,269.06,2,0,0,1
282,5,348.92,4,48.5,2352.25,1
282,6,245.01,2,0,0,1
282,7,337.29,2,30.64,938.81,1
282,8,240.77,2,8.29,68.72,1
282,9,0,0,0,0,0
282,10,0,0,31.05,964.1,0
282,11,0,0,0,0,0
282,12,0,0,0,0,0
283,1,241.35,1,20.04,401.6,1
283,2,0,0,0,0,0
283,3,0,0,0,0,0
283,4,0,0,52.38,2743.66,0
283,5,0,0,39.55,1564.2,0
283,6,0,0,0,0,0
283,7,0,0,0,0,0
283,8,0,0,0,0,0
283,9,0,0,0,0,0
283,10,0,0,5.85,34.22,0
283,11,0,0,14.89,221.71,0
283,12,0,0,0,0,0
284,1,163.72,1,52.35,2740.52,1
284,2,0,0,0,0,0
284,3,0,0,0,0,0
284,4,0,0,0,0,0
284,5,0,0,29.07,845.06,0
284,6,0,0,0,0,0
284,7,0,0,0,0,0
284,8,0,0,0,0,0
284,9,0,0,0,0,0
284,10,0,0,3.97,15.76,0
284,11,143.79,1,4.94,24.4,1
284,12,0,0,0,0,0
285,1,137.34,1,0,0,1
285,2,0,0,53.08,2817.49,0
285,3,0,0,0,0,0
285,4,0,0,0,0,0
285,5,0,0,7.22,52.13,0
285,6,0,0,0,0,0
285,7,0,0,0,0,0
285,8,0,0,0,0,0
285,9,0,0,0,0,0
285,10,0,0,18.19,330.88,0
285,11,0,0,0,0,0
285,12,0,0,46.84,2193.99,0
286,1,258.42,4,53.08,2817.49,1
286,2,232.62,1,0,0,1
286,3,221.82,4,0,0,1
286,4,194.62,2,17.97,322.92,1
286,5,0,0,0,0,0
286,6,0,0,0,0,0
286,7,83.31,1,3.99,15.92,1
286,8,0,0,29.27,856.73,0
286,9,0,0,0,0,0
286,10,0,0,0,0,0
286,11,0,0,21.51,462.68,0
286,12,0,0,0,0,0
287,1,316.11,1,0,0,1
287,2,216.59,2,51.83,2686.35,1
287,3,214.41,1,0,0,1
287,4,298.66,5,0,0,1
287,5,243.51,2,26.04,678.08,1
287,6,312.89,1,42.09,1771.57,1
287,7,214.99,1,34.79,1210.34,1
287,8,191.56,1,24.01,576.48,1
287,9,216.78,1,0,0,1
287,10,330.88,5,26.9,723.61,1
287,11,162.39,1,0,0,1
287,12,248.75,1,0,0,1
288,1,315.84,1,20.98,440.16,1
288,2,194.63,1,0,0,1
288,3,183.43,1,56.03,3139.36,1
288,4,0,0,0,0,0
288,5,0,0,50.42,2542.18,0
288,6,0,0,22,484,0
288,7,0,0,0,0,0
288,8,0,0,6.84,46.79,0
288,9,0,0,0,0,0
288,10,0,0,0,0,0
288,11,0,0,0,0,0
288,12,0,0,0,0,0
289,1,261.82,1,0,0,1
289,2,211.55,1,15.95,254.4,1
289,3,279.58,1,51.69,2671.86,1
289,4,153.69,1,0,0,1
289,5,0,0,11.86,140.66,0
289,6,0,0,35.79,1280.92,0
289,7,0,0,28.61,818.53,0
289,8,0,0,0,0,0
289,9,0,0,0,0,0
289,10,0,0,0,0,0
289,11,0,0,0,0,0
289,12,0,0,0,0,0
290,1,207.38,4,0,0,1
290,2,185.44,4,0,0,1
290,3,268.74,2,0,0,1
290,4,406.36,4,0,0,1
290,5,319.88,3,0,0,1
290,6,287.8,2,46.33,2146.47,1
290,7,242.57,2,0,0,1
290,8,0,0,0,0,0
290,9,0,0,33.97,1153.96,0
290,10,0,0,12.66,160.28,0
290,11,0,0,0,0,0
290,12,0,0,0,0,0
291,1,367.11,5,48.86,2387.3,1
291,2,461.21,3,0,0,1
291,3,309.84,1,0,0,1
291,4,219.86,1,9.19,84.46,1
291,5,305.97,2,0,0,1
291,6,256.92,1,16.01,256.32,1
291,7,235.83,1,0,0,1
291,8,170.05,1,45.48,2068.43,1
291,9,224.45,1,27.01,729.54,1
291,10,307.64,3,0,0,1
291,11,0,0,0,0,0
291,12,0,0,22.33,498.63,0
292,1,169.31,1,0,0,1
292,2,266.64,1,4.88,23.81,1
292,3,219.16,1,38.04,1447.04,1
292,4,185.11,1,38.55,1486.1,1
292,5,292.11,1,0,0,1
292,6,200.59,1,37.19,1383.1,1
292,7,269.82,1,0,0,1
292,8,0,0,0,0,0
292,9,0,0,1.67,2.79,0
292,10,0,0,34.87,1215.92,0
292,11,0,0,14.53,211.12,0
292,12,0,0,43.88,1925.45,0
293,1,148.84,1,0,0,1
293,2,0,0,6.99,48.86,0
293,3,0,0,51.02,2603.04,0
293,4,0,0,0,0,0
293,5,0,0,0,0,0
293,6,0,0,32.9,1082.41,0
293,7,0,0,0,0,0
293,8,0,0,0,0,0
293,9,0,0,0,0,0
293,10,0,0,0,0,0
293,11,0,0,0,0,0
293,12,0,0,0,0,0
294,1,123.97,2,55.46,3075.81,1
294,2,160.41,3,23.38,546.62,1
294,3,160.95,4,2.11,4.45,1
294,4,0,0,31.21,974.06,0
294,5,0,0,0,0,0
294,6,0,0,41.45,1718.1,0
294,7,0,0,0,0,0
294,8,0,0,27.72,768.4,0
294,9,0,0,0,0,0
294,10,0,0,0,0,0
294,11,0,0,0,0,0
294,12,0,0,0,0,0
295,1,305.32,2,0,0,1
295,2,291.52,4,37.99,1443.24,1
295,3,0,0,0,0,0
295,4,0,0,0,0,0
295,5,0,0,0,0,0
295,6,0,0,0,0,0
295,7,0,0,0,0,0
295,8,157.02,2,39.31,1545.28,1
295,9,303.23,5,17.62,310.46,1
295,10,283.72,5,0,0,1
295,11,327.64,2,9.15,83.72,1
295,12,248.04,3,0,0,1
296,1,244.77,2,0,0,1
296,2,0,0,0,0,0
296,3,0,0,0,0,0
296,4,0,0,0,0,0
296,5,0,0,49.6,2460.16,0
296,6,0,0,0,0,0
296,7,0,0,0,0,0
296,8,117.21,1,0,0,1
296,9,0,0,0,0,0
296,10,0,0,0,0,0
296,11,0,0,0,0,0
296,12,0,0,0,0,0
297,1,231.7,2,0,0,1
297,2,230.73,3,25.11,630.51,1
297,3,278.13,3,0,0,1
297,4,396.24,3,0,0,1
297,5,380.04,2,0,0,1
297,6,316.2,3,51.11,2612.23,1
297,7,443.25,2,0,0,1
297,8,551,5,48.8,2381.44,1
297,9,364.82,3,53.81,2895.52,1
297,10,247.94,2,40.17,1613.63,1
297,11,232.18,2,51.46,2648.13,1
297,12,0,0,50.99,2599.98,0
298,1,235.13,2,52.37,2742.62,1
298,2,230.43,4,0,0,1
298,3,0,0,53.97,2912.76,0
298,4,0,0,0,0,0
298,5,0,0,0,0,0
298,6,110.47,1,33.59,1128.29,1
298,7,135.69,1,0,0,1
298,8,171.26,1,38.08,1450.09,1
298,9,195.4,2,0,0,1
298,10,179.19,1,0,0,1
298,11,139.52,1,41.4,1713.96,1
298,12,0,0,0,0,0
299,1,156.43,1,51.74,2677.03,1
299,2,216.17,1,25.58,654.34,1
299,3,170.41,1,0,0,1
299,4,297.13,2,0,0,1
299,5,190.97,1,0,0,1
299,6,140.73,1,38.9,1513.21,1
299,7,205.03,1,0,0,1
299,8,0,0,0,0,0
299,9,0,0,0,0,0
299,10,0,0,0,0,0
299,11,0,0,0,0,0
299,12,0,0,0,0,0
300,1,230.97,1,36.34,1320.6,1
300,2,203.1,1,0,0,1
300,3,154.38,1,0,0,1
300,4,183.93,1,0,0,1
300,5,215.14,2,0,0,1
300,6,0,0,0,0,0
300,7,0,0,0,0,0
300,8,0,0,0,0,0
300,9,0,0,0,0,0
300,10,0,0,0,0,0
300,11,0,0,0,0,0
300,12,0,0,20.72,429.32,0
301,1,179.81,1,11.61,134.79,1
301,2,0,0,23.81,566.92,0
301,3,0,0,0,0,0
301,4,0,0,12.29,151.04,0
301,5,0,0,0,0,0
301,6,0,0,0,0,0
301,7,0,0,0,0,0
301,8,0,0,0,0,0
301,9,0,0,0,0,0
301,10,0,0,0,0,0
301,11,0,0,20.37,414.94,0
301,12,0,0,0,0,0
302,1,253.63,1,0,0,1
302,2,0,0,0,0,0
302,3,0,0,56.12,3149.45,0
302,4,0,0,0,0,0
302,5,0,0,54.52,2972.43,0
302,6,0,0,0,0,0
302,7,0,0,25.14,632.02,0
302,8,0,0,40.57,1645.92,0
302,9,0,0,36.11,1303.93,0
302,10,0,0,5.17,26.73,0
302,11,0,0,7.8,60.84,0
302,12,0,0,0,0,0
303,1,95.8,1,36.99,1368.26,1
303,2,0,0,9.35,87.42,0
303,3,0,0,0,0,0
303,4,0,0,0,0,0
303,5,0,0,3.8,14.44,0
303,6,0,0,48.55,2357.1,0
303,7,0,0,0,0,0
303,8,0,0,0,0,0
303,9,0,0,0,0,0
303,10,0,0,3.5,12.25,0
303,11,0,0,0,0,0
303,12,0,0,0,0,0
304,1,258.86,4,22.92,525.33,1
304,2,275.52,4,0,0,1
304,3,340.96,1,0,0,1
304,4,224.05,1,44.32,1964.26,1
304,5,0,0,0,0,0
304,6,0,0,50.71,2571.5,0
304,7,0,0,20.2,408.04,0
304,8,0,0,0,0,0
304,9,0,0,0,0,0
304,10,0,0,0,0,0
304,11,0,0,0,0,0
304,12,0,0,0,0,0
305,1,121.15,1,0,0,1
305,2,0,0,0,0,0
305,3,0,0,0,0,0
305,4,0,0,0,0,0
305,5,0,0,0,0,0
305,6,0,0,31.92,1018.89,0
305,7,0,0,36.24,1313.34,0
305,8,0,0,42.38,1796.06,0
305,9,0,0,0,0,0
305,10,0,0,0,0,0
305,11,0,0,0,0,0
305,12,0,0,44.55,1984.7,0
306,1,69.65,1,0,0,1
306,2,0,0,0,0,0
306,3,0,0,0,0,0
306,4,0,0,0,0,0
306,5,0,0,46.39,2152.03,0
306,6,0,0,52.14,2718.58,0
306,7,157.23,1,21.61,466.99,1
306,8,151.53,1,45.44,2064.79,1
306,9,222.65,1,0,0,1
306,10,210.61,2,0,0,1
306,11,0,0,0,0,0
306,12,0,0,0,0,0
307,1,155.99,1,0,0,1
307,2,0,0,0,0,0
307,3,0,0,0,0,0
307,4,132.76,1,0,0,1
307,5,205.93,1,0,0,1
307,6,210.27,4,27.82,773.95,1
307,7,197.85,1,0,0,1
307,8,313.05,5,0,0,1
307,9,270.05,2,11.97,143.28,1
307,10,386.31,4,0,0,1
307,11,247.79,1,27.67,765.63,1
307,12,213.62,1,0,0,1
308,1,224.32,1,0,0,1
308,2,186.59,1,0,0,1
308,3,195.02,1,0,0,1
308,4,255.15,1,0,0,1
308,5,258.6,1,0,0,1
308,6,164.63,1,32.81,1076.5,1
308,7,0,0,0,0,0
308,8,0,0,0,0,0
308,9,0,0,0,0,0
308,10,0,0,0,0,0
308,11,0,0,0,0,0
308,12,148.23,1,30.3,918.09,1
309,1,301.04,5,28.68,822.54,1
309,2,209.41,2,35.38,1251.74,1
309,3,252.63,1,19.37,375.2,1
309,4,194.56,1,0,0,1
309,5,0,0,0,0,0
309,6,0,0,4.77,22.75,0
309,7,0,0,28.44,808.83,0
309,8,0,0,13.4,179.56,0
309,9,0,0,0,0,0
309,10,0,0,41.32,1707.34,0
309,11,0,0,15.31,234.4,0
309,12,0,0,0,0,0
310,1,215.66,2,0,0,1
310,2,184.98,1,0,0,1
310,3,181.6,2,40.01,1600.8,1
310,4,207.19,1,0,0,1
310,5,0,0,0,0,0
310,6,0,0,33.78,1141.09,0
310,7,0,0,18.01,324.36,0
310,8,0,0,47.98,2302.08,0
310,9,0,0,48.58,2360.02,0
310,10,0,0,34.33,1178.55,0
310,11,0,0,0,0,0
310,12,0,0,36.94,1364.56,0
311,1,168.48,1,35.55,1263.8,1
311,2,0,0,10.07,101.4,0
311,3,0,0,0,0,0
311,4,0,0,0,0,0
311,5,0,0,16.39,268.63,0
311,6,0,0,0,0,0
311,7,0,0,0,0,0
311,8,143.55,1,0,0,1
311,9,243.99,1,0,0,1
311,10,322.73,4,0,0,1
311,11,349.29,3,0,0,1
311,12,406.81,2,0,0,1
312,1,131.94,1,0,0,1
312,2,0,0,17.51,306.6,0
312,3,0,0,0,0,0
312,4,0,0,0,0,0
312,5,0,0,0,0,0
312,6,146.95,1,34.51,1190.94,1
312,7,228.9,5,6.67,44.49,1
312,8,0,0,0,0,0
312,9,0,0,0,0,0
312,10,0,0,0,0,0
312,11,0,0,17.3,299.29,0
312,12,0,0,0,0,0
313,1,280.91,1,0,0,1
313,2,357.12,3,0,0,1
313,3,195.55,2,46.35,2148.32,1
313,4,148.36,1,41.6,1730.56,1
313,5,0,0,0,0,0
313,6,0,0,44.53,1982.92,0
313,7,0,0,48.19,2322.28,0
313,8,0,0,51.48,2650.19,0
313,9,0,0,0,0,0
313,10,0,0,0,0,0
313,11,0,0,43.02,1850.72,0
313,12,0,0,0,0,0
314,1,170.79,1,0,0,1
314,2,0,0,0,0,0
314,3,0,0,0,0,0
314,4,0,0,0,0,0
314,5,0,0,55.56,3086.91,0
314,6,0,0,0,0,0
314,7,117.57,1,0,0,1
314,8,197.09,1,30.15,909.02,1
314,9,310.73,2,41.2,1697.44,1
314,10,425.82,2,44.06,1941.28,1
314,11,292.68,2,22.86,522.58,1
314,12,240.11,1,0,0,1
315,1,241.52,1,0,0,1
315,2,219.3,5,36.06,1300.32,1
315,3,296.67,2,0,0,1
315,4,0,0,21.34,455.4,0
315,5,0,0,27.07,732.78,0
315,6,0,0,0,0,0
315,7,0,0,18.64,347.45,0
315,8,0,0,22.06,486.64,0
315,9,0,0,53.52,2864.39,0
315,10,0,0,43.95,1931.6,0
315,11,0,0,7.79,60.68,0
315,12,0,0,0,0,0
316,1,162.11,1,0,0,1
316,2,248.56,1,0,0,1
316,3,270.97,5,21.25,451.56,1
316,4,165.8,1,0,0,1
316,5,189.26,1,0,0,1
316,6,261.38,2,55.47,3076.92,1
316,7,362.38,4,0,0,1
316,8,495.05,2,16.51,272.58,1
316,9,237.13,2,53.46,2857.97,1
316,10,194.4,1,0,0,1
316,11,211.5,2,37.55,1410,1
316,12,383.9,2,0,0,1
317,1,133.86,1,32.04,1026.56,1
317,2,0,0,0,0,0
317,3,0,0,0,0,0
317,4,0,0,0,0,0
317,5,0,0,0,0,0
317,6,0,0,22.74,517.11,0
317,7,0,0,49.39,2439.37,0
317,8,0,0,9.48,89.87,0
317,9,0,0,28.36,804.29,0
317,10,0,0,23.21,538.7,0
317,11,0,0,50.72,2572.52,0
317,12,0,0,0,0,0
318,1,301.39,1,0,0,1
318,2,339.98,1,47.59,2264.81,1
318,3,0,0,48.81,2382.42,0
318,4,0,0,31.56,996.03,0
318,5,0,0,0,0,0
318,6,0,0,0,0,0
318,7,0,0,6.85,46.92,0
318,8,0,0,43.09,1856.75,0
318,9,76.71,1,0,0,1
318,10,129.9,1,27.32,746.38,1
318,11,104.9,1,37.77,1426.57,1
318,12,0,0,0,0,0
319,1,249.15,1,3.39,11.49,1
319,2,305.98,2,5.27,27.77,1
319,3,379.28,4,27.3,745.29,1
319,4,277.17,1,0,0,1
319,5,169.13,1,42.12,1774.09,1
319,6,125.18,1,45.19,2042.14,1
319,7,251.49,2,15.24,232.26,1
319,8,0,0,0,0,0
319,9,0,0,0,0,0
319,10,0,0,0,0,0
319,11,0,0,0,0,0
319,12,74.31,1,0,0,1
320,1,198.32,2,0,0,1
320,2,161.22,1,35.47,1258.12,1
320,3,144.86,1,41.72,1740.56,1
320,4,182.13,1,31.46,989.73,1
320,5,0,0,0,0,0
320,6,0,0,0,0,0
320,7,0,0,36.64,1342.49,0
320,8,0,0,15.26,232.87,0
320,9,0,0,0,0,0
320,10,87.95,1,0,0,1
320,11,184.61,3,0,0,1
320,12,220.98,1,42.5,1806.25,1
321,1,171.84,1,0,0,1
321,2,246.53,1,0,0,1
321,3,158.1,1,24.38,594.38,1
321,4,156.99,1,0,0,1
321,5,0,0,2.91,8.47,0
321,6,0,0,26.5,702.25,0
321,7,0,0,0,0,0
321,8,0,0,11.46,131.33,0
321,9,0,0,0,0,0
321,10,0,0,6.83,46.65,0
321,11,0,0,0,0,0
321,12,0,0,0,0,0
322,1,201.88,1,39,1521,1
322,2,0,0,0,0,0
322,3,0,0,5.54,30.69,0
322,4,0,0,0,0,0
322,5,0,0,0,0,0
322,6,0,0,0,0,0
322,7,0,0,39.07,1526.46,0
322,8,0,0,0,0,0
322,9,0,0,0,0,0
322,10,0,0,17.49,305.9,0
322,11,0,0,0,0,0
322,12,0,0,22.27,495.95,0
323,1,220.4,1,27.26,743.11,1
323,2,339.99,1,0,0,1
323,3,426.49,2,42.83,1834.41,1
323,4,277.31,1,0,0,1
323,5,287.98,1,0,0,1
323,6,403.19,4,0,0,1
323,7,234.81,1,56.2,3158.44,1
323,8,195.05,2,7.17,51.41,1
323,9,0,0,14.24,202.78,0
323,10,73.02,1,0,0,1
323,11,0,0,0,0,0
323,12,0,0,0,0,0
324,1,203.33,4,0,0,1
324,2,334.39,3,21.57,465.26,1
324,3,221.31,4,0,0,1
324,4,0,0,0,0,0
324,5,0,0,54.61,2982.25,0
324,6,0,0,33.1,1095.61,0
324,7,0,0,0,0,0
324,8,0,0,0,0,0
324,9,0,0,0,0,0
324,10,0,0,18.83,354.57,0
324,11,0,0,0,0,0
324,12,0,0,0,0,0
325,1,174,1,1.48,2.19,1
325,2,236.19,4,11.3,127.69,1
325,3,294.69,5,0,0,1
325,4,428.92,2,0,0,1
325,5,247.73,4,0,0,1
325,6,399.07,3,40.2,1616.04,1
325,7,390.84,2,33.88,1147.85,1
325,8,311.89,4,34.21,1170.32,1
325,9,241.11,2,48.8,2381.44,1
325,10,236.2,2,0,0,1
325,11,234.32,2,0,0,1
325,12,384.16,2,21.01,441.42,1
326,1,272.43,1,58.37,3407.06,1
326,2,145.83,1,0,0,1
326,3,0,0,17.33,300.33,0
326,4,0,0,0,0,0
326,5,0,0,0,0,0
326,6,0,0,43.58,1899.22,0
326,7,0,0,0,0,0
326,8,0,0,6.41,41.09,0
326,9,0,0,0,0,0
326,10,0,0,17.36,301.37,0
326,11,0,0,0,0,0
326,12,0,0,39.93,1594.4,0
327,1,73.66,1,0,0,1
327,2,157.05,1,0,0,1
327,3,0,0,0,0,0
327,4,0,0,0,0,0
327,5,0,0,0,0,0
327,6,0,0,0,0,0
327,7,0,0,6.17,38.07,0
327,8,0,0,0,0,0
327,9,0,0,10.93,119.46,0
327,10,0,0,55.84,3118.11,0
327,11,0,0,0,0,0
327,12,0,0,45.1,2034.01,0
328,1,299.17,4,44.91,2016.91,1
328,2,318.12,1,0,0,1
328,3,353.29,5,31.23,975.31,1
328,4,308.63,2,50.23,2523.05,1
328,5,250.6,1,20.87,435.56,1
328,6,426,5,23.87,569.78,1
328,7,573.82,4,0,0,1
328,8,443.37,2,0,0,1
328,9,267.88,1,0,0,1
328,10,276.32,1,0,0,1
328,11,0,0,0,0,0
328,12,0,0,0,0,0
329,1,251.22,1,35.03,1227.1,1
329,2,381.89,4,0,0,1
329,3,431.83,4,52.4,2745.76,1
329,4,314.09,2,28.58,816.82,1
329,5,291.39,2,0,0,1
329,6,250.69,3,0,0,1
329,7,284.12,4,55,3025,1
329,8,258.6,2,48.06,2309.76,1
329,9,379.92,3,0,0,1
329,10,331.05,4,0,0,1
329,11,457.65,2,16.58,274.9,1
329,12,326.17,4,0,0,1
330,1,252.02,1,15.35,235.62,1
330,2,207.88,1,38.72,1499.24,1
330,3,257.95,1,0,0,1
330,4,271.71,1,17.57,308.7,1
330,5,306.55,3,0,0,1
330,6,187.99,1,0,0,1
330,7,216.07,1,5.35,28.62,1
330,8,189.92,1,0,0,1
330,9,286.94,1,13.5,182.25,1
330,10,398.72,3,0,0,1
330,11,380.6,4,51.25,2626.56,1
330,12,323.2,1,0,0,1
331,1,374.84,1,54.39,2958.27,1
331,2,255.86,1,0,0,1
331,3,180.94,1,53.08,2817.49,1
331,4,290.46,3,25.74,662.55,1
331,5,326.88,1,0,0,1
331,6,395.55,5,0,0,1
331,7,272.63,1,0,0,1
331,8,226.22,1,26.65,710.22,1
331,9,311.24,3,42.59,1813.91,1
331,10,394.24,1,0,0,1
331,11,432.7,5,0,0,1
331,12,245.33,1,0,0,1
332,1,379.8,2,0,0,1
332,2,241.41,1,45.9,2106.81,1
332,3,207.26,4,35.38,1251.74,1
332,4,202.05,1,37.57,1411.5,1
332,5,0,0,54.79,3001.94,0
332,6,0,0,0,0,0
332,7,0,0,33.08,1094.29,0
332,8,0,0,0,0,0
332,9,0,0,0,0,0
332,10,0,0,0,0,0
332,11,0,0,0,0,0
332,12,0,0,0,0,0
333,1,262.09,1,0,0,1
333,2,356.44,1,30.12,907.21,1
333,3,439.3,1,0,0,1
333,4,231.4,1,0,0,1
333,5,313.74,1,0,0,1
333,6,274.11,1,0,0,1
333,7,206.98,1,34.08,1161.45,1
333,8,252.51,1,31.8,1011.24,1
333,9,345.74,2,0,0,1
333,10,256.94,1,0,0,1
333,11,360.37,3,26.16,684.35,1
333,12,272.12,1,34.1,1162.81,1
334,1,176.55,1,0,0,1
334,2,308.84,2,19.59,383.77,1
334,3,321.02,2,0,0,1
334,4,421.51,2,0,0,1
334,5,571.56,3,0,0,1
334,6,413.28,3,0,0,1
334,7,530,4,0,0,1
334,8,318.76,5,37.5,1406.25,1
334,9,276.34,3,0,0,1
334,10,262.96,1,0,0,1
334,11,399.94,3,0,0,1
334,12,349.69,2,0,0,1
335,1,231.23,1,6.42,41.22,1
335,2,0,0,0,0,0
335,3,0,0,23.53,553.66,0
335,4,0,0,8.05,64.8,0
335,5,0,0,4.82,23.23,0
335,6,0,0,0,0,0
335,7,0,0,0,0,0
335,8,113.73,1,32.39,1049.11,1
335,9,0,0,41.6,1730.56,0
335,10,0,0,0,0,0
335,11,0,0,22.12,489.29,0
335,12,0,0,0,0,0
336,1,348.6,3,24.15,583.22,1
336,2,269.98,4,1.17,1.37,1
336,3,423.11,3,0,0,1
336,4,0,0,0,0,0
336,5,0,0,18.55,344.1,0
336,6,0,0,24.63,606.64,0
336,7,0,0,52,2704,0
336,8,191.83,3,31.65,1001.72,1
336,9,326.5,2,0,0,1
336,10,462.22,4,22.46,504.45,1
336,11,542.3,4,0,0,1
336,12,301.39,2,40.81,1665.46,1
337,1,279.08,2,0,0,1
337,2,186.53,2,0,0,1
337,3,0,0,49.2,2420.64,0
337,4,0,0,0,0,0
337,5,0,0,0,0,0
337,6,0,0,0,0,0
337,7,0,0,0,0,0
337,8,0,0,12.15,147.62,0
337,9,0,0,32.6,1062.76,0
337,10,0,0,10.49,110.04,0
337,11,0,0,0,0,0
337,12,0,0,49.8,2480.04,0
338,1,205.42,1,0,0,1
338,2,132.93,1,0,0,1
338,3,0,0,0,0,0
338,4,0,0,28.88,834.05,0
338,5,0,0,49.53,2453.22,0
338,6,0,0,28.51,812.82,0
338,7,0,0,0,0,0
338,8,0,0,0,0,0
338,9,0,0,0,0,0
338,10,0,0,0,0,0
338,11,0,0,24.73,611.57,0
338,12,0,0,13.19,173.98,0
339,1,318.2,3,16.13,260.18,1
339,2,195.22,1,0,0,1
339,3,194.98,1,46.43,2155.74,1
339,4,301.18,4,0,0,1
339,5,0,0,0,0,0
339,6,0,0,31.91,1018.25,0
339,7,0,0,0,0,0
339,8,137.79,1,21.59,466.13,1
339,9,0,0,22.44,503.55,0
339,10,0,0,0,0,0
339,11,0,0,0,0,0
339,12,0,0,0,0,0
340,1,109.1,1,50.4,2540.16,1
340,2,0,0,0,0,0
340,3,0,0,0,0,0
340,4,0,0,38.91,1513.99,0
340,5,0,0,0,0,0
340,6,0,0,24.73,611.57,0
340,7,0,0,0,0,0
340,8,0,0,0,0,0
340,9,0,0,0,0,0
340,10,113.91,1,20.12,404.81,1
340,11,0,0,31.78,1009.97,0
340,12,0,0,16.51,272.58,0
341,1,114.41,1,59.04,3485.72,1
341,2,0,0,0,0,0
341,3,0,0,45.04,2028.6,0
341,4,0,0,0,0,0
341,5,0,0,0,0,0
341,6,0,0,0,0,0
341,7,0,0,48.73,2374.61,0
341,8,0,0,31.57,996.66,0
341,9,0,0,0,0,0
341,10,0,0,0,0,0
341,11,0,0,0,0,0
341,12,0,0,57.16,3267.27,0
342,1,207.58,1,27.33,746.93,1
342,2,0,0,0,0,0
342,3,0,0,0,0,0
342,4,0,0,32.09,1029.77,0
342,5,0,0,43.45,1887.9,0
342,6,70.47,1,19.51,380.64,1
342,7,0,0,0,0,0
342,8,0,0,0,0,0
342,9,0,0,30.38,922.94,0
342,10,0,0,0,0,0
342,11,0,0,27.3,745.29,0
342,12,0,0,0,0,0
343,1,53.76,1,23.22,539.17,1
343,2,0,0,0,0,0
343,3,0,0,24.27,589.03,0
343,4,0,0,21.05,443.1,0
343,5,0,0,0,0,0
343,6,0,0,0,0,0
343,7,0,0,38.69,1496.92,0
343,8,0,0,54.56,2976.79,0
343,9,0,0,0,0,0
343,10,0,0,28.25,798.06,0
343,11,0,0,0,0,0
343,12,0,0,28.25,798.06,0
344,1,251.87,3,21.73,472.19,1
344,2,352.27,2,0,0,1
344,3,281.49,2,0,0,1
344,4,261.33,2,0,0,1
344,5,377.92,2,49.18,2418.67,1
344,6,296.1,3,0,0,1
344,7,265.25,4,0,0,1
344,8,265.35,2,0,0,1
344,9,423.62,2,34.52,1191.63,1
344,10,251.11,2,0,0,1
344,11,228.22,5,0,0,1
344,12,231.89,2,0,0,1
345,1,183.92,1,0,0,1
345,2,164.8,1,0,0,1
345,3,245.58,1,0,0,1
345,4,190.18,1,11.97,143.28,1
345,5,178.28,4,36.43,1327.14,1
345,6,131.67,1,0,0,1
345,7,0,0,0,0,0
345,8,0,0,49.88,2488.01,0
345,9,0,0,0,0,0
345,10,0,0,0,0,0
345,11,0,0,19.33,373.65,0
345,12,0,0,41.8,1747.24,0
346,1,365.11,2,0,0,1
346,2,479.85,5,0,0,1
346,3,394.51,3,0,0,1
346,4,273.03,1,0,0,1
346,5,311.3,1,25.96,673.92,1
346,6,314.76,1,34.18,1168.27,1
346,7,297.63,1,0,0,1
346,8,240.72,1,23.74,563.59,1
346,9,344.16,4,0,0,1
346,10,275.82,1,38.5,1482.25,1
346,11,239.5,1,0,0,1
346,12,218.94,1,4.93,24.3,1
347,1,167.83,1,43.06,1854.16,1
347,2,144.16,1,0,0,1
347,3,0,0,38.53,1484.56,0
347,4,0,0,0,0,0
347,5,0,0,51.23,2624.51,0
347,6,0,0,0,0,0
347,7,0,0,0,0,0
347,8,0,0,0,0,0
347,9,0,0,31.89,1016.97,0
347,10,0,0,34.7,1204.09,0
347,11,0,0,0,0,0
347,12,0,0,0,0,0
348,1,145.91,1,0,0,1
348,2,242.6,1,40.02,1601.6,1
348,3,284.48,2,0,0,1
348,4,393.23,2,0,0,1
348,5,263.67,5,17.28,298.6,1
348,6,243.22,1,27.11,734.95,1
348,7,266.87,1,0,0,1
348,8,377.68,2,9.16,83.91,1
348,9,498.85,2,0,0,1
348,10,330.33,4,57,3249,1
348,11,298.39,3,0,0,1
348,12,194.99,1,35.05,1228.5,1
349,1,105.38,1,0,0,1
349,2,129.83,1,0,0,1
349,3,261.4,3,0,0,1
349,4,327.85,2,0,0,1
349,5,430.49,2,36.2,1310.44,1
349,6,275.16,4,25.06,628,1
349,7,353.98,5,0,0,1
349,8,297.53,2,0,0,1
349,9,347.03,2,0,0,1
349,10,281.05,4,0,0,1
349,11,225.68,3,13.05,170.3,1
349,12,334.28,2,11.12,123.65,1
350,1,99.02,1,47.37,2243.92,1
350,2,124.36,1,0,0,1
350,3,163.87,1,0,0,1
350,4,245.54,4,0,0,1
350,5,284.74,3,10.21,104.24,1
350,6,203.81,4,0,0,1
350,7,299.95,1,13.72,188.24,1
350,8,431.07,5,27.26,743.11,1
350,9,528.61,2,0,0,1
350,10,260.27,2,52.47,2753.1,1
350,11,221.5,1,31.42,987.22,1
350,12,236.34,2,0,0,1
351,1,312.16,4,0,0,1
351,2,281.58,3,0,0,1
351,3,270.53,1,0,0,1
351,4,260.24,2,0,0,1
351,5,375.1,4,47.47,2253.4,1
351,6,325.03,2,46.24,2138.14,1
351,7,241.81,2,50.56,2556.31,1
351,8,206.78,2,56.31,3170.82,1
351,9,232.54,4,0,0,1
351,10,292.66,4,0,0,1
351,11,419.04,2,0,0,1
351,12,300.5,2,0,0,1
352,1,254.01,1,0,0,1
352,2,322.12,4,47.98,2302.08,1
352,3,230.29,1,8.59,73.79,1
352,4,0,0,0,0,0
352,5,0,0,0,0,0
352,6,0,0,0,0,0
352,7,0,0,0,0,0
352,8,0,0,0,0,0
352,9,0,0,44.75,2002.56,0
352,10,0,0,0,0,0
352,11,0,0,14.3,204.49,0
352,12,0,0,0,0,0
353,1,144.83,1,8.28,68.56,1
353,2,242.74,3,18.89,356.83,1
353,3,0,0,0,0,0
353,4,0,0,0,0,0
353,5,0,0,53.9,2905.21,0
353,6,0,0,24.34,592.44,0
353,7,0,0,0,0,0
353,8,0,0,24.08,579.85,0
353,9,0,0,0,0,0
353,10,0,0,0,0,0
353,11,0,0,0,0,0
353,12,0,0,49.97,2497,0
354,1,179.24,1,0,0,1
354,2,151.75,1,6.33,40.07,1
354,3,160.78,1,22.28,496.4,1
354,4,143.09,1,0,0,1
354,5,0,0,0,0,0
354,6,0,0,0,0,0
354,7,0,0,0,0,0
354,8,0,0,0,0,0
354,9,0,0,32.62,1064.06,0
354,10,0,0,12.91,166.67,0
354,11,0,0,0,0,0
354,12,0,0,25.04,627,0
355,1,173.68,1,16.96,287.64,1
355,2,0,0,30.88,953.57,0
355,3,0,0,0,0,0
355,4,0,0,5.95,35.4,0
355,5,0,0,0,0,0
355,6,0,0,0,0,0
355,7,102.3,1,0,0,1
355,8,117.43,1,0,0,1
355,9,184.46,1,51.99,2702.96,1
355,10,163.8,1,15.14,229.22,1
355,11,0,0,38.26,1463.83,0
355,12,0,0,0,0,0
356,1,179.69,1,0,0,1
356,2,0,0,0,0,0
356,3,0,0,0,0,0
356,4,0,0,0,0,0
356,5,0,0,0,0,0
356,6,0,0,0,0,0
356,7,0,0,48.69,2370.72,0
356,8,0,0,12.29,151.04,0
356,9,0,0,0,0,0
356,10,0,0,50.53,2553.28,0
356,11,0,0,0,0,0
356,12,0,0,0,0,0
357,1,281.95,4,11.3,127.69,1
357,2,241.69,2,0,0,1
357,3,233.94,4,0,0,1
357,4,326.29,3,0,0,1
357,5,264.97,1,0,0,1
357,6,400.55,3,0,0,1
357,7,241.49,2,0,0,1
357,8,209.48,5,42.98,1847.28,1
357,9,386.15,4,0,0,1
357,10,258.92,2,29.15,849.72,1
357,11,368.98,3,0,0,1
357,12,293.96,2,0,0,1
358,1,238.93,4,5.51,30.36,1
358,2,0,0,0,0,0
358,3,0,0,0,0,0
358,4,0,0,0,0,0
358,5,0,0,30.14,908.42,0
358,6,0,0,0,0,0
358,7,0,0,0,0,0
358,8,0,0,28.72,824.84,0
358,9,0,0,0,0,0
358,10,0,0,53.49,2861.18,0
358,11,0,0,0,0,0
358,12,98.8,1,21.79,474.8,1
359,1,282.84,1,0,0,1
359,2,221.03,1,0,0,1
359,3,208.97,1,9.69,93.9,1
359,4,278.32,4,0,0,1
359,5,393.59,1,0,0,1
359,6,0,0,48.52,2354.19,0
359,7,0,0,0,0,0
359,8,0,0,0,0,0
359,9,0,0,0,0,0
359,10,0,0,0,0,0
359,11,0,0,0,0,0
359,12,0,0,0,0,0
360,1,284.86,5,0,0,1
360,2,212.15,2,50.25,2525.06,1
360,3,255.11,2,52.35,2740.52,1
360,4,275.86,5,0,0,1
360,5,249.19,3,0,0,1
360,6,215,1,0,0,1
360,7,240.65,1,0,0,1
360,8,212.91,2,17.93,321.48,1
360,9,0,0,0,0,0
360,10,0,0,0,0,0
360,11,0,0,22.97,527.62,0
360,12,0,0,0,0,0
361,1,301.6,5,0,0,1
361,2,225.09,2,50.31,2531.1,1
361,3,239.11,2,0,0,1
361,4,340.94,3,0,0,1
361,5,273.7,2,0,0,1
361,6,0,0,0,0,0
361,7,0,0,0,0,0
361,8,0,0,0,0,0
361,9,95,1,0,0,1
361,10,193.76,1,0,0,1
361,11,0,0,0,0,0
361,12,0,0,47.66,2271.48,0
362,1,255.57,4,0,0,1
362,2,359.83,2,0,0,1
362,3,286.82,2,0,0,1
362,4,266.36,2,0,0,1
362,5,287.24,5,0,0,1
362,6,244.97,1,0,0,1
362,7,330.15,2,47.55,2261,1
362,8,463.62,4,0,0,1
362,9,335.05,2,23.44,549.43,1
362,10,331.23,5,0,0,1
362,11,276.81,2,0,0,1
362,12,225.95,1,0,0,1
363,1,246.21,1,0,0,1
363,2,204.11,1,7.42,55.06,1
363,3,0,0,47,2209,0
363,4,0,0,0,0,0
363,5,0,0,17.85,318.62,0
363,6,0,0,11.98,143.52,0
363,7,0,0,50,2500,0
363,8,0,0,0,0,0
363,9,0,0,0,0,0
363,10,0,0,44.62,1990.94,0
363,11,0,0,0,0,0
363,12,0,0,0,0,0
364,1,60.17,1,35.57,1265.22,1
364,2,0,0,0,0,0
364,3,0,0,0,0,0
364,4,0,0,0,0,0
364,5,121.13,1,11.98,143.52,1
364,6,253.24,2,0,0,1
364,7,269.78,4,0,0,1
364,8,272.6,2,0,0,1
364,9,240.3,2,0,0,1
364,10,370.81,4,0,0,1
364,11,303.9,2,37.09,1375.67,1
364,12,329.79,2,0,0,1
365,1,258.95,1,0,0,1
365,2,245.38,1,0,0,1
365,3,343.82,5,21.98,483.12,1
365,4,246.85,3,42.66,1819.88,1
365,5,0,0,18.08,326.89,0
365,6,0,0,0,0,0
365,7,122.58,1,0,0,1
365,8,0,0,0,0,0
365,9,0,0,0,0,0
365,10,0,0,11.22,125.89,0
365,11,0,0,0,0,0
365,12,0,0,0,0,0
366,1,217.83,1,0,0,1
366,2,279.68,1,0,0,1
366,3,402.11,2,29.86,891.62,1
366,4,350.43,2,6.06,36.72,1
366,5,311.88,4,8.04,64.64,1
366,6,307.56,2,0,0,1
366,7,414.22,2,45.97,2113.24,1
366,8,491.68,3,0,0,1
366,9,276.54,2,0,0,1
366,10,292.24,2,18.11,327.97,1
366,11,286.54,2,34.61,1197.85,1
366,12,237.85,1,14.3,204.49,1
367,1,222.27,1,53.09,2818.55,1
367,2,0,0,0,0,0
367,3,0,0,0,0,0
367,4,0,0,0,0,0
367,5,0,0,25.16,633.03,0
367,6,0,0,0,0,0
367,7,0,0,26.55,704.9,0
367,8,0,0,0,0,0
367,9,0,0,47.44,2250.55,0
367,10,0,0,59.32,3518.86,0
367,11,0,0,50.21,2521.04,0
367,12,0,0,0,0,0
368,1,209.36,3,53.41,2852.63,1
368,2,150.95,1,0,0,1
368,3,236.88,2,5.16,26.63,1
368,4,0,0,0,0,0
368,5,0,0,0,0,0
368,6,0,0,43.47,1889.64,0
368,7,0,0,0,0,0
368,8,0,0,0,0,0
368,9,0,0,0,0,0
368,10,166.49,5,0,0,1
368,11,184.8,2,28.78,828.29,1
368,12,257.87,3,0,0,1
369,1,88.99,1,48.1,2313.61,1
369,2,0,0,44.79,2006.14,0
369,3,0,0,0,0,0
369,4,0,0,0,0,0
369,5,0,0,0,0,0
369,6,0,0,44.26,1958.95,0
369,7,0,0,0,0,0
369,8,0,0,0,0,0
369,9,0,0,0,0,0
369,10,0,0,0,0,0
369,11,0,0,19.8,392.04,0
369,12,0,0,19.52,381.03,0
370,1,155.16,1,0,0,1
370,2,262.31,5,0,0,1
370,3,172.7,1,0,0,1
370,4,173.93,1,29.63,877.94,1
370,5,0,0,0,0,0
370,6,0,0,0,0,0
370,7,0,0,0,0,0
370,8,0,0,0,0,0
370,9,0,0,40.51,1641.06,0
370,10,0,0,0,0,0
370,11,0,0,0,0,0
370,12,0,0,0,0,0
371,1,158.49,1,0,0,1
371,2,287.83,1,0,0,1
371,3,325.44,2,36.83,1356.45,1
371,4,272.88,5,0,0,1
371,5,294.78,2,0,0,1
371,6,0,0,0,0,0
371,7,0,0,5.33,28.41,0
371,8,0,0,0,0,0
371,9,0,0,51.87,2690.5,0
371,10,0,0,0,0,0
371,11,0,0,17.04,290.36,0
371,12,0,0,30.82,949.87,0
372,1,123.07,1,41.25,1701.56,1
372,2,316.81,5,12.92,166.93,1
372,3,319.04,2,0,0,1
372,4,501.67,3,0,0,1
372,5,632.24,4,0,0,1
372,6,453.09,5,0,0,1
372,7,444.5,2,0,0,1
372,8,351.7,2,8.96,80.28,1
372,9,275.94,1,0,0,1
372,10,344.36,3,0,0,1
372,11,367.48,2,0,0,1
372,12,323.56,2,0,0,1
373,1,347.7,5,28.27,799.19,1
373,2,266.63,2,0,0,1
373,3,399.35,2,0,0,1
373,4,293.18,1,48,2304,1
373,5,429.3,4,9.15,83.72,1
373,6,294.65,3,0,0,1
373,7,427.97,2,0,0,1
373,8,263.85,4,35.16,1236.23,1
373,9,378.51,3,0,0,1
373,10,300.52,3,0,0,1
373,11,0,0,0,0,0
373,12,0,0,47.23,2230.67,0
374,1,211.55,1,14.96,223.8,1
374,2,199.33,1,0,0,1
374,3,0,0,50.2,2520.04,0
374,4,0,0,45.25,2047.56,0
374,5,0,0,7.79,60.68,0
374,6,0,0,0,0,0
374,7,135.91,1,4.31,18.58,1
374,8,0,0,42.75,1827.56,0
374,9,0,0,13.58,184.42,0
374,10,0,0,47.73,2278.15,0
374,11,0,0,0,0,0
374,12,0,0,10.99,120.78,0
375,1,240.25,3,0,0,1
375,2,331.83,2,0,0,1
375,3,247.63,2,0,0,1
375,4,353.96,2,0,0,1
375,5,438.86,3,0,0,1
375,6,262.9,2,0,0,1
375,7,0,0,5.28,27.88,0
375,8,82.87,1,0,0,1
375,9,0,0,0,0,0
375,10,0,0,0,0,0
375,11,0,0,0,0,0
375,12,0,0,53.04,2813.24,0
376,1,263.9,1,0,0,1
376,2,369.93,2,40.41,1632.97,1
376,3,433.92,2,50.99,2599.98,1
376,4,349.55,3,0,0,1
376,5,282.17,2,22.17,491.51,1
376,6,0,0,50.01,2501,0
376,7,0,0,12.79,163.58,0
376,8,0,0,0,0,0
376,9,0,0,0,0,0
376,10,161.03,1,14.19,201.36,1
376,11,0,0,0,0,0
376,12,0,0,0,0,0
377,1,101.23,1,0,0,1
377,2,0,0,25.11,630.51,0
377,3,0,0,0,0,0
377,4,0,0,0,0,0
377,5,0,0,21.64,468.29,0
377,6,0,0,0,0,0
377,7,0,0,0,0,0
377,8,0,0,0,0,0
377,9,0,0,0,0,0
377,10,0,0,0,0,0
377,11,0,0,0,0,0
377,12,0,0,0,0,0
378,1,150.55,1,0,0,1
378,2,313.71,3,33.99,1155.32,1
378,3,272.37,1,0,0,1
378,4,357.08,1,20.85,434.72,1
378,5,485.19,3,0,0,1
378,6,653.16,2,29.22,853.81,1
378,7,362.04,2,0,0,1
378,8,0,0,0,0,0
378,9,0,0,0,0,0
378,10,0,0,0,0,0
378,11,0,0,47.49,2255.3,0
378,12,0,0,0,0,0
379,1,389.43,2,0,0,1
379,2,233.33,3,49.33,2433.45,1
379,3,301.48,2,0,0,1
379,4,277.91,2,0,0,1
379,5,210.62,3,43.77,1915.81,1
379,6,228.23,1,0,0,1
379,7,0,0,52.03,2707.12,0
379,8,0,0,0,0,0
379,9,0,0,0,0,0
379,10,0,0,0,0,0
379,11,0,0,0,0,0
379,12,0,0,0,0,0
380,1,210.87,1,0,0,1
380,2,261.29,1,0,0,1
380,3,174.13,1,36.46,1329.33,1
380,4,219.88,1,22.75,517.56,1
380,5,206.05,1,28.23,796.93,1
380,6,219.67,1,0,0,1
380,7,225.62,1,33.69,1135.02,1
380,8,178.92,1,0,0,1
380,9,153.74,1,17.83,317.91,1
380,10,214.49,1,33.2,1102.24,1
380,11,244.11,1,0,0,1
380,12,311.68,1,37.25,1387.56,1
381,1,100.23,1,0,0,1
381,2,131.39,1,54.57,2977.88,1
381,3,154.86,1,0,0,1
381,4,227.64,2,0,0,1
381,5,0,0,0,0,0
381,6,0,0,0,0,0
381,7,0,0,45.07,2031.3,0
381,8,0,0,0,0,0
381,9,0,0,0,0,0
381,10,0,0,0,0,0
381,11,0,0,51.14,2615.3,0
381,12,0,0,0,0,0
382,1,185.32,1,0,0,1
382,2,0,0,0,0,0
382,3,0,0,0,0,0
382,4,0,0,0,0,0
382,5,0,0,0,0,0
382,6,0,0,0,0,0
382,7,0,0,0,0,0
382,8,0,0,25.31,640.6,0
382,9,0,0,0,0,0
382,10,86.7,1,22.53,507.6,1
382,11,192.35,1,0,0,1
382,12,235.84,1,13.52,182.79,1
383,1,126.69,1,0,0,1
383,2,213.63,2,0,0,1
383,3,225.06,1,41.21,1698.26,1
383,4,299.97,2,0,0,1
383,5,248.78,1,36.89,1360.87,1
383,6,238.16,1,29.77,886.25,1
383,7,324.6,1,0,0,1
383,8,425.02,4,5.94,35.28,1
383,9,360.63,5,0,0,1
383,10,247.76,4,18.04,325.44,1
383,11,277.3,5,22.38,500.86,1
383,12,206.73,1,0,0,1
384,1,327.31,4,24.95,622.5,1
384,2,293.62,2,38.46,1479.17,1
384,3,269.1,5,33.39,1114.89,1
384,4,183.69,2,0,0,1
384,5,213.2,1,0,0,1
384,6,0,0,0,0,0
384,7,0,0,38.14,1454.66,0
384,8,0,0,0,0,0
384,9,0,0,31.45,989.1,0
384,10,0,0,25.04,627,0
384,11,0,0,0,0,0
384,12,0,0,0,0,0
385,1,267.32,1,0,0,1
385,2,227.31,1,0,0,1
385,3,210.11,3,0,0,1
385,4,278.9,4,0,0,1
385,5,0,0,0,0,0
385,6,0,0,0,0,0
385,7,0,0,21.37,456.68,0
385,8,0,0,21.89,479.17,0
385,9,0,0,0,0,0
385,10,0,0,47.21,2228.78,0
385,11,0,0,0,0,0
385,12,0,0,0,0,0
386,1,111.55,1,0,0,1
386,2,171.72,1,0,0,1
386,3,0,0,0,0,0
386,4,0,0,0,0,0
386,5,0,0,0,0,0
386,6,61.08,1,0,0,1
386,7,0,0,0,0,0
386,8,0,0,49.69,2469.1,0
386,9,0,0,49.95,2495,0
386,10,0,0,28.63,819.68,0
386,11,0,0,29.17,850.89,0
386,12,0,0,39.4,1552.36,0
387,1,144.95,1,41.87,1753.1,1
387,2,300.01,2,0,0,1
387,3,442.82,3,0,0,1
387,4,612.81,3,10.49,110.04,1
387,5,350.97,5,0,0,1
387,6,289.09,2,0,0,1
387,7,263.31,4,0,0,1
387,8,318.97,3,0,0,1
387,9,420.41,2,0,0,1
387,10,544.12,4,0,0,1
387,11,309.04,2,0,0,1
387,12,439.26,2,0,0,1
388,1,249.76,2,53.12,2821.73,1
388,2,301.53,1,0,0,1
388,3,389.78,2,0,0,1
388,4,360.04,2,33.17,1100.25,1
388,5,246.87,2,0,0,1
388,6,232.67,3,0,0,1
388,7,223.21,1,0,0,1
388,8,175.42,1,0,0,1
388,9,232.01,1,29.75,885.06,1
388,10,331.21,2,0,0,1
388,11,241.93,2,0,0,1
388,12,213.82,1,0,0,1
389,1,224.65,1,0,0,1
389,2,350.63,3,12,144,1
389,3,434.99,2,0,0,1
389,4,315.46,5,0,0,1
389,5,255.67,1,0,0,1
389,6,0,0,38.41,1475.33,0
389,7,106.42,1,14.58,212.58,1
389,8,150.69,1,57.07,3256.98,1
389,9,235.69,1,0,0,1
389,10,178.5,1,0,0,1
389,11,0,0,0,0,0
389,12,0,0,0,0,0
390,1,265.27,1,0,0,1
390,2,261.91,3,0,0,1
390,3,0,0,8.13,66.1,0
390,4,139.05,1,12.12,146.89,1
390,5,324.9,2,25,625,1
390,6,355.28,2,0,0,1
390,7,250.7,1,0,0,1
390,8,270.6,1,0,0,1
390,9,0,0,0,0,0
390,10,0,0,0,0,0
390,11,0,0,0,0,0
390,12,0,0,0,0,0
391,1,247.37,1,0,0,1
391,2,289.88,3,51.21,2622.46,1
391,3,257.05,3,0,0,1
391,4,218.22,1,31.63,1000.46,1
391,5,186.47,1,0,0,1
391,6,188.67,4,0,0,1
391,7,184.57,1,0,0,1
391,8,0,0,55.15,3041.52,0
391,9,0,0,45.63,2082.1,0
391,10,0,0,49.2,2420.64,0
391,11,0,0,0,0,0
391,12,0,0,20.55,422.3,0
392,1,261.75,1,0,0,1
392,2,229.46,4,35.31,1246.8,1
392,3,0,0,45.94,2110.48,0
392,4,160.37,1,16.59,275.23,1
392,5,196.5,1,0,0,1
392,6,236.78,2,44.75,2002.56,1
392,7,226.23,5,0,0,1
392,8,339.44,2,0,0,1
392,9,429.2,2,37.11,1377.15,1
392,10,527.52,2,0,0,1
392,11,331.13,2,44.4,1971.36,1
392,12,282.81,5,0,0,1
393,1,76.59,1,52.54,2760.45,1
393,2,177.89,1,0,0,1
393,3,0,0,0,0,0
393,4,0,0,51.72,2674.96,0
393,5,0,0,22.01,484.44,0
393,6,0,0,0,0,0
393,7,0,0,0,0,0
393,8,0,0,0,0,0
393,9,0,0,23.76,564.54,0
393,10,0,0,50.95,2595.9,0
393,11,0,0,0,0,0
393,12,0,0,0,0,0
394,1,263.94,1,0,0,1
394,2,225.12,1,0,0,1
394,3,357.46,2,0,0,1
394,4,318.41,1,0,0,1
394,5,240.41,1,45.23,2045.75,1
394,6,277.09,1,0,0,1
394,7,194.09,1,50.56,2556.31,1
394,8,279.38,1,0,0,1
394,9,411.48,4,28.36,804.29,1
394,10,273.27,4,42.77,1829.27,1
394,11,0,0,0,0,0
394,12,0,0,40.61,1649.17,0
395,1,179.07,1,0,0,1
395,2,152.01,1,50.03,2503,1
395,3,147.98,1,0,0,1
395,4,224.34,1,0,0,1
395,5,182.8,1,0,0,1
395,6,181.62,1,0,0,1
395,7,184.71,1,33.1,1095.61,1
395,8,288.08,2,20.21,408.44,1
395,9,377.43,4,21.12,446.05,1
395,10,250.32,1,36.89,1360.87,1
395,11,264.25,1,0,0,1
395,12,0,0,47.88,2292.49,0
396,1,272.11,1,0,0,1
396,2,288.87,1,0,0,1
396,3,194.56,1,0,0,1
396,4,193.37,1,50.44,2544.19,1
396,5,176.82,1,0,0,1
396,6,0,0,0,0,0
396,7,0,0,0,0,0
396,8,0,0,25.67,658.95,0
396,9,0,0,0,0,0
396,10,0,0,0,0,0
396,11,0,0,55.11,3037.11,0
396,12,0,0,40.85,1668.72,0
397,1,107.62,1,0,0,1
397,2,0,0,0,0,0
397,3,0,0,0,0,0
397,4,0,0,0,0,0
397,5,0,0,34.77,1208.95,0
397,6,0,0,0,0,0
397,7,0,0,42.89,1839.55,0
397,8,0,0,0,0,0
397,9,0,0,0,0,0
397,10,0,0,31.97,1022.08,0
397,11,0,0,0,0,0
397,12,0,0,0,0,0
398,1,267.04,1,0,0,1
398,2,313.91,1,42.19,1780,1
398,3,201.33,1,0,0,1
398,4,148.74,1,0,0,1
398,5,0,0,0,0,0
398,6,0,0,8.39,70.39,0
398,7,0,0,0,0,0
398,8,0,0,0,0,0
398,9,0,0,0,0,0
398,10,0,0,0,0,0
398,11,0,0,0,0,0
398,12,0,0,0,0,0
399,1,271.46,4,0,0,1
399,2,402.75,2,0,0,1
399,3,296.42,4,0,0,1
399,4,215.69,1,0,0,1
399,5,351.86,2,0,0,1
399,6,283.55,2,49.47,2447.28,1
399,7,215.19,3,0,0,1
399,8,231.16,2,13.35,178.22,1
399,9,0,0,11.46,131.33,0
399,10,137.67,1,39.97,1597.6,1
399,11,0,0,21.54,463.97,0
399,12,0,0,12.82,164.35,0
400,1,120.57,1,0,0,1
400,2,181.03,1,0,0,1
400,3,0,0,0,0,0
400,4,0,0,0,0,0
400,5,0,0,25.88,669.77,0
400,6,0,0,50.44,2544.19,0
400,7,0,0,0,0,0
400,8,0,0,25.31,640.6,0
400,9,0,0,0,0,0
400,10,0,0,0,0,0
400,11,0,0,36.95,1365.3,0
400,12,0,0,0,0,0
401,1,212.97,1,0,0,1
401,2,162.11,1,16.78,281.57,1
401,3,0,0,17.5,306.25,0
401,4,0,0,57.5,3306.25,0
401,5,100.42,1,16.99,288.66,1
401,6,202,1,0,0,1
401,7,163.48,1,50.49,2549.24,1
401,8,156.6,1,0,0,1
401,9,233.75,4,3.7,13.69,1
401,10,237.17,1,23.87,569.78,1
401,11,338.22,4,0,0,1
401,12,298.78,1,16.02,256.64,1
402,1,216.67,1,0,0,1
402,2,319.75,2,0,0,1
402,3,448.6,2,0,0,1
402,4,530.58,2,0,0,1
402,5,372.8,3,0,0,1
402,6,320.4,5,0,0,1
402,7,367.17,2,0,0,1
402,8,449.07,5,32.74,1071.91,1
402,9,228.91,2,0,0,1
402,10,305.99,2,38.39,1473.79,1
402,11,281.59,2,33.5,1122.25,1
402,12,295.88,3,0,0,1
403,1,174.09,1,11.85,140.42,1
403,2,124.32,1,0,0,1
403,3,165.01,1,0,0,1
403,4,250.24,1,13.23,175.03,1
403,5,0,0,24.88,619.01,0
403,6,0,0,0,0,0
403,7,0,0,25.42,646.18,0
403,8,0,0,0,0,0
403,9,0,0,0,0,0
403,10,0,0,0,0,0
403,11,0,0,8.7,75.69,0
403,12,0,0,16.17,261.47,0
404,1,287.98,2,1.08,1.17,1
404,2,276.1,2,0,0,1
404,3,406.18,2,0,0,1
404,4,300.09,2,0,0,1
404,5,396.32,2,0,0,1
404,6,325.99,2,0,0,1
404,7,286.48,4,25.62,656.38,1
404,8,383.02,4,0,0,1
404,9,275.45,3,55.17,3043.73,1
404,10,425.12,2,0,0,1
404,11,283.82,4,0,0,1
404,12,328.87,3,0,0,1
405,1,257.67,3,44.39,1970.47,1
405,2,0,0,0,0,0
405,3,0,0,27.03,730.62,0
405,4,0,0,0,0,0
405,5,0,0,14.51,210.54,0
405,6,0,0,0,0,0
405,7,0,0,0,0,0
405,8,0,0,0,0,0
405,9,0,0,0,0,0
405,10,0,0,37.21,1384.58,0
405,11,0,0,23.3,542.89,0
405,12,0,0,0,0,0
406,1,277.52,2,41.17,1694.97,1
406,2,215.64,1,0,0,1
406,3,236.1,1,50.01,2501,1
406,4,346.09,3,0,0,1
406,5,259.25,5,0,0,1
406,6,260.28,1,0,0,1
406,7,332.12,1,0,0,1
406,8,0,0,0,0,0
406,9,0,0,0,0,0
406,10,0,0,0,0,0
406,11,0,0,6.68,44.62,0
406,12,0,0,0,0,0
407,1,176.44,1,31.92,1018.89,1
407,2,252.22,1,0,0,1
407,3,316.43,1,0,0,1
407,4,308.93,1,0,0,1
407,5,237.2,1,39.83,1586.43,1
407,6,0,0,0,0,0
407,7,0,0,7.71,59.44,0
407,8,0,0,0,0,0
407,9,0,0,0,0,0
407,10,0,0,18.19,330.88,0
407,11,0,0,13.23,175.03,0
407,12,0,0,0,0,0
408,1,252.61,2,28.52,813.39,1
408,2,369.98,4,33.34,1111.56,1
408,3,305.02,2,0,0,1
408,4,232.21,1,0,0,1
408,5,329.92,1,45.1,2034.01,1
408,6,243.86,2,0,0,1
408,7,242.8,1,32.02,1025.28,1
408,8,306.05,4,52.03,2707.12,1
408,9,285.36,1,0,0,1
408,10,432.29,2,0,0,1
408,11,336.01,5,0,0,1
408,12,331.45,1,0,0,1
409,1,157.89,1,40.41,1632.97,1
409,2,222.22,2,32.47,1054.3,1
409,3,190.67,3,34.64,1199.93,1
409,4,0,0,0,0,0
409,5,0,0,0,0,0
409,6,0,0,0,0,0
409,7,0,0,0,0,0
409,8,0,0,0,0,0
409,9,0,0,3.95,15.6,0
409,10,0,0,0,0,0
409,11,0,0,0,0,0
409,12,0,0,30.65,939.42,0
410,1,112.89,1,0,0,1
410,2,0,0,0,0,0
410,3,0,0,0,0,0
410,4,0,0,53.91,2906.29,0
410,5,0,0,0,0,0
410,6,0,0,0,0,0
410,7,0,0,0,0,0
410,8,0,0,0,0,0
410,9,0,0,0,0,0
410,10,0,0,24.05,578.4,0
410,11,134.61,1,0,0,1
410,12,289.49,3,32.71,1069.94,1
411,1,262.02,4,0,0,1
411,2,222.2,1,0,0,1
411,3,237.11,1,0,0,1
411,4,357.91,2,37.73,1423.55,1
411,5,445.73,5,17.14,293.78,1
411,6,273.68,2,0,0,1
411,7,288,2,0,0,1
411,8,287.06,2,0,0,1
411,9,206.49,1,0,0,1
411,10,178.71,1,0,0,1
411,11,277.92,3,49.02,2402.96,1
411,12,264.92,1,0,0,1
412,1,310.27,2,0,0,1
412,2,415.89,3,0,0,1
412,3,248.85,2,42.48,1804.55,1
412,4,336.65,4,11.55,133.4,1
412,5,310.99,5,0,0,1
412,6,213.12,1,0,0,1
412,7,0,0,8.32,69.22,0
412,8,0,0,0,0,0
412,9,0,0,0,0,0
412,10,0,0,0,0,0
412,11,0,0,0,0,0
412,12,0,0,0,0,0
413,1,139.48,1,29.33,860.25,1
413,2,145.5,1,55.28,3055.88,1
413,3,243.44,1,0,0,1
413,4,183.57,2,0,0,1
413,5,208.52,1,11.2,125.44,1
413,6,300.2,4,0,0,1
413,7,302.56,2,37.2,1383.84,1
413,8,381.09,3,0,0,1
413,9,310.15,3,39.1,1528.81,1
413,10,0,0,54.39,2958.27,0
413,11,88.99,1,0,0,1
413,12,202.75,4,0,0,1
414,1,166.94,1,0,0,1
414,2,0,0,48.11,2314.57,0
414,3,0,0,0,0,0
414,4,0,0,0,0,0
414,5,0,0,0,0,0
414,6,0,0,0,0,0
414,7,0,0,0,0,0
414,8,0,0,0,0,0
414,9,0,0,0,0,0
414,10,0,0,0,0,0
414,11,0,0,0,0,0
414,12,0,0,0,0,0
415,1,157.15,4,0,0,1
415,2,194.9,2,0,0,1
415,3,329.1,2,0,0,1
415,4,230.31,2,35.45,1256.7,1
415,5,253.91,1,0,0,1
415,6,383.4,2,28.56,815.67,1
415,7,250.98,2,0,0,1
415,8,264.82,2,4.65,21.62,1
415,9,205.62,1,0,0,1
415,10,355.49,2,21.43,459.24,1
415,11,279.74,2,18.48,341.51,1
415,12,193.29,2,0,0,1
416,1,76.05,1,31.38,984.7,1
416,2,187.66,2,0,0,1
416,3,245.44,1,0,0,1
416,4,0,0,13.34,177.96,0
416,5,0,0,0,0,0
416,6,0,0,0,0,0
416,7,0,0,47.93,2297.28,0
416,8,0,0,0,0,0
416,9,0,0,0,0,0
416,10,0,0,0,0,0
416,11,0,0,0,0,0
416,12,0,0,0,0,0
417,1,226.62,1,39.21,1537.42,1
417,2,324.39,2,40.52,1641.87,1
417,3,451.45,4,19.25,370.56,1
417,4,318.73,1,27.89,777.85,1
417,5,179.39,1,51.83,2686.35,1
417,6,201.41,1,0,0,1
417,7,171.09,1,0,0,1
417,8,227.41,1,4.61,21.25,1
417,9,222.24,1,0,0,1
417,10,202.96,1,27.31,745.84,1
417,11,0,0,0,0,0
417,12,0,0,13.43,180.36,0
418,1,151.74,1,0,0,1
418,2,0,0,0,0,0
418,3,0,0,0,0,0
418,4,0,0,37.84,1431.87,0
418,5,0,0,0,0,0
418,6,0,0,0,0,0
418,7,0,0,0,0,0
418,8,0,0,0,0,0
418,9,0,0,33.6,1128.96,0
418,10,0,0,53.53,2865.46,0
418,11,0,0,0,0,0
418,12,0,0,20.88,435.97,0
419,1,296.2,2,49.38,2438.38,1
419,2,176.73,5,0,0,1
419,3,0,0,0,0,0
419,4,0,0,34,1156,0
419,5,0,0,0,0,0
419,6,0,0,0,0,0
419,7,0,0,0,0,0
419,8,0,0,0,0,0
419,9,0,0,0,0,0
419,10,0,0,7.39,54.61,0
419,11,0,0,4.8,23.04,0
419,12,0,0,31.5,992.25,0
420,1,193.13,1,0,0,1
420,2,0,0,0,0,0
420,3,0,0,38.67,1495.37,0
420,4,0,0,0,0,0
420,5,0,0,0,0,0
420,6,0,0,0,0,0
420,7,0,0,8.13,66.1,0
420,8,0,0,27.19,739.3,0
420,9,0,0,43.94,1930.72,0
420,10,0,0,0,0,0
420,11,0,0,0,0,0
420,12,0,0,0,0,0
421,1,319.5,2,0,0,1
421,2,258.94,5,6.96,48.44,1
421,3,0,0,44.4,1971.36,0
421,4,0,0,0,0,0
421,5,0,0,33.52,1123.59,0
421,6,0,0,0,0,0
421,7,0,0,0,0,0
421,8,0,0,0,0,0
421,9,0,0,0,0,0
421,10,0,0,48.04,2307.84,0
421,11,0,0,0,0,0
421,12,0,0,0,0,0
422,1,136.97,1,0,0,1
422,2,173.96,1,0,0,1
422,3,301.55,1,0,0,1
422,4,364.5,5,0,0,1
422,5,294.91,1,0,0,1
422,6,243.3,1,47.05,2213.7,1
422,7,0,0,0,0,0
422,8,0,0,0,0,0
422,9,0,0,0,0,0
422,10,0,0,0,0,0
422,11,0,0,0,0,0
422,12,0,0,0,0,0
423,1,144.49,1,46.93,2202.42,1
423,2,214.35,2,14.58,212.58,1
423,3,337.49,2,10.54,111.09,1
423,4,426.2,1,0,0,1
423,5,283.71,5,0,0,1
423,6,228.31,1,0,0,1
423,7,225.01,1,0,0,1
423,8,0,0,0,0,0
423,9,128.17,1,14.2,201.64,1
423,10,190.05,1,22.91,524.87,1
423,11,194.03,1,0,0,1
423,12,179.16,1,22.99,528.54,1
424,1,198.05,1,8.75,76.56,1
424,2,264.01,2,45.55,2074.8,1
424,3,277.71,5,0,0,1
424,4,263.26,1,0,0,1
424,5,211.52,1,0,0,1
424,6,227.36,2,0,0,1
424,7,223.28,1,8.46,71.57,1
424,8,0,0,53.63,2876.18,0
424,9,0,0,0,0,0
424,10,0,0,0,0,0
424,11,100.88,1,17.57,308.7,1
424,12,0,0,0,0,0
425,1,128.21,1,0,0,1
425,2,123.9,1,0,0,1
425,3,0,0,0,0,0
425,4,0,0,0,0,0
425,5,0,0,0,0,0
425,6,0,0,39.41,1553.15,0
425,7,0,0,11.41,130.19,0
425,8,91.31,1,0,0,1
425,9,133.41,1,0,0,1
425,10,0,0,0,0,0
425,11,0,0,0,0,0
425,12,0,0,0,0,0
426,1,197.35,1,23.07,532.22,1
426,2,263.68,1,0,0,1
426,3,0,0,0,0,0
426,4,0,0,0,0,0
426,5,0,0,17.57,308.7,0
426,6,0,0,0,0,0
426,7,0,0,0,0,0
426,8,0,0,13.73,188.51,0
426,9,0,0,0,0,0
426,10,0,0,37.41,1399.51,0
426,11,0,0,0,0,0
426,12,0,0,0,0,0
427,1,272.49,1,0,0,1
427,2,227.53,1,25.99,675.48,1
427,3,152.42,1,53.31,2841.96,1
427,4,167.45,1,0,0,1
427,5,0,0,42.97,1846.42,0
427,6,0,0,54.32,2950.66,0
427,7,0,0,22.22,493.73,0
427,8,0,0,43.61,1901.83,0
427,9,91.91,1,38.2,1459.24,1
427,10,0,0,0,0,0
427,11,0,0,54.16,2933.31,0
427,12,0,0,0,0,0
428,1,215.95,1,0,0,1
428,2,151.26,1,40.53,1642.68,1
428,3,153.61,1,6.08,36.97,1
428,4,142.54,1,44.42,1973.14,1
428,5,199.24,1,54.95,3019.5,1
428,6,0,0,0,0,0
428,7,0,0,0,0,0
428,8,0,0,0,0,0
428,9,0,0,0,0,0
428,10,0,0,41.1,1689.21,0
428,11,0,0,0,0,0
428,12,0,0,0,0,0
429,1,172.81,1,13.04,170.04,1
429,2,188.43,1,0,0,1
429,3,225.71,2,0,0,1
429,4,226.74,2,22.22,493.73,1
429,5,0,0,0,0,0
429,6,0,0,0,0,0
429,7,0,0,41.6,1730.56,0
429,8,0,0,50.13,2513.02,0
429,9,0,0,0,0,0
429,10,0,0,0,0,0
429,11,0,0,48.98,2399.04,0
429,12,0,0,0,0,0
430,1,212.88,4,0,0,1
430,2,208.99,4,0,0,1
430,3,0,0,48.12,2315.53,0
430,4,0,0,0,0,0
430,5,0,0,0,0,0
430,6,0,0,0,0,0
430,7,0,0,0,0,0
430,8,0,0,12.66,160.28,0
430,9,0,0,0,0,0
430,10,0,0,47.75,2280.06,0
430,11,0,0,0,0,0
430,12,0,0,42.42,1799.46,0
431,1,203.27,1,0,0,1
431,2,187.05,1,0,0,1
431,3,222.57,2,20.13,405.22,1
431,4,0,0,0,0,0
431,5,0,0,0,0,0
431,6,0,0,0,0,0
431,7,0,0,0,0,0
431,8,0,0,51.13,2614.28,0
431,9,131.07,1,22.11,488.85,1
431,10,132.11,1,37.74,1424.31,1
431,11,220.34,1,0,0,1
431,12,256,1,0,0,1
432,1,130.19,1,0,0,1
432,2,221,2,0,0,1
432,3,232.27,1,0,0,1
432,4,0,0,0,0,0
432,5,0,0,0,0,0
432,6,0,0,0,0,0
432,7,0,0,0,0,0
432,8,0,0,10.78,116.21,0
432,9,0,0,0,0,0
432,10,0,0,30.95,957.9,0
432,11,0,0,0,0,0
432,12,0,0,46.8,2190.24,0
433,1,261.66,1,0,0,1
433,2,0,0,0,0,0
433,3,0,0,25.9,670.81,0
433,4,0,0,0,0,0
433,5,0,0,0,0,0
433,6,0,0,0,0,0
433,7,134.64,1,23.53,553.66,1
433,8,0,0,0,0,0
433,9,0,0,0,0,0
433,10,0,0,37.13,1378.64,0
433,11,0,0,44.5,1980.25,0
433,12,0,0,0,0,0
434,1,194.4,4,0,0,1
434,2,200.7,2,0,0,1
434,3,0,0,0,0,0
434,4,0,0,32.68,1067.98,0
434,5,0,0,0,0,0
434,6,0,0,0,0,0
434,7,0,0,0,0,0
434,8,0,0,0,0,0
434,9,0,0,44.15,1949.22,0
434,10,0,0,13.26,175.83,0
434,11,0,0,0,0,0
434,12,0,0,0,0,0
435,1,224.95,1,40.18,1614.43,1
435,2,286.72,4,28.64,820.25,1
435,3,311.24,2,0,0,1
435,4,283.43,2,9.42,88.74,1
435,5,450.13,4,0,0,1
435,6,573.33,2,0,0,1
435,7,708.75,2,0,0,1
435,8,396.66,3,37.43,1401,1
435,9,429.33,2,9.79,95.84,1
435,10,418.91,5,33.36,1112.89,1
435,11,289.21,3,36.55,1335.9,1
435,12,394.59,2,0,0,1
436,1,255.8,4,0,0,1
436,2,190.39,3,0,0,1
436,3,335.47,3,10.92,119.25,1
436,4,288,2,0,0,1
436,5,266.92,2,0,0,1
436,6,333.34,4,52.51,2757.3,1
436,7,455.68,2,37.07,1374.18,1
436,8,352.68,2,0,0,1
436,9,292.21,3,44.63,1991.84,1
436,10,269.13,4,0,0,1
436,11,250.96,2,0,0,1
436,12,280.28,2,6.09,37.09,1
437,1,180.6,1,18.52,342.99,1
437,2,165.63,1,0,0,1
437,3,184.78,1,0,0,1
437,4,283.57,1,22.57,509.4,1
437,5,225.02,1,32.85,1079.12,1
437,6,161.4,1,0,0,1
437,7,157.04,1,0,0,1
437,8,150.14,1,0,0,1
437,9,178.92,1,0,0,1
437,10,143.15,1,0,0,1
437,11,162.2,1,18.24,332.7,1
437,12,0,0,46.58,2169.7,0
438,1,144.5,1,0,0,1
438,2,150.4,1,17.91,320.77,1
438,3,190.77,1,4.27,18.23,1
438,4,233.34,1,0,0,1
438,5,256.06,2,0,0,1
438,6,182.97,1,22.59,510.31,1
438,7,205.24,1,6.06,36.72,1
438,8,263.94,1,0,0,1
438,9,0,0,0,0,0
438,10,0,0,0,0,0
438,11,0,0,39.6,1568.16,0
438,12,0,0,0,0,0
439,1,291.44,1,0,0,1
439,2,227.54,1,0,0,1
439,3,188.69,1,12.96,167.96,1
439,4,265.58,1,22.53,507.6,1
439,5,176.89,1,0,0,1
439,6,186.9,1,0,0,1
439,7,306.17,1,0,0,1
439,8,430.9,3,10.01,100.2,1
439,9,263.47,1,31.84,1013.79,1
439,10,182.3,1,0,0,1
439,11,302.9,4,0,0,1
439,12,264.18,1,0,0,1
440,1,85.81,1,40.38,1630.54,1
440,2,174.76,1,0,0,1
440,3,0,0,42.68,1821.58,0
440,4,0,0,0,0,0
440,5,0,0,25.88,669.77,0
440,6,0,0,0,0,0
440,7,0,0,36.33,1319.87,0
440,8,0,0,46.91,2200.55,0
440,9,0,0,28.78,828.29,0
440,10,0,0,0,0,0
440,11,0,0,0,0,0
440,12,0,0,0,0,0
441,1,176.03,1,0,0,1
441,2,169.97,1,35.92,1290.25,1
441,3,188.78,1,0,0,1
441,4,0,0,8.54,72.93,0
441,5,0,0,0,0,0
441,6,0,0,0,0,0
441,7,0,0,0,0,0
441,8,0,0,51.78,2681.17,0
441,9,0,0,0,0,0
441,10,0,0,16.64,276.89,0
441,11,0,0,0,0,0
441,12,0,0,0,0,0
442,1,282.81,1,0,0,1
442,2,391.84,4,25.6,655.36,1
442,3,302.74,1,10.43,108.78,1
442,4,214.14,3,0,0,1
442,5,169.65,1,27.18,738.75,1
442,6,260.95,5,25.39,644.65,1
442,7,211.26,1,33.54,1124.93,1
442,8,161.57,1,59.49,3539.06,1
442,9,0,0,0,0,0
442,10,0,0,48.72,2373.64,0
442,11,0,0,48.69,2370.72,0
442,12,0,0,44.89,2015.11,0
443,1,269.61,1,4.59,21.07,1
443,2,164.59,1,12.37,153.02,1
443,3,0,0,0,0,0
443,4,0,0,10.1,102.01,0
443,5,0,0,0,0,0
443,6,0,0,0,0,0
443,7,0,0,36.59,1338.83,0
443,8,0,0,0,0,0
443,9,0,0,0,0,0
443,10,0,0,18.3,334.89,0
443,11,0,0,0,0,0
443,12,0,0,0,0,0
444,1,145.53,1,0,0,1
444,2,0,0,51.68,2670.82,0
444,3,0,0,0,0,0
444,4,0,0,0,0,0
444,5,0,0,0,0,0
444,6,0,0,0,0,0
444,7,0,0,35.45,1256.7,0
444,8,0,0,0,0,0
444,9,0,0,0,0,0
444,10,0,0,0,0,0
444,11,0,0,0,0,0
444,12,0,0,34.98,1223.6,0
445,1,75.63,1,45.91,2107.73,1
445,2,0,0,0,0,0
445,3,0,0,0,0,0
445,4,0,0,10.79,116.42,0
445,5,0,0,0,0,0
445,6,0,0,0,0,0
445,7,0,0,14.09,198.53,0
445,8,0,0,46.89,2198.67,0
445,9,168.05,1,0,0,1
445,10,280.31,2,12.43,154.5,1
445,11,334.13,2,9.87,97.42,1
445,12,476.15,5,0,0,1
446,1,280.53,1,0,0,1
446,2,213.74,1,20.73,429.73,1
446,3,243.7,1,45.98,2114.16,1
446,4,0,0,34.25,1173.06,0
446,5,0,0,9.36,87.61,0
446,6,0,0,49,2401,0
446,7,0,0,52.01,2705.04,0
446,8,0,0,0,0,0
446,9,0,0,0,0,0
446,10,0,0,0,0,0
446,11,0,0,28.46,809.97,0
446,12,0,0,0,0,0
447,1,94.39,1,0,0,1
447,2,167.43,1,0,0,1
447,3,204.05,4,9.02,81.36,1
447,4,308.44,4,24.72,611.08,1
447,5,328,4,0,0,1
447,6,450.29,4,0,0,1
447,7,542.56,3,0,0,1
447,8,661.28,2,13.77,189.61,1
447,9,512.4,2,0,0,1
447,10,287.3,2,0,0,1
447,11,259.82,2,0,0,1
447,12,0,0,0,0,0
448,1,151.56,1,27.25,742.56,1
448,2,187.89,2,0,0,1
448,3,298.75,1,0,0,1
448,4,0,0,0,0,0
448,5,0,0,36.59,1338.83,0
448,6,0,0,0,0,0
448,7,0,0,44.95,2020.5,0
448,8,0,0,0,0,0
448,9,0,0,37.17,1381.61,0
448,10,0,0,0,0,0
448,11,0,0,51.91,2694.65,0
448,12,0,0,26.81,718.78,0
449,1,166.08,1,0,0,1
449,2,0,0,0,0,0
449,3,0,0,11.47,131.56,0
449,4,0,0,0,0,0
449,5,0,0,0,0,0
449,6,0,0,13.33,177.69,0
449,7,0,0,0,0,0
449,8,0,0,0,0,0
449,9,0,0,0,0,0
449,10,0,0,0,0,0
449,11,0,0,0,0,0
449,12,0,0,15.98,255.36,0
450,1,177.03,1,0,0,1
450,2,209.14,1,35.96,1293.12,1
450,3,307.52,2,24.79,614.54,1
450,4,437.45,5,0,0,1
450,5,303.01,2,18.82,354.19,1
450,6,403.34,2,0,0,1
450,7,255.18,1,0,0,1
450,8,234.41,3,0,0,1
450,9,219.96,3,0,0,1
450,10,212.19,1,0,0,1
450,11,328.6,3,0,0,1
450,12,277.37,4,17.36,301.37,1
451,1,232.8,1,0,0,1
451,2,200.58,4,0,0,1
451,3,177.48,1,48.26,2329.03,1
451,4,0,0,0,0,0
451,5,0,0,39.6,1568.16,0
451,6,0,0,0,0,0
451,7,138.66,1,21.62,467.42,1
451,8,176.08,1,43.6,1900.96,1
451,9,0,0,0,0,0
451,10,0,0,0,0,0
451,11,0,0,0,0,0
451,12,0,0,0,0,0
452,1,305.8,4,0,0,1
452,2,276.14,1,31.82,1012.51,1
452,3,262.96,2,44.25,1958.06,1
452,4,207.38,1,7.02,49.28,1
452,5,232.49,3,0,0,1
452,6,253.13,1,0,0,1
452,7,220.59,1,17.39,302.41,1
452,8,202.45,2,0,0,1
452,9,260.47,2,13.31,177.16,1
452,10,378.24,4,0,0,1
452,11,499.9,2,47.92,2296.33,1
452,12,441.3,3,28.87,833.48,1
453,1,307.37,3,0,0,1
453,2,349.79,1,0,0,1
453,3,183.37,1,0,0,1
453,4,113.73,1,0,0,1
453,5,161.41,1,0,0,1
453,6,181.99,1,22.91,524.87,1
453,7,72.07,1,42.17,1778.31,1
453,8,0,0,37.71,1422.04,0
453,9,0,0,24.41,595.85,0
453,10,0,0,0,0,0
453,11,0,0,17.57,308.7,0
453,12,0,0,0,0,0
454,1,168.16,1,0,0,1
454,2,171.03,5,22.96,527.16,1
454,3,240.56,2,16.23,263.41,1
454,4,221.66,2,48.75,2376.56,1
454,5,353.94,2,0,0,1
454,6,325.9,5,34.4,1183.36,1
454,7,266.75,3,13.64,186.05,1
454,8,283.03,3,13.19,173.98,1
454,9,388.4,4,0,0,1
454,10,287.05,2,49.36,2436.41,1
454,11,249.45,2,41.5,1722.25,1
454,12,377.86,2,0,0,1
455,1,219.38,1,0,0,1
455,2,264.07,1,0,0,1
455,3,292.08,2,0,0,1
455,4,405.65,3,37.13,1378.64,1
455,5,404.66,2,0,0,1
455,6,396.97,2,0,0,1
455,7,341.88,1,14.81,219.34,1
455,8,308.4,5,0,0,1
455,9,312.31,2,0,0,1
455,10,417.83,2,0,0,1
455,11,557.72,4,0,0,1
455,12,298.35,5,29.32,859.66,1
456,1,139.04,1,50.21,2521.04,1
456,2,170.97,1,0,0,1
456,3,308.12,3,19.63,385.34,1
456,4,213.29,1,0,0,1
456,5,0,0,45.77,2094.89,0
456,6,0,0,20.15,406.02,0
456,7,0,0,0,0,0
456,8,0,0,40.98,1679.36,0
456,9,0,0,43.41,1884.43,0
456,10,0,0,0,0,0
456,11,0,0,32.07,1028.48,0
456,12,0,0,0,0,0
457,1,190.94,2,18.3,334.89,1
457,2,238.78,2,29.25,855.56,1
457,3,0,0,29.29,857.9,0
457,4,0,0,0,0,0
457,5,0,0,49.24,2424.58,0
457,6,0,0,0,0,0
457,7,0,0,20.73,429.73,0
457,8,0,0,0,0,0
457,9,0,0,30.6,936.36,0
457,10,0,0,47.3,2237.29,0
457,11,121.88,1,0,0,1
457,12,190.57,1,0,0,1
458,1,115.46,1,42.21,1781.68,1
458,2,287.35,5,14.44,208.51,1
458,3,321.36,4,23.45,549.9,1
458,4,315.15,2,0,0,1
458,5,350.18,2,0,0,1
458,6,244.05,2,0,0,1
458,7,232.5,2,0,0,1
458,8,244.63,2,0,0,1
458,9,246.79,2,15.9,252.81,1
458,10,261.51,3,0,0,1
458,11,390.02,2,41.31,1706.52,1
458,12,341.18,3,0,0,1
459,1,199.35,1,8.56,73.27,1
459,2,0,0,53.37,2848.36,0
459,3,0,0,0,0,0
459,4,0,0,0,0,0
459,5,0,0,0,0,0
459,6,0,0,39.36,1549.21,0
459,7,0,0,0,0,0
459,8,0,0,0,0,0
459,9,0,0,1.25,1.56,0
459,10,0,0,0,0,0
459,11,0,0,23.43,548.96,0
459,12,0,0,0,0,0
460,1,173.63,2,0,0,1
460,2,0,0,44.35,1966.92,0
460,3,0,0,0,0,0
460,4,0,0,0,0,0
460,5,0,0,0,0,0
460,6,0,0,0,0,0
460,7,0,0,0,0,0
460,8,0,0,0,0,0
460,9,104.83,3,24.93,621.5,1
460,10,0,0,20.84,434.31,0
460,11,0,0,35.7,1274.49,0
460,12,0,0,0,0,0
461,1,161.15,1,0,0,1
461,2,194.22,2,0,0,1
461,3,291.49,3,0,0,1
461,4,221.98,3,15.84,250.91,1
461,5,231.78,2,0,0,1
461,6,278.54,2,0,0,1
461,7,241.77,4,51.08,2609.17,1
461,8,290.08,3,0,0,1
461,9,0,0,47.92,2296.33,0
461,10,0,0,0,0,0
461,11,0,0,9.32,86.86,0
461,12,0,0,25.66,658.44,0
462,1,310.11,1,3.96,15.68,1
462,2,170.15,1,0,0,1
462,3,227.04,1,12.63,159.52,1
462,4,163.18,1,0,0,1
462,5,0,0,0,0,0
462,6,0,0,0,0,0
462,7,0,0,0,0,0
462,8,0,0,7.5,56.25,0
462,9,0,0,7.99,63.84,0
462,10,93.32,1,23.36,545.69,1
462,11,204.22,1,36.03,1298.16,1
462,12,0,0,0,0,0
463,1,330.3,1,0,0,1
463,2,189.64,1,0,0,1
463,3,278.54,1,17.27,298.25,1
463,4,174.94,1,0,0,1
463,5,0,0,0,0,0
463,6,0,0,55.52,3082.47,0
463,7,79.55,1,13.14,172.66,1
463,8,0,0,0,0,0
463,9,0,0,0,0,0
463,10,0,0,0,0,0
463,11,0,0,12.21,149.08,0
463,12,0,0,0,0,0
464,1,138.02,1,8.04,64.64,1
464,2,0,0,0,0,0
464,3,0,0,0,0,0
464,4,0,0,0,0,0
464,5,0,0,0,0,0
464,6,0,0,28.95,838.1,0
464,7,0,0,0,0,0
464,8,0,0,0,0,0
464,9,0,0,0,0,0
464,10,0,0,24.41,595.85,0
464,11,0,0,0,0,0
464,12,0,0,0,0,0
465,1,132.7,1,0,0,1
465,2,172.54,1,0,0,1
465,3,0,0,16.68,278.22,0
465,4,0,0,0,0,0
465,5,0,0,15.17,230.13,0
465,6,0,0,38.99,1520.22,0
465,7,0,0,0,0,0
465,8,0,0,19,361,0
465,9,0,0,30.58,935.14,0
465,10,0,0,0,0,0
465,11,0,0,39.75,1580.06,0
465,12,0,0,20.54,421.89,0
466,1,206.61,1,0,0,1
466,2,268.3,1,0,0,1
466,3,233.3,1,25.98,674.96,1
466,4,368.31,1,0,0,1
466,5,341.29,3,26.03,677.56,1
466,6,329.69,1,0,0,1
466,7,263.16,5,0,0,1
466,8,386.34,4,31.49,991.62,1
466,9,320.04,1,0,0,1
466,10,295.52,4,29.14,849.14,1
466,11,266.78,1,0,0,1
466,12,295.11,1,26.92,724.69,1
467,1,195.83,1,0,0,1
467,2,184.57,1,0,0,1
467,3,168.88,1,0,0,1
467,4,0,0,0,0,0
467,5,0,0,0,0,0
467,6,0,0,0,0,0
467,7,0,0,47.66,2271.48,0
467,8,0,0,0,0,0
467,9,0,0,0,0,0
467,10,0,0,48.75,2376.56,0
467,11,140.81,1,22.39,501.31,1
467,12,202.82,1,0,0,1
468,1,234.93,1,0,0,1
468,2,215.37,1,0,0,1
468,3,236.81,1,0,0,1
468,4,225.08,1,0,0,1
468,5,290.73,2,0,0,1
468,6,378.08,2,0,0,1
468,7,0,0,0,0,0
468,8,0,0,30.25,915.06,0
468,9,0,0,13.05,170.3,0
468,10,0,0,0,0,0
468,11,0,0,17.41,303.11,0
468,12,0,0,7.88,62.09,0
469,1,261.65,1,0,0,1
469,2,389.41,3,0,0,1
469,3,307.55,3,49.84,2484.03,1
469,4,255.91,1,0,0,1
469,5,433.3,4,29.49,869.66,1
469,6,396.83,3,23.9,571.21,1
469,7,541.22,2,0,0,1
469,8,455.86,2,12.33,152.03,1
469,9,337.77,1,14.71,216.38,1
469,10,350.98,2,0,0,1
469,11,387.87,4,0,0,1
469,12,314.84,1,20.36,414.53,1
470,1,86.47,1,0,0,1
470,2,0,0,52.29,2734.24,0
470,3,71.6,1,9.99,99.8,1
470,4,0,0,35.41,1253.87,0
470,5,0,0,41.75,1743.06,0
470,6,0,0,33.69,1135.02,0
470,7,0,0,0,0,0
470,8,0,0,0,0,0
470,9,0,0,0,0,0
470,10,0,0,0,0,0
470,11,0,0,0,0,0
470,12,0,0,0,0,0
471,1,208.03,1,0,0,1
471,2,0,0,52.46,2752.05,0
471,3,0,0,0,0,0
471,4,0,0,0,0,0
471,5,0,0,0,0,0
471,6,0,0,30.74,944.95,0
471,7,0,0,41.64,1733.89,0
471,8,0,0,0,0,0
471,9,0,0,40.66,1653.24,0
471,10,0,0,0,0,0
471,11,0,0,0,0,0
471,12,0,0,53.08,2817.49,0
472,1,309.23,1,0,0,1
472,2,0,0,49.22,2422.61,0
472,3,0,0,23.28,541.96,0
472,4,0,0,0,0,0
472,5,0,0,0,0,0
472,6,0,0,0,0,0
472,7,0,0,30.36,921.73,0
472,8,0,0,0,0,0
472,9,0,0,27.36,748.57,0
472,10,0,0,30.83,950.49,0
472,11,0,0,24.69,609.6,0
472,12,0,0,33.55,1125.6,0
473,1,242.84,1,0,0,1
473,2,172.15,1,0,0,1
473,3,0,0,0,0,0
473,4,0,0,16.9,285.61,0
473,5,0,0,16.57,274.56,0
473,6,0,0,0,0,0
473,7,0,0,0,0,0
473,8,0,0,0,0,0
473,9,0,0,28.05,786.8,0
473,10,0,0,43.71,1910.56,0
473,11,0,0,0,0,0
473,12,0,0,57.39,3293.61,0
474,1,258.32,2,23.32,543.82,1
474,2,179.72,1,0,0,1
474,3,0,0,0,0,0
474,4,0,0,29.69,881.5,0
474,5,0,0,50.07,2507,0
474,6,0,0,0,0,0
474,7,0,0,0,0,0
474,8,0,0,54.52,2972.43,0
474,9,0,0,0,0,0
474,10,0,0,50.95,2595.9,0
474,11,0,0,0,0,0
474,12,0,0,47.56,2261.95,0
475,1,225.66,2,0,0,1
475,2,207.85,1,0,0,1
475,3,225.38,1,0,0,1
475,4,0,0,0,0,0
475,5,0,0,6.88,47.33,0
475,6,0,0,48.26,2329.03,0
475,7,0,0,0,0,0
475,8,0,0,0,0,0
475,9,0,0,0,0,0
475,10,0,0,0,0,0
475,11,0,0,40.14,1611.22,0
475,12,0,0,14.68,215.5,0
476,1,87.95,1,0,0,1
476,2,207.81,1,27.27,743.65,1
476,3,204.96,1,24.99,624.5,1
476,4,383.51,3,8.09,65.45,1
476,5,287.18,1,0,0,1
476,6,388.11,2,0,0,1
476,7,322.13,1,20.85,434.72,1
476,8,484,2,26.49,701.72,1
476,9,548.34,4,0,0,1
476,10,320.36,1,0,0,1
476,11,213.89,1,0,0,1
476,12,213.88,1,0,0,1
477,1,230.08,1,29.16,850.31,1
477,2,356.8,1,32.8,1075.84,1
477,3,482.57,2,21.75,473.06,1
477,4,341.22,1,0,0,1
477,5,334.91,1,23.43,548.96,1
477,6,472.41,2,10.66,113.64,1
477,7,376.01,2,0,0,1
477,8,243.73,1,0,0,1
477,9,254.12,3,13.62,185.5,1
477,10,268.44,1,52.02,2706.08,1
477,11,213.99,1,20.09,403.61,1
477,12,252.56,1,0,0,1
478,1,78.94,1,0,0,1
478,2,161.84,1,45.98,2114.16,1
478,3,175.45,1,0,0,1
478,4,254.94,1,0,0,1
478,5,396.67,2,28.25,798.06,1
478,6,262.73,1,24.51,600.74,1
478,7,0,0,0,0,0
478,8,0,0,52.55,2761.5,0
478,9,0,0,0,0,0
478,10,0,0,0,0,0
478,11,102.24,1,29.59,875.57,1
478,12,0,0,0,0,0
479,1,271.1,1,0,0,1
479,2,0,0,0,0,0
479,3,0,0,0,0,0
479,4,0,0,45.55,2074.8,0
479,5,0,0,36.14,1306.1,0
479,6,0,0,0,0,0
479,7,0,0,7.46,55.65,0
479,8,0,0,0,0,0
479,9,0,0,45.59,2078.45,0
479,10,0,0,0,0,0
479,11,0,0,21.31,454.12,0
479,12,102.64,1,12.02,144.48,1
480,1,149.9,1,0,0,1
480,2,0,0,0,0,0
480,3,0,0,44.37,1968.7,0
480,4,0,0,35.54,1263.09,0
480,5,0,0,40.98,1679.36,0
480,6,0,0,53.34,2845.16,0
480,7,0,0,55.16,3042.63,0
480,8,0,0,29.95,897,0
480,9,0,0,0,0,0
480,10,0,0,0,0,0
480,11,0,0,0,0,0
480,12,0,0,0,0,0
481,1,136.47,1,0,0,1
481,2,259.58,1,0,0,1
481,3,210.69,1,25.23,636.55,1
481,4,329.51,4,0,0,1
481,5,223.8,1,0,0,1
481,6,252.87,3,33.48,1120.91,1
481,7,225.02,1,0,0,1
481,8,0,0,0,0,0
481,9,0,0,36.87,1359.4,0
481,10,0,0,0,0,0
481,11,114.69,1,26.12,682.25,1
481,12,0,0,0,0,0
482,1,330.11,1,0,0,1
482,2,401.88,2,0,0,1
482,3,294.64,1,0,0,1
482,4,299.8,4,24.3,590.49,1
482,5,406.09,2,0,0,1
482,6,300.68,1,42.5,1806.25,1
482,7,281.03,2,9.46,89.49,1
482,8,185.31,1,0,0,1
482,9,0,0,0,0,0
482,10,0,0,0,0,0
482,11,0,0,0,0,0
482,12,0,0,18.14,329.06,0
483,1,98.39,1,0,0,1
483,2,0,0,50.51,2551.26,0
483,3,0,0,0,0,0
483,4,0,0,42.24,1784.22,0
483,5,0,0,0,0,0
483,6,0,0,44.44,1974.91,0
483,7,0,0,0,0,0
483,8,0,0,0,0,0
483,9,0,0,39.57,1565.78,0
483,10,0,0,0,0,0
483,11,0,0,48.95,2396.1,0
483,12,0,0,0,0,0
484,1,232.92,1,0,0,1
484,2,222.94,1,0,0,1
484,3,207.02,1,0,0,1
484,4,298.4,5,0,0,1
484,5,371.52,4,0,0,1
484,6,236.43,1,0,0,1
484,7,278.22,1,0,0,1
484,8,261.04,3,0,0,1
484,9,377.85,2,0,0,1
484,10,267.01,1,0,0,1
484,11,288.34,5,0,0,1
484,12,256.11,1,0,0,1
485,1,133.48,1,0,0,1
485,2,192.94,1,0,0,1
485,3,214.51,1,13.41,179.83,1
485,4,258.3,1,0,0,1
485,5,194.08,1,37.58,1412.26,1
485,6,225.49,1,0,0,1
485,7,363.04,3,21.37,456.68,1
485,8,478.63,2,0,0,1
485,9,639.48,4,18.85,355.32,1
485,10,347.2,1,0,0,1
485,11,261.02,1,43.64,1904.45,1
485,12,269.13,1,0,0,1
486,1,37.86,1,0,0,1
486,2,0,0,0,0,0
486,3,103.62,1,16.66,277.56,1
486,4,165.98,4,0,0,1
486,5,0,0,0,0,0
486,6,0,0,0,0,0
486,7,0,0,0,0,0
486,8,0,0,0,0,0
486,9,0,0,0,0,0
486,10,0,0,0,0,0
486,11,0,0,0,0,0
486,12,0,0,46.42,2154.82,0
487,1,149.01,1,44.47,1977.58,1
487,2,0,0,0,0,0
487,3,0,0,40.22,1617.65,0
487,4,0,0,9.52,90.63,0
487,5,116.25,1,6.81,46.38,1
487,6,0,0,44.52,1982.03,0
487,7,0,0,0,0,0
487,8,142.23,1,0,0,1
487,9,192.64,3,0,0,1
487,10,197.63,1,35.6,1267.36,1
487,11,0,0,0,0,0
487,12,0,0,9.9,98.01,0
488,1,212.08,5,0,0,1
488,2,162.25,1,31.41,986.59,1
488,3,239.48,1,0,0,1
488,4,262.64,2,14.17,200.79,1
488,5,252.36,1,0,0,1
488,6,166.65,1,0,0,1
488,7,225.57,1,0,0,1
488,8,286.8,1,0,0,1
488,9,0,0,0,0,0
488,10,0,0,0,0,0
488,11,0,0,0,0,0
488,12,0,0,0,0,0
489,1,163.23,1,39.5,1560.25,1
489,2,307.33,4,19.58,383.38,1
489,3,0,0,0,0,0
489,4,0,0,48.54,2356.13,0
489,5,0,0,0,0,0
489,6,102.86,1,36.52,1333.71,1
489,7,169.48,1,0,0,1
489,8,203.3,1,0,0,1
489,9,231.35,1,0,0,1
489,10,205.03,4,0,0,1
489,11,0,0,0,0,0
489,12,0,0,0,0,0
490,1,238.56,1,10.49,110.04,1
490,2,0,0,0,0,0
490,3,0,0,0,0,0
490,4,0,0,0,0,0
490,5,0,0,0,0,0
490,6,0,0,0,0,0
490,7,128.03,1,18.99,360.62,1
490,8,277.09,1,0,0,1
490,9,262.97,1,0,0,1
490,10,197.58,1,0,0,1
490,11,228.43,1,0,0,1
490,12,0,0,48.13,2316.5,0
491,1,81.96,1,32.9,1082.41,1
491,2,117.68,1,0,0,1
491,3,275.38,3,0,0,1
491,4,392.15,2,45.57,2076.62,1
491,5,519.91,2,0,0,1
491,6,632.92,5,16.46,270.93,1
491,7,382.69,5,0,0,1
491,8,496.84,2,0,0,1
491,9,365.49,4,28.73,825.41,1
491,10,366.49,4,19.6,384.16,1
491,11,399.12,4,11.74,137.83,1
491,12,301.35,2,0,0,1
492,1,156.36,1,0,0,1
492,2,0,0,44.87,2013.32,0
492,3,0,0,0,0,0
492,4,0,0,0,0,0
492,5,0,0,33.84,1145.15,0
492,6,0,0,45.52,2072.07,0
492,7,125.15,1,12.37,153.02,1
492,8,0,0,0,0,0
492,9,0,0,0,0,0
492,10,0,0,37.71,1422.04,0
492,11,122.85,1,0,0,1
492,12,0,0,0,0,0
493,1,251.67,1,0,0,1
493,2,208.31,1,0,0,1
493,3,225.81,1,12.57,158,1
493,4,194.89,1,34.67,1202.01,1
493,5,246.42,1,28.1,789.61,1
493,6,203.74,1,0,0,1
493,7,0,0,0,0,0
493,8,0,0,0,0,0
493,9,0,0,22.89,523.95,0
493,10,0,0,28.63,819.68,0
493,11,0,0,0,0,0
493,12,0,0,5.32,28.3,0
494,1,283.76,1,12.99,168.74,1
494,2,234.46,1,0,0,1
494,3,184.94,1,21,441,1
494,4,0,0,0,0,0
494,5,0,0,0,0,0
494,6,0,0,0,0,0
494,7,0,0,24.64,607.13,0
494,8,0,0,0,0,0
494,9,0,0,0,0,0
494,10,0,0,26.07,679.64,0
494,11,0,0,0,0,0
494,12,0,0,0,0,0
495,1,365.44,2,0,0,1
495,2,321.88,1,37.32,1392.78,1
495,3,289.55,2,0,0,1
495,4,265.45,1,0,0,1
495,5,330.15,1,0,0,1
495,6,236.82,1,0,0,1
495,7,429.32,2,23.07,532.22,1
495,8,358.14,3,0,0,1
495,9,446.94,3,20.97,439.74,1
495,10,255.77,1,0,0,1
495,11,222.11,1,31.07,965.34,1
495,12,344.66,3,0,0,1
496,1,190.98,1,0,0,1
496,2,0,0,0,0,0
496,3,0,0,48.81,2382.42,0
496,4,0,0,0,0,0
496,5,0,0,36.73,1349.09,0
496,6,0,0,10.58,111.94,0
496,7,0,0,0,0,0
496,8,0,0,0,0,0
496,9,0,0,38.92,1514.77,0
496,10,0,0,47.81,2285.8,0
496,11,0,0,12.77,163.07,0
496,12,0,0,25.63,656.9,0
497,1,203.04,3,20.08,403.21,1
497,2,264.91,2,0,0,1
497,3,250.57,1,0,0,1
497,4,283.3,1,0,0,1
497,5,265.17,1,0,0,1
497,6,213.74,1,0,0,1
497,7,371.78,2,0,0,1
497,8,531.73,2,0,0,1
497,9,483.18,2,0,0,1
497,10,362.98,4,0,0,1
497,11,340.1,3,30.05,903,1
497,12,291.55,3,0,0,1
498,1,270.93,1,0,0,1
498,2,243.03,2,0,0,1
498,3,243.25,1,0,0,1
498,4,236.46,1,0,0,1
498,5,0,0,0,0,0
498,6,0,0,0,0,0
498,7,0,0,43.89,1926.33,0
498,8,0,0,0,0,0
498,9,0,0,45.5,2070.25,0
498,10,0,0,41.92,1757.29,0
498,11,0,0,0,0,0
498,12,0,0,0,0,0
499,1,197.88,1,0,0,1
499,2,0,0,0,0,0
499,3,0,0,12.4,153.76,0
499,4,0,0,23.92,572.17,0
499,5,0,0,0,0,0
499,6,0,0,34.46,1187.49,0
499,7,0,0,7.84,61.47,0
499,8,0,0,0,0,0
499,9,0,0,0,0,0
499,10,0,0,52.54,2760.45,0
499,11,0,0,11.8,139.24,0
499,12,0,0,0,0,0
500,1,238.05,1,43.94,1930.72,1
500,2,215.05,5,0,0,1
500,3,191.08,1,0,0,1
500,4,0,0,9.64,92.93,0
500,5,0,0,31.63,1000.46,0
500,6,0,0,0,0,0
500,7,0,0,29.68,880.9,0
500,8,0,0,0,0,0
500,9,0,0,0,0,0
500,10,0,0,0,0,0
500,11,0,0,0,0,0
500,12,0,0,21.67,469.59,0