House_ID,Total_Area_sq_m,Num_Rooms,Wall_Material_Type,Roof_Type,Window_Count,Window_Size_sq_m,Building_Orientation,Solar_Panel_Area_sq_m,Solar_Exposure_hours_per_day,Solar_Energy_Generated_kWh_per_day,Battery_Storage_Capacity_kWh,Energy_Consumption_kWh_per_day,Usage_of_Energy_Efficient_Appliances_percent,Average_Indoor_Temperature_C,Outdoor_Temperature_C,Ventilation_Efficiency_percent,Airflow_Patterns_m_s,Humidity_Levels_percent,Passive_Heating_Elements,Lighting_Efficiency_percent,Energy_Savings_percent,Thermal_Regulation_Efficiency_percent,Lighting_Optimization_Score,IBS_Algorithm_Score,Comfort_Index,Energy_Efficiency_Score
1,152,6,Concrete,Solar Integrated,4,1.8143352575834566,E,14.82994322974882,6.8287427595997165,15.999211689708632,3.1568662931325067,16.971902148093417,50.082187855622486,18.45579959078834,22.237465926556386,91.2229090328376,1.5191227574157873,51.94537220778334,0,69.3602114864148,13.822977906504047,71.97958294047282,3.85160449285297,4.031133499738961,4.924374246216552,29.484900146576777
2,229,8,Concrete,Flat,2,3.598170359775743,N,10.411125193025404,8.808341842013515,6.638946958377161,14.892048953841874,18.058993162756845,68.8207481260347,19.338658542295022,20.44352704799403,74.46429273701558,2.228418166795857,68.93577165744173,1,63.375517915799485,10.901968861203457,77.13677006854849,7.52583811587888,6.110453000550844,6.608326306023612,27.585376455436283
3,142,9,Concrete,Solar Integrated,7,1.9819866858917474,S,8.075342098951719,7.2430259545343585,11.286022592988106,9.033037686059613,8.0783901956581,78.53807404795367,20.540311951341486,20.39781513711327,76.25674164008551,2.2332522361442066,47.547388115991744,1,70.36861335087946,12.22998393881312,74.3083644732771,2.088997907608598,8.484384667969689,8.564980210761377,29.52161086357886
4,64,8,Brick,Flat,5,6.854604830125442,S,16.849210268894005,5.038009734496253,7.559369119729476,14.802994671572222,24.54063353090352,73.93524289827613,24.956141079380807,8.216671826254624,92.37478177747784,1.8897609608352617,51.630300075494254,0,60.75710562045854,12.096227458447952,65.75911315668974,2.518314785233711,9.392426017999119,7.143803940638183,26.246760458463903
5,156,6,Concrete,Solar Integrated,9,7.886717781002062,S,7.075560395108022,4.449664427235998,8.869817585864777,14.206953487117708,15.895444539655777,93.10380712882986,16.773575887082107,17.70446027747998,75.17133566910178,0.18437678091640342,68.71879187079821,0,61.43571004755729,46.312634311096176,60.61252427983366,3.8421608005742605,7.750831715682751,2.875247101673716,35.48399601436082
6,121,7,Brick,Flat,5,9.331073477926406,N,30.522685096372353,4.066294499638752,14.915863431440703,7.886578284741918,7.713766355845586,55.270264297808346,29.30917818740664,18.571002776197105,61.88899505979019,1.4801690058049959,40.20728915096923,1,96.59431223683038,38.85031631735299,56.72923372814732,6.344863909010753,8.586553511591289,5.155933297566511,37.3608562531248
7,238,6,Concrete,Solar Integrated,6,4.943551117707889,S,17.77228011605841,9.296186487822713,17.751587164321542,4.580383969869539,22.872705066922673,77.69117203168628,27.983568301421467,27.009285210933456,67.057590818814,1.9878003299956155,64.33881010393051,1,74.08066330007513,37.08425464785113,77.75381545089066,6.809603369308293,5.230863626063645,9.193117116777898,38.68059597261802
8,70,8,Concrete,Flat,6,9.112380846295999,N,42.104066363916445,7.970948022586461,3.308412430667543,4.1435020953468,6.492768621588576,75.64896749104537,23.65824109513425,30.200564957620955,98.23612689552729,0.1414913074320717,51.85561868846945,1,76.43236004038722,30.90291281047238,75.8159469724994,4.567205547707274,4.507977876600586,3.940669562296341,33.64057730313394
9,152,4,Brick,Pitched,8,8.901020431371947,E,8.34083928447739,9.561649067150245,13.05814587326023,5.119861730309448,23.154708663550252,64.06964910860815,25.11056801137435,21.349468343000538,62.816214496100564,1.4192430727757879,52.77906058652043,1,60.734866181524175,41.27810467888608,77.49489863031226,1.7005523779946263,4.534376789297953,5.488573285827384,37.47440228039233
10,171,5,Brick,Pitched,9,3.8547614508885872,N,15.185817245366867,7.223042640004601,12.060732343978172,11.231724327338984,24.93131312577965,91.11140562885052,15.24990706866324,7.603488621949714,74.19724803872064,2.158633949886471,43.72695428829134,0,70.82087120687386,16.225919710463632,64.9010981121118,4.362711868834518,6.544346755059614,9.627088011793271,28.651098476056394
11,124,3,Concrete,Flat,6,8.82010562986514,E,37.86107661905657,6.313806170464388,3.2498857443427056,5.5483499315093425,19.008635983130077,87.6424327941103,20.08417163022673,12.105484117896388,80.12716668205378,1.2378449820214408,52.463374438676325,1,92.18903934965724,25.677647591537497,60.4963129028298,7.198907643632364,2.1181303500022812,7.612372050163279,30.09506401186193
12,137,9,Brick,Solar Integrated,4,4.381050266935539,N,31.946373337257114,3.418015422796225,5.0259922783620725,6.438528504855878,20.408944421479795,86.64295936659155,26.934903459921628,9.948020805581931,79.7312330935424,0.1098548869538763,32.92570037913136,1,84.61963838666877,29.60017003057374,80.38885314723701,7.038959150172843,6.215447645112351,7.729663470775228,35.66807346198129
13,166,4,Concrete,Flat,5,3.671823471042527,E,7.9021072062125395,7.701495970822209,6.909047399920925,7.834124451929992,11.746056729349728,93.8096239134778,16.16224460688579,8.738451895673743,60.15839772048571,0.1264320600054579,60.58574290456448,1,90.15122404345661,14.41637990706905,80.94589580221336,2.441767718848985,6.98619574165353,3.2710060397190484,32.30826416522394
14,149,6,Brick,Solar Integrated,7,6.841671929149538,S,44.47577557229902,7.075461318377618,4.171690345532528,13.872024845478933,23.831537054678677,86.13923003107607,19.234707513160803,15.976978958534227,80.04650925829961,1.0999264897930012,41.387510461770866,1,77.8885496317514,26.78054837350068,68.22465495867363,1.0700557324207045,4.95017866185615,4.732283064746153,31.292324268437806
15,153,7,Wood,Pitched,4,3.9554310509657293,E,44.47677932717808,9.931462255113349,5.630860167962494,4.462114432502999,15.594279322167353,61.592064585736324,23.779452425014668,11.881805064631461,75.35089831909637,0.472020801800211,65.50433317975819,0,72.3891688700532,22.660071170504814,74.47616339069296,7.776834555665051,9.578504590940506,1.7410794678704953,31.974043868075956
16,201,2,Wood,Solar Integrated,2,6.671878734962298,S,19.868360174409823,4.6741114444757015,6.084415178372443,2.0653451839274406,19.6477689319511,85.27813558248455,18.846195415484125,11.54909335434537,98.8831734189823,1.694681577023823,44.71402778429834,0,79.31240373313481,11.423285831738506,64.94078656926965,1.9573134974671933,6.473919451416177,6.4587328034548035,26.858050362646686
17,180,6,Wood,Pitched,6,6.4884862494882505,S,20.31826295073041,6.715161487007851,7.377802827742133,2.781253334916212,23.48215431822559,65.38514066949219,29.00966961216779,6.64079523728803,66.3663633597532,1.8011182357747695,35.712964419475306,0,72.92284273623005,15.469416109169408,78.07788800479227,1.7411422956785696,2.979995250129627,1.9335714808824476,29.62024632290663
18,199,7,Wood,Solar Integrated,4,6.070950346136129,E,49.50627612575782,7.556701345826508,15.238418603222021,13.761962441841533,24.503599519510168,62.108732517373525,16.965879462064354,5.530101343863016,74.1661678703798,0.5269115091055087,57.8352629747394,0,93.55884386696272,40.56147292669887,83.42886386591485,1.0243109515074713,5.312946316901646,8.523186239853594,42.32037202191364
19,102,5,Wood,Solar Integrated,4,4.42377733809518,N,33.17792772169122,7.512138223196406,11.866331873161414,10.41771404296372,21.66408713193349,53.650179644981364,26.96091536861668,8.083047279493453,76.77925940359279,2.232479892458764,36.583125788540116,0,71.90694862371383,10.72151638018578,77.52933109342598,4.893411933612345,7.078639934217645,8.33098408317997,29.702010356588126
20,51,6,Concrete,Solar Integrated,2,5.936497494863291,N,28.90924342556266,6.929054800638819,19.73868676707663,5.549528051261488,11.060350139640601,87.20142901738384,22.61923037859612,10.165924382708992,75.62774148403795,1.1605788279494222,60.14722062171962,0,86.39054561812335,47.37013196385445,70.50330507388546,5.529375108107329,3.9126621212243107,5.8024459101007855,41.68102494340595
21,137,8,Wood,Flat,3,6.368369274868794,W,42.7168482598366,8.43849607229058,8.87998071238195,4.303502513145484,24.33095033104165,85.55004809749056,26.25496163729934,17.929511865446095,86.6332331060745,0.442830178220617,68.72448945624467,1,65.4792888923811,13.456985297889496,68.34631837969482,6.738976415337316,1.7167744566012084,2.2704942987732672,26.373639188340555
22,207,2,Wood,Flat,5,5.911181996459261,N,17.838065226079237,4.434868466687715,15.323436402901576,5.825467576282486,17.562390624871433,61.724973883704685,19.660729924671713,20.31560783896534,68.62051430191076,1.9342038353665492,61.182114751810474,1,87.4746597493964,41.96952376813833,75.69278603902977,3.6645745664132727,6.250920712397965,1.2302108487565135,40.791751736247
23,87,7,Wood,Pitched,7,4.999775074760814,W,24.31321670283606,8.07939040192091,17.557900006154142,3.4923600542666415,23.612849527039195,87.4689508362078,22.717344034680583,9.217757545200968,68.84286211255967,1.9959388000402547,30.897969937252988,1,96.53198846400136,45.94466163773883,77.1924356640532,7.3938224474810195,9.53083151757712,8.170378007883151,44.29283077527869
24,179,7,Wood,Pitched,8,1.1320035134163744,N,17.04995039697504,7.338142000031624,13.900591367722797,14.239927833697735,18.522100516287036,95.89204415467765,27.852530245847646,17.74350024572559,89.16843794003412,1.6343091343970981,53.99543152211099,1,84.34332618559634,47.64542339401788,72.34917774098156,2.523986716662474,5.365647870068564,6.401264348920842,41.05104303251959
25,241,7,Brick,Flat,3,6.283555369310359,N,40.512238096492915,9.272525782562013,8.825430067932423,12.194680266748469,11.14477923695441,55.40144787457896,22.003171486846565,15.252465269777819,80.01162074712718,2.1483173276861276,57.81642683878897,0,82.3942152013791,44.6990809398389,74.9976910042958,8.487910477993125,9.15498172582334,7.39836673073095,40.244766361699895
26,237,5,Concrete,Pitched,6,2.5159994662844767,S,30.80072055358481,8.930361073235073,15.318297984169305,8.01108529986303,12.40049048285632,61.63183191933875,20.395797928654044,10.50270930493868,76.60622704229242,1.869695132873611,63.018333031851405,1,98.4447307208656,21.50200157701773,53.86354729978129,6.14663496001401,8.515212295345247,3.734264131627308,31.834485061051048
27,70,6,Wood,Flat,4,6.783183720524707,W,34.647128156303175,5.206029273927873,4.869675617681012,13.244513866497625,16.00943554205881,87.51303970436578,23.04233079379104,5.205222444450906,66.76812206709008,2.2172937693447774,32.24009235756001,0,85.09586221263385,23.32348525353908,88.07062064569307,6.255008410348436,2.3267150527058504,5.58534464059523,34.56003406054109
28,210,5,Wood,Solar Integrated,9,7.834098951305794,N,16.353826242773295,4.933661274826072,7.223491138422516,5.242956655812019,20.80029683119764,63.72533367535391,25.760441295545505,19.01053599565225,67.50108891648667,1.1413313163651508,49.204313118091456,1,70.3820173309233,27.06182794440304,81.63092254928137,2.8879787240119734,7.373529296520138,7.724567534856853,34.40233871325805
29,107,9,Wood,Pitched,2,5.504007782176673,W,14.91013856197918,9.871573266967136,11.387019846886487,11.322567390138516,11.359651026806699,81.23319871418585,21.653450182477542,25.56955247795598,60.42206547263602,1.894233107438662,51.41483490553577,1,71.69564095390962,15.571867576284033,64.95711478827135,1.6669787437034942,4.919189725647806,5.163069774824196,28.0937892404373
30,71,3,Concrete,Pitched,2,5.881272984817645,S,26.97685830423224,6.690856266406795,11.932778358436819,13.129722487178665,16.59462332268384,54.05821122318572,29.083154627134093,11.78832002431421,63.65705075446837,2.4994037522297066,36.76499450576712,1,88.21226570143709,10.890898202688955,72.5125044381452,5.182523227726043,3.252216927366432,6.412458004918578,29.627995975740085
31,138,3,Brick,Flat,9,9.56330703699392,S,38.19045870917721,9.344946747401057,1.4206880339799597,6.637993251102544,11.91249987152803,72.61012395517693,19.42418736063513,8.95420489690038,82.27354778760964,1.8398348740470862,42.89799238842598,0,89.41746375568745,44.76486457124138,51.892981205456856,6.540507567301231,7.182445201000327,8.10755435627166,34.47042863502859
32,98,9,Concrete,Pitched,5,8.624506252353168,W,28.635789088407208,4.147167166463375,18.957169586364166,11.84703779085933,21.315388092702143,86.95457109964765,22.131954092536805,31.611282333408855,95.67492520033639,0.37404107256911723,47.60886905024661,1,72.1398492715606,32.16514864841825,51.64911255996242,1.8554181279551702,7.683946467907792,2.9369858073974098,32.521575244528414
33,108,6,Brick,Pitched,3,9.22812864356323,S,6.469055489555087,7.49973240360122,14.23591815313041,5.835940540436022,14.33456187535901,84.32569715216263,26.353914890121622,13.250743174633934,71.48659060522229,1.3439649338300392,63.328387518312056,0,73.81375911705321,34.348917687128655,60.03193340447851,9.5548102707535,2.619066868613549,1.5933600042173408,33.063434903088414
34,219,8,Wood,Solar Integrated,8,8.323896594876278,E,44.084817784413,8.669021311524103,10.41837125440593,5.8851427583674,6.534456537057705,90.75360503379034,25.336816357436373,11.708378593779944,73.10988903584513,1.5096346989832672,67.17630264280828,0,99.64226034956349,47.07953899271181,77.58806569458493,9.823729242095261,9.230002138505876,5.7864115972972465,43.535375550269244
35,237,5,Wood,Pitched,5,1.980265076620583,E,7.910910208180921,9.631766747105129,18.729417453757858,3.3917433212044186,8.321050429630727,93.87260633015845,27.954615786257342,30.712908188297476,64.6242244244605,0.5181056201713383,55.13691315670691,1,64.0781019832111,36.60480712454463,84.08590991200046,5.9091102585324276,7.760325195562968,1.5591319364808616,39.504382847948754
36,64,2,Concrete,Solar Integrated,9,2.3409267037317525,S,48.01210176743385,5.361380987119164,9.342815739765742,7.720754604622184,6.222093352392646,88.65917506293792,29.952137710216633,29.513212975002837,75.54523782428411,2.41093992202729,45.797807440858485,0,76.18580113760397,37.634140173592534,72.36743519919393,9.550622397460655,9.400379492277718,7.899015649300779,37.13094825208564
37,239,7,Concrete,Flat,4,5.739614175420636,E,6.131388122477272,8.074868189468368,19.628275835137064,11.486254784466489,14.986058920286505,83.57938714694629,21.40287493192634,18.45039411573901,61.48886818277317,0.5213914663230791,40.16124071195944,0,62.4979012479003,41.47874593746969,71.2853095832941,2.6150071382276776,3.853658968873219,7.472903028704097,37.64686278349181
38,239,7,Brick,Pitched,9,3.2146269291819842,N,36.250270525881895,6.771691063277333,10.733410387626217,14.222870472426704,7.126745946964544,51.58612459080156,16.667263196749676,19.677165842833233,96.70402785047601,0.5261390073117347,69.28540737744602,1,92.84313447992963,14.65393799429615,66.09238135165864,1.228786166615724,9.454015141686881,8.935414043187674,30.936456222476156
39,224,6,Brick,Solar Integrated,5,5.290259275370433,W,8.699317867030175,3.4244024824652772,3.17142962996161,9.849360895078249,7.282799386192642,76.7483336704722,15.45623821211952,11.532461145020658,86.92445392498115,2.296401131138932,69.32079992305434,1,63.69383355781729,24.406486128551663,56.463918238320844,1.3546858176135093,4.316658920545428,6.756058882305645,26.481730552112804
40,239,8,Concrete,Flat,7,4.549287914365152,N,45.98044607458128,7.829998161162604,15.531218476726268,13.220761990564608,23.820965200767542,51.88488624574264,25.903153592096572,7.349050114386725,99.62995237572875,1.2164930394920106,66.99907792940138,1,86.96029425850844,48.728317108134654,54.7341640530635,6.287612314841012,1.4857278528465256,1.6047781367713638,37.6647466348185
41,100,3,Brick,Pitched,2,5.94472814587408,W,25.899495630149424,7.830675907664904,13.89905677647897,12.692430440772952,22.45310144352111,90.40339085580112,28.110205069630737,22.202954760669833,95.31292650713975,0.2516518702588389,61.42676599511277,1,62.25933696013928,46.91720312402426,80.42719044883864,1.5547769509314118,7.86672449838121,3.2783691294065567,40.73968897796097
42,157,3,Concrete,Flat,2,7.7218814452224045,S,11.188569866765693,9.51424763392576,15.686747704806148,4.253459688678651,14.04173193622732,66.03622622299788,18.31068878916628,7.950347647706394,78.91962374792611,1.5356499998524686,43.031181749824725,1,86.91420151238765,45.36301185240739,87.10014205186303,9.626910461416784,7.331573296795067,8.271386601064474,44.324016317653836
43,104,7,Brick,Pitched,6,7.43941816389347,N,20.336706490543097,6.481187123182806,19.07739854578794,8.315626575864208,24.716106417004116,78.12146870589605,17.37672055784859,18.478236408699495,80.78740124601508,1.5443832367193149,62.68001933990523,1,93.72147787710813,28.0835404135589,68.33132865545093,2.2773988968345873,6.381198930369992,2.5041917558222897,36.55519513810026
44,113,6,Concrete,Flat,6,5.691107192368009,S,12.417110390604293,4.611756444973603,15.753296750369344,3.520005961830089,5.003730563413262,63.972265365945134,15.933076372885365,33.214915955390325,67.62304186068775,0.25480182084774833,46.3517206908469,0,75.9528610769623,44.287718143472226,76.37782634862553,3.7425052544768076,5.409043699457566,7.286324210333986,40.389634910428384
45,180,5,Concrete,Flat,9,8.401540769353524,S,12.67618602006905,3.311946764140754,12.615395442116291,10.867991100301255,17.279589125467876,89.12500721901468,27.340543825758097,33.585031675117534,78.48157371358222,2.434053989520789,43.07092392620181,1,80.88505973728708,11.935835277830623,86.57830603523765,8.402660217985137,1.2894874329036825,8.022333978284301,31.76589433912942
46,100,3,Concrete,Solar Integrated,8,4.8777588238423,W,47.6648744077149,5.90949530680134,17.288869144855976,14.348695687198987,17.3285635474374,94.32512633209512,19.670729098388765,12.179968596420759,96.12111493971247,1.4056719167069816,59.794614338651186,1,76.0616695202113,15.940696970284698,53.60454531736578,2.968662907936838,6.621375263681389,3.97100618069717,27.891333988287172
47,184,5,Brick,Flat,4,9.070428608561102,W,25.036075052815466,5.1134169005425125,13.7916823477361,3.7821629550238347,14.148861117397765,69.9321247106532,21.025453391396645,23.72340260136963,62.03413694543285,1.4435097332314342,33.186157104816914,0,72.01955034530556,26.558707939362165,80.81925812476119,3.1867161260911354,4.751511537005143,3.9006772606261766,35.0420578182397
48,70,8,Brick,Pitched,7,1.641522430496475,W,40.49610187574118,8.327618142167129,8.754262079692538,11.540480700433037,12.938959458685858,93.14611967554944,22.541252874144185,19.22228792323573,94.54227211993239,1.348276994805747,31.942508931826467,1,92.13053602508512,29.335682667285056,74.672675375023,6.7807806021191634,6.041884624668505,6.020224130882322,35.90752281857084
49,122,3,Brick,Pitched,3,9.591940270299768,N,33.78225025299568,5.479874353887326,17.826775520593692,10.219095961282193,14.107662709612152,63.35375037281662,27.59179851314326,31.27055382758318,73.63791206570438,1.565756271147088,47.91814788724743,0,70.88010294923959,20.540286140834276,73.94548715319445,3.484774796403361,4.8638920777087264,8.751576994792874,32.57732708747361
50,216,3,Concrete,Solar Integrated,5,6.892237732882133,E,35.43918630522765,9.643498374203908,5.216108754903084,9.586865481105296,13.29920872159361,76.73304615377619,24.762498323422275,13.142925928281597,95.9805106038524,0.7343194066570118,47.82555203288648,1,88.91773697557788,24.259066833911497,61.701617139262794,2.957028706069303,9.69450519488679,3.015155817221325,31.49193996554177
51,67,4,Brick,Pitched,8,4.420670580434848,W,10.926204731241732,9.73617142091449,14.57818422326576,7.07156305094841,19.609849549645986,92.9380714919352,24.225969447867172,5.111072204972506,97.63519625365939,0.7893792351396178,65.8257661225534,1,68.2478831702081,16.51104404101475,77.35573419110708,3.2875994287509176,6.4369801103576245,9.471323764381625,31.45228123427133
52,181,3,Brick,Pitched,4,2.774387139155896,W,15.538300106696855,7.346360131523957,17.749705643874382,6.616711420799564,7.707108699465682,66.29406713078951,17.63508149933866,9.876836177942453,86.83459548007625,1.3272138155107187,35.046123851512675,0,69.99415184313318,29.565361268636288,81.79191019283107,5.415827494066542,7.7431269754222045,6.392068163380974,37.32597212732974
53,138,9,Concrete,Pitched,6,5.312649064992399,N,40.403765081949665,9.50062200910418,14.895013874362629,2.588239457245542,8.952784411822602,97.70211325390429,22.697848375647446,15.485684035081942,86.57695146370712,2.036046051432591,34.93135709809651,1,73.4584465030885,41.75373171471445,54.51432659774789,9.69489885458334,9.42712252723975,9.929138242170485,35.63925676459324
54,109,2,Wood,Flat,9,2.7510249086677088,W,48.684479291365236,8.32598041160147,14.248232962023282,4.832813207276175,8.610364567848471,56.09397508906918,25.730715257679826,14.471633893114658,78.1101735083496,0.21967498358602927,35.898104018996044,0,83.56625509575153,36.45441574645223,71.34085723923936,8.490141474051054,6.324393906250657,1.8065235159579038,37.675647055013485
55,63,9,Concrete,Flat,5,2.4969844696882793,N,16.820403916939327,6.828017486825884,15.300127587364884,2.19729946972875,10.249411702425292,50.91375348617531,29.598913245457375,28.740887573686578,93.4216089817483,1.5481701093285904,31.189450451784104,1,78.17689276638164,14.31168989462165,54.05060723949639,3.561492381041594,1.1085626604016068,2.1390592285608316,26.203055742477236
56,58,6,Brick,Pitched,6,6.556165816716768,S,17.220594413796796,4.262155547959447,9.836049717712243,9.558422372566266,15.505168375631666,95.20676762890953,18.02109463820028,25.416819984165134,98.46451033733132,2.0362675420151533,32.86926951259633,1,89.80579239311282,29.503264135868644,84.90296077190578,4.270358876482879,1.3086251047948814,8.439776233421345,37.04108559895445
57,139,6,Concrete,Solar Integrated,9,5.707762521236062,W,26.28037097649072,6.21018560459688,17.609242960983494,3.376092066412815,7.224174946764375,53.43243330739361,15.1431502960084,13.986689588446918,91.00327201356477,0.4766014528893452,56.39479467316156,0,68.54269201344769,37.905855311189,70.30546890625389,5.180610254536696,7.321045906916757,8.782803060434643,37.273177349532304
58,102,5,Wood,Flat,5,7.030864311498475,W,49.272814078494704,6.926121243538323,4.865293027585732,13.349252122386309,22.363385906530084,99.59445979737458,16.129521503977045,18.7323145149864,84.87746935026837,0.1360541007533591,47.26337316470037,1,60.426891513953365,31.195811862157647,82.3186275704303,9.810366823152913,3.5117662253615514,5.0091281953384055,33.54057007471815
59,179,9,Concrete,Solar Integrated,3,9.366452896797902,S,17.103152562191198,9.047731065145072,3.420341904006446,8.800859269063148,10.947230626169446,97.5698430989553,20.63778697772969,7.866773118750057,84.27171583285347,0.8505119083394993,60.54412268352054,1,91.0622988714088,25.66702386142196,64.72342550664857,2.551514215021441,6.214417546131538,7.426640585281015,31.67797403692478
60,133,9,Brick,Pitched,4,5.790341920051361,S,23.313735933541874,6.369333635749654,6.424666822251719,11.09596881776321,8.250759749374158,56.85104550181603,27.30816971618981,31.94439334460302,93.9787960633465,1.5115448961510356,69.70390874326641,0,92.8659733552029,34.876576851355125,55.00312907265302,4.2173479314269455,2.8204946298160207,8.808015587009846,32.599228495870975
61,141,9,Wood,Pitched,5,6.228388479365179,S,45.116600703057806,9.283722708745696,11.09997053872487,7.341142193926454,18.512426191964867,76.87923128462829,15.107131226523675,33.06274473345603,81.64815063085193,0.4318796161713945,56.36138724396005,1,62.37920652433558,48.74554661201102,51.65997217542846,7.564834845844435,3.4322398755554273,1.388150093969458,34.100021153978616
62,160,8,Brick,Flat,7,1.806637052394479,W,5.131446467961291,7.720442853164283,10.700674112777424,9.287537517013632,5.761726011986386,59.24601487335722,21.850958893287604,34.39410606142815,92.15439544995291,1.1226936903339653,32.01822282480495,0,84.43630088633586,13.79631639064312,61.26038483089502,9.67549360842049,5.541769503532677,6.165553806939327,28.083090695267547
63,237,3,Wood,Pitched,8,7.458722073177666,E,6.78946842448563,3.9589934413756995,16.591376395855146,14.254569300566196,17.399371297483285,71.40775865150599,19.93845923012092,31.05658492357513,80.35541020696982,1.4255715936982671,34.18251459017366,1,75.12827135492311,25.60064242990243,59.76934801456314,2.4010769148781392,9.78012517020474,8.681325998738405,32.421189780587646
64,248,2,Wood,Flat,2,4.599146861237406,E,32.18322546820487,9.96486958527565,8.68680447167633,3.07554251510772,18.963968613529996,53.071256462991634,15.787225651495914,10.218826630886767,62.497770998956966,1.5373194274175612,65.24016339258831,0,91.75582620778067,26.264234121843828,72.41407896079848,3.046419587749112,6.546434402882724,4.583394501262974,34.58431642440272
65,221,5,Concrete,Pitched,7,9.79052714796321,E,45.832107412078116,6.690628625277388,10.202544099538665,5.30119103500805,9.298330627734384,61.196229389829476,21.75354430008926,6.385894496048865,75.3578803561662,0.7585881304009003,51.09983778233046,1,94.97658216785914,33.07869241873484,50.869553522548294,3.0312520695138723,9.425332940617208,3.7214524550118417,33.5207520549472
66,57,9,Concrete,Pitched,7,8.408566140360943,W,15.748549718086744,5.743008074863552,1.253985981928517,12.139848249837076,5.839281468872686,68.16363981994498,18.821230610050783,22.38790182238022,77.77763830685996,1.0600711263670992,62.9934863758296,0,94.04015067188996,16.086984075276717,70.82282177196694,1.1883882654286615,9.634418689482528,8.161360165853537,30.572355578447613
67,224,9,Brick,Flat,8,5.702329364645065,S,26.133879860631904,7.613796351286686,8.785045492415843,3.283583689474656,12.272907178388992,71.93237501230274,20.278272515205096,32.37815080649331,65.66468979946468,1.9680141497621408,64.26449344899704,0,91.08816989403408,17.06572119481878,65.67086968048012,6.437040624828546,2.8729899677845667,4.0220792515255255,29.69431437598515
68,84,4,Concrete,Flat,2,2.1090038875494943,W,25.27093857460182,3.7622531978672735,13.3077104260565,2.983594350753441,6.9718846048387295,98.87481291044466,25.584229571764396,10.320540849792286,64.09985316756851,2.358915265889645,67.10698165998076,1,70.76208914968652,21.414455439914185,73.08489079657768,7.036327667313044,3.8007424222205,1.028568683660529,31.539214275913842
69,130,5,Concrete,Flat,7,8.734742139525302,S,26.283710574297956,7.45577052727348,1.2946582819052515,6.700038183802501,7.329556993466742,90.39328228419906,22.823264758664507,5.211287438724256,81.41859798627817,2.168512794683817,67.99316821945463,1,92.47558574273268,48.234801730740784,78.09670112601458,6.4227330111272805,7.9299305309683366,9.63615328866159,41.182257081273136
70,213,9,Wood,Pitched,5,8.198029858816195,W,33.01338630783853,6.487652003494911,6.336757338538631,3.19818346014162,10.085224628897292,86.87049721559731,16.8697114348922,29.16488138096733,63.40574546224329,1.4542804041602366,52.19303186013225,0,81.33913903625171,39.3643432492361,75.36367780319355,1.641906904715329,8.800876020622095,6.329109127159167,38.043479110866855
71,99,5,Concrete,Pitched,5,2.661266165833297,W,26.13846933458077,5.8467184899900815,4.951170826498409,9.606019748680641,10.909358492535187,76.85206573709871,29.421218106354587,7.30387052860202,72.11780671560336,1.0847027270654717,43.64080689024135,1,62.11026459328363,36.46773206766013,89.38577477493465,1.6230711317106854,5.6730406977057495,8.37566126839064,37.15334333945417
72,153,3,Wood,Solar Integrated,5,3.6575046029827907,S,25.1360663595106,9.671140148252295,1.7977231492821764,4.941578260615797,15.599406820428412,91.99988803021716,24.538661485646074,17.411180957300914,89.78387903852304,0.8990958744914037,68.47459497391995,0,78.27755399592996,42.67830749577049,55.53061375507484,2.8934789904471163,9.939034605524943,8.42771406108443,34.08472195030053
73,181,4,Wood,Flat,2,8.140665323330536,E,26.342978919406722,6.657778017124373,10.105941708376212,13.64407352159184,18.56783771006026,66.96614178278556,26.488026384937974,25.36662011566355,98.57728718271923,0.3998957586016434,51.89625624004901,1,97.68631668119974,15.103058756667718,67.18948035719114,3.6126506412902315,1.1041497887974323,1.5976937833545954,29.979463665993247
74,51,5,Wood,Pitched,7,2.667056018926687,S,31.589034857196868,4.533822356289569,4.452742571334974,12.185501050988337,16.855418817403695,85.4449556386658,16.18819725012556,12.103927563685403,88.71482322207714,0.3557229933186712,32.570108918184445,1,95.51437398942211,44.37331278895007,66.99322946573244,8.078892903190425,3.6963339002669406,2.5377417944781833,37.891892423094106
75,183,2,Brick,Pitched,9,9.259772402542396,N,29.165336975811126,6.212744355641091,15.118549252996223,11.09616767929319,7.967206745790336,99.6891987689086,15.705875691900284,7.518876903401801,99.70502193811481,1.7520582997927785,55.7110620023946,0,64.09057123988464,33.79330855550016,66.68212814811682,2.43451239174029,6.608455783701219,3.8000861268368267,34.22887632760137
76,103,2,Brick,Flat,2,4.820746826767257,N,43.43611989427269,9.435711832008709,17.110629791503623,10.020272355998525,8.44172064905253,65.73144544675993,15.291720755521217,28.10063685367486,87.9335188511761,0.7235065988107849,53.50739001580043,0,89.76506742857481,23.41316029835742,76.55193568170674,1.3968299475777892,5.223609198437345,3.8862935653719055,35.77768976669425
77,155,6,Brick,Solar Integrated,5,1.7833506632889278,S,7.2273584072149974,4.232668299314163,11.366118470713808,13.225054494439023,22.57538499585829,83.70087674419837,17.831910416601666,23.905252546611244,71.75177882617311,0.7111880474378722,65.83171491578824,1,92.2317146383294,42.634210229827616,69.5931224218689,4.545887569417497,2.049426697859207,6.929075059128216,38.615168050869606
78,53,4,Wood,Flat,8,8.341737791538527,W,42.499268216285564,4.497699270817659,19.65243950790169,4.899806800055839,16.167046301282273,92.21574320761911,21.216125965777426,34.65471453460414,86.88210162021448,2.4956681307466857,56.127487566312496,1,70.85552752947059,42.102581373944965,70.69730239251852,4.747529531277283,4.310083769325073,6.608196286774163,38.64829229907961
79,103,4,Brick,Solar Integrated,7,4.361587147345489,N,42.97660756752758,3.0912069742995865,9.55909285794131,13.350414955934959,22.39875665795378,95.79037916753362,29.037392001042342,15.32924099959878,88.08627060787614,0.551022298897109,43.96209697846206,1,78.86434282964369,43.82834326866909,67.2942396858706,5.058166043700588,1.2290242896553516,5.451308002088323,36.65140863025855
80,240,6,Brick,Pitched,7,5.738492747384029,N,17.820860968893236,3.0993303457703703,10.753995994273396,12.263399879512681,12.430930226397487,85.89663454700509,21.855894888986644,6.852871588705991,74.86907938465842,0.4553434227731912,68.64902902823282,1,88.43951765854732,14.620716004279286,89.6679784407425,8.442131896242717,6.784714414677515,2.9013735907789115,34.6715043370772
81,195,5,Concrete,Solar Integrated,6,2.0107390997009724,W,25.82833797571328,8.805741388709588,19.795137325197253,11.726090743039912,17.288000148626477,64.18039617085681,19.353826580587942,27.03050106005887,60.70855402437556,0.33684454662380947,62.064779439281345,1,77.56165955284592,48.77444979983104,87.10245395276169,1.8820487338384755,9.034682886967197,4.437851227212731,45.57495572821913
82,93,4,Brick,Pitched,6,1.0232561336048414,W,24.734231984184596,8.12485824790069,5.399420283335927,9.296323814974013,15.473268321092215,66.31410757844732,23.42902880279495,20.65200256559737,88.12799139101948,1.4915328284003109,55.216704735254176,0,64.51187675466308,48.38504615158924,62.30896757457484,7.335478741797659,8.96386711405113,5.892345716186526,36.30115251533546
83,211,2,Brick,Flat,3,6.741866852139679,E,14.832942545935863,5.485287395163708,18.9083728538612,5.201174092617801,11.382469796409252,51.03790160619821,16.67901867202184,11.396117941674053,60.868003811021666,1.6068731824050435,41.71700813612492,1,88.23529778726886,24.29878582006966,54.46375699066669,4.041510139407617,7.295900263889918,5.211868294935478,32.24677154643135
84,239,2,Wood,Flat,9,5.636576533003584,W,22.855858118884242,7.888178100593009,1.8139135472631516,7.506122907894652,14.398307440671907,88.0442988835755,24.142588365074747,28.45186967014278,85.24752312240284,0.9765470230165166,44.941611852571825,1,96.46554758941214,12.635760728476786,83.59058896154411,3.7898212279192296,5.191931759481347,2.1456327978557055,31.55656983114197
85,63,9,Wood,Flat,9,6.341847122108325,S,6.997449747688449,5.766441484169791,9.4813509150007,12.316418509004421,15.04981753653864,52.136980303097566,23.526479314957548,11.112664575498313,66.5446595497022,1.3849920052275226,56.798796963866266,0,86.0993891362463,16.682226778751428,89.88681005702898,9.39288813477382,5.608284568223407,6.845594441517314,34.60989605530068
86,144,3,Wood,Solar Integrated,4,8.143694653424646,S,17.50199327517805,9.670277571984792,2.33006673052825,2.413120296645218,9.015419495133571,93.23261773013729,26.879895501085645,12.819849644988096,82.62414110992174,1.99215887426779,32.87923273853287,0,90.95202994276136,49.71323301778788,61.704355761585816,3.2362167197506784,2.232269415960966,1.657465991295945,37.2625112812275
87,97,4,Wood,Pitched,9,6.819453220805741,E,41.750697895282315,9.769368769982243,14.855460115359216,12.166660000428857,11.300207447534632,55.933030723726944,29.800314174255362,7.775856631001574,80.156521015224,2.063450003972196,40.26722366601054,0,74.33450142631314,32.52051772686652,64.31139703367064,6.782786518054297,4.069153838072827,4.403752147729723,33.836807658111816
88,64,5,Wood,Flat,6,2.5729609854463944,N,17.80530357933039,5.749556430665404,12.559769781720338,5.120919626338365,20.82819501013951,58.593825606796216,18.763102075741656,16.982968370925633,60.540545692247306,2.398988981717556,58.55603733586392,1,67.3279298050654,24.264871953042082,87.66532725940812,3.4761498163848286,2.689552679484463,7.390264129077062,34.59518451054174
89,249,6,Wood,Flat,2,4.246952671995398,N,41.81930009367114,8.979553344386076,14.426051005884332,3.8760196093808394,23.315764789082543,73.82632354161187,22.64484676205641,17.56787671812257,74.51463267980414,2.078243166214899,49.20074039378484,0,85.7109464647317,21.528107754001553,78.4451807201236,5.564294943763466,8.390801830149591,1.1802118106773585,35.281933683905145
90,239,6,Brick,Pitched,9,9.153019943089843,W,28.92197590719939,8.411623291882263,8.115127599392324,3.504117136343928,12.195881870905989,86.89402075843711,28.632981094785052,20.43685371044895,84.04364669585212,1.4556194481218239,46.0957425925772,0,73.11084823364875,20.2796694124379,61.82553327118545,8.076636033366501,9.232785112041638,6.129845371407845,29.229674843620128
91,89,5,Wood,Flat,6,7.92950230226511,S,44.5938204812522,5.169999560202525,8.020156746596225,2.3542501553605963,11.139445644180363,56.95011025995389,26.77784826634262,26.268928013713325,93.94426207595119,0.5311767180084304,36.05830489601658,0,94.40294075959171,36.56611060217928,73.2418596513566,8.935502711646345,5.832309352781054,4.010688767289675,37.82899240675973
92,131,8,Wood,Pitched,3,6.009733521430455,N,30.865079941898685,4.624278802307742,1.8610663002569976,8.806624307878888,8.90394329143765,72.00355375332492,22.311094546512113,32.18302786041278,95.54568455346069,0.33943253848682176,47.6739613791093,0,64.90512199912027,26.775513260787438,87.76918317457024,8.548275162655454,7.549876364616496,1.0794865908046103,33.959191346037
93,160,7,Concrete,Pitched,7,3.3008049802834507,E,6.335070037913292,6.207642552749837,7.648953851063156,4.837378345018483,18.569823373011623,74.14256372050524,29.180574744221666,9.13202296663426,79.35399880132893,0.23082853578606208,60.827678830409354,1,77.33854798932495,48.61642797474446,82.47252427783114,6.239626625301758,2.0931829381641474,2.7134494395487465,40.76171540476753
94,102,3,Brick,Pitched,9,3.7185445165131554,E,35.393909339619015,8.469441884300844,18.65647964297913,14.86261295513521,11.461994033326746,60.614282083429565,15.85855040275214,6.630442950459711,89.13689949197753,1.6996619962849209,40.56051384287572,1,75.86910401873544,37.35372122581445,79.67330854914638,3.239346838043999,6.476811789495145,9.46851573943589,39.75434676594202
95,73,6,Brick,Pitched,3,7.587622608270711,S,7.018410561060589,9.721174493101218,8.20530420642853,9.467677826338676,24.75499078198377,55.77791883403159,28.96497929568876,5.555937007829998,72.6581830613383,2.0380870129551836,30.215941687347097,1,97.52215414215718,41.68178364195845,79.4798524690809,6.951100449356792,7.325119192400614,5.690340149545814,41.25880568038526
96,203,4,Brick,Pitched,7,8.660568347674937,E,25.27686585424103,8.345053482066007,16.79598641821743,3.7925085016281352,11.513696041279065,91.82104614928198,15.757610885742098,9.308641342064487,73.6874562303463,1.3208414816417897,56.740196046039316,0,66.12539202417615,21.709661943326395,57.12081297169081,7.389145412016472,5.074913165602607,9.975044841662186,28.923780296517705
97,237,3,Wood,Solar Integrated,8,7.042822025775529,E,46.82420125129013,8.98644889512859,17.004184590248748,10.95391303054775,12.882720935652562,75.12328248813827,23.209571161720262,24.73848457344878,67.77854076729255,0.23131401960073586,68.90506417730211,0,60.39387300048044,13.167456364345034,82.98724956911747,1.0962279110215127,3.1894577602362877,5.723350753282671,30.625802593272056
98,173,4,Wood,Flat,8,8.285769781915976,S,12.434177270203257,7.221450143193616,8.091581971205443,13.67066636462643,17.066683924240696,50.71906179920765,28.356614220016287,26.8243123398949,82.47792439972957,1.3851293790192116,54.27306254354332,0,69.5234085122847,29.512913495275242,61.044745297738324,4.952894598386871,8.896370684872522,5.895427710612414,31.412754490574297
99,90,8,Wood,Solar Integrated,7,7.899905216803654,W,22.544255882369484,8.84785481589488,13.007784927527592,11.687333439804986,21.0336858638261,90.14906506545519,18.94081415341954,28.595171405843665,72.58256603709461,2.345798227658921,34.79687435708521,0,92.81107439074617,22.583261861849092,87.21466631606118,8.58935838539588,7.686178479583502,4.526587116395671,37.6378119422638
100,206,2,Concrete,Flat,9,2.3473357116126197,W,37.84371389818153,8.490946006023924,2.812060443188114,2.9937181935128194,14.390373306912673,99.03969027072924,22.083727484177377,12.31124635713028,63.374835857540205,1.5342716582379052,42.82932369378692,0,68.37287264188069,18.083326600316948,64.58559964055132,5.406288366187426,9.098715536642755,3.7903637685827287,27.561560368359597
101,64,3,Wood,Solar Integrated,4,4.8155033162197185,E,44.70163502426814,5.6388987934839605,2.9698930339512533,13.646494355504574,13.453120675779166,80.29630977071237,19.8649331870545,14.176844397845597,87.40024346652714,2.0426259723107556,64.70566458880893,0,69.6351225482193,48.10568523203445,84.30641588169026,3.80237897946989,8.36562382748041,3.2639099781965033,40.52360437305665
102,94,9,Concrete,Pitched,6,2.3768542074570638,W,35.19243521341286,6.863932114845047,1.924495609572553,12.321082016179542,24.912756671896165,75.18541935420353,29.28215875614527,19.494039366964984,88.31012830421592,2.0203663561402014,39.302722970273145,1,65.19595218147244,27.759528573681212,60.649339780712054,8.846179939221965,9.913369866209763,4.090785545176065,29.344894841550484
103,114,6,Brick,Flat,2,3.1171202632178634,W,16.617796438602614,8.633271853927864,12.03928677412708,4.057950701372986,5.209872822798889,93.92079315224808,27.354683921296363,6.895492905806795,74.39969675116231,2.337109839473567,54.307836139904325,1,88.61744813106162,16.988343681951427,70.58107746328962,2.4029262777682514,2.7295545989300405,5.138659728103889,31.02823168496094
104,138,3,Wood,Flat,2,8.823336621859472,E,35.35735338122973,3.3223971393296945,9.095348574895844,2.6732165535266192,22.901305777024916,97.62583948422993,25.635022669895694,23.334245696337383,63.068935978240916,1.9485490375596959,46.10684833015991,0,62.76696762021669,17.946026107245565,54.27541181956242,2.8580070917458036,1.7807299102357668,2.7279275520771105,24.690802655134146
105,120,3,Concrete,Solar Integrated,5,5.256027690698639,W,18.35274384968405,8.65655497649081,11.412614776620561,9.245037479086012,7.982816518794749,87.72684579512303,23.81440479922663,34.51205101027273,77.05190869613703,1.894481233631415,38.31374885678596,1,73.24833209314086,21.22838969858376,76.40475611984697,7.1863513024252,4.033025122035326,3.023875826251263,32.06342932258978
106,58,3,Concrete,Solar Integrated,7,5.818222916583948,E,37.329315341843085,4.245216868343164,10.900390619659369,4.0284655474196995,20.71850552417827,72.2726464867144,27.308876839862222,15.824189341340077,77.69341832200863,0.6618463959295373,62.536275742587186,0,71.29994906483859,49.97265072758851,83.44317100667354,4.171923473739175,2.1610375752093303,3.443902918015952,41.42270996506886
107,137,7,Wood,Flat,2,2.6060136870499493,N,47.931490741326826,6.6027853198500726,7.653856830723875,12.849682383738537,17.35863119692596,79.61106996657202,20.884005622853206,27.585424252741518,86.74683539591572,0.24382037277059548,59.713251058627606,0,82.20638919160619,20.720460020783893,78.73789125209665,7.41715152160401,5.708171016156019,5.043339027377552,32.856760745191096
108,178,3,Brick,Solar Integrated,9,3.810446074439164,S,37.462705299782975,8.657928076891563,13.871994881645985,6.658350536731759,11.836945709961842,85.04676825089996,21.71327782659093,20.00101746708824,72.61665565034734,1.3422387161291385,56.463642638370615,1,89.21665060078942,23.152072183138145,70.93034051754628,2.419332591335427,6.697260148669683,6.875320301328188,34.16720582459278
109,185,4,Brick,Solar Integrated,4,3.0722155158508295,S,43.829622631058555,4.776747547096864,15.411535737411423,13.86760178157548,22.477499110420368,59.71367855009007,25.95002581621292,8.834355330811482,87.30397119125222,0.3986420990722125,39.45346361075005,0,81.3150573878699,36.373125119360054,51.80463514405838,3.2704218064076134,6.204597536560633,8.705315352576585,33.7275969582011
110,112,2,Brick,Solar Integrated,7,2.8556754806658375,W,5.0946729429147535,4.720652075143072,1.2779369186758385,9.353946237833075,5.25814455961984,72.3600516108219,20.366321449405714,22.467123464077588,94.85954167029553,2.409270103067179,33.914280108658005,1,97.24103971900271,21.758455056411933,87.33764028683433,2.4098264052727014,3.3331612185124313,3.5841865346842896,34.64138817362837
111,188,8,Concrete,Pitched,4,6.741647139843731,W,37.29074561292175,5.819350789235763,4.937603695608688,4.374740995115686,9.533813041498473,91.49106323586426,15.958514130725607,13.996228053321948,69.499441694488,0.7958194303192685,53.04637319303865,0,98.05770555549327,18.632170042387735,78.21958194314539,9.576192822071587,9.179416278719172,2.653555063072936,33.862741951760306
112,130,5,Concrete,Pitched,9,3.311954628811433,W,42.331440058936266,9.262499583043443,14.551481493583399,3.8147852756774014,16.33785592499072,82.73626742492215,16.11501913329107,6.032096253603747,99.15678224479599,2.1470660881223034,52.14711334157734,0,74.45861313994061,16.345487465983947,79.83456953461332,4.648635647658317,1.190551273618406,4.409627183654995,31.464828014152275
113,185,3,Concrete,Solar Integrated,2,6.688139374183766,S,6.825143189510664,3.003099470060455,8.345783280042848,9.494141688250801,12.03084520099396,70.56020336059271,16.73044201958556,24.047891903532314,75.45472548547228,1.0302991004859023,37.53540037339492,1,91.1072150509957,22.507306601111686,81.7872230204323,4.034979189192034,4.132120183871437,9.049447687346701,34.71593878230239
114,212,6,Concrete,Solar Integrated,2,1.5260915269769852,N,44.22189772797038,9.309681676493545,13.587194991890556,11.904486954211771,17.207549906366552,83.16812670073406,28.045219850154943,30.767970479741827,70.69034740588248,0.8756661996577058,32.2498677726069,0,89.55205533072758,14.236627585150941,79.90973703710443,1.1278194055368824,7.4709322785825485,1.0887465550342552,33.41976667013355
115,212,3,Brick,Pitched,5,2.2759695417439167,N,16.55124027395206,4.076649172491255,7.59229053495661,12.159573420648368,5.482203868173336,55.91112060362299,22.083396386343065,15.343093006996224,76.86044730041162,2.3443805737038907,33.22833816775944,0,95.71858366819309,10.745863456591316,67.64464656393335,2.3807582146979867,7.902360337142435,7.100817544519709,29.423476891003187
116,82,6,Wood,Pitched,2,3.4708622860011284,S,34.93814458901248,9.930604632472374,8.424347894263104,5.584846257736657,7.32917860963425,70.07488052824382,25.693235540171045,16.708866416383117,63.775899036154364,0.9719741730069376,69.71083946050935,0,77.91774560830814,42.18566789338709,79.34487317151788,4.790222706182496,4.745066899886739,5.294440417704234,38.950332521980485
117,172,4,Concrete,Flat,7,6.373422252061225,N,41.0159695560533,9.683928951269277,4.014898600104013,4.655207865858177,7.541924804368785,89.65642689815282,20.8936400340734,31.730650489016345,65.02823626048463,1.0366909807915274,61.343355789715346,1,81.21892748791169,15.515797696583062,75.00107151241316,1.6165251331470465,1.152188319307304,2.4494159346461206,28.810263744130985
118,54,6,Concrete,Flat,9,7.082571205786384,S,34.819903087670994,6.462726327138983,5.90638937365704,2.2178319584009714,8.785672918320188,61.0254393568324,18.880664211234517,29.408264401020677,76.57736187873326,0.35462027107098204,66.8794990386069,0,76.63097254326296,41.03907399260969,84.16065334675146,5.596653965555952,6.562393112113636,3.8891937364702,39.30070661861363
119,90,9,Brick,Pitched,8,4.984452701015744,N,9.152815643296575,6.589041734688397,12.502823392644158,10.829588965615201,14.186628816010856,59.29807537787089,20.20788251343318,26.448584706553316,90.497780877564,1.7090719966780223,37.802188889454534,0,94.01507677198822,41.90169915946639,82.09839261349481,5.095138946180031,1.5678521306489412,3.024550394893305,41.20583105239632
120,77,5,Wood,Solar Integrated,9,5.0121182311950605,E,31.834468348716573,6.37084538193098,9.23009911498816,2.9953873596360068,20.042573990871425,97.54093299582158,26.912735179757753,12.463911912594437,96.01248958297964,0.7932145947460323,68.4227414529374,0,69.18809261448537,31.516781053169723,51.654975298690395,7.904513263099168,1.9707019853816305,8.9004895110111,28.944998857211495
121,184,2,Wood,Solar Integrated,7,7.520651662587563,E,29.731264552496462,7.448105519616658,15.711750975947307,7.4698956229570355,23.110776758578023,60.49488147931154,24.378241875471574,32.306499648999335,86.59271962865084,1.5054500028148172,35.706174058926486,1,69.58836312969778,22.387278332518058,65.15548361330421,6.938224312602849,6.852256476815709,5.336860455504912,31.218918025938645
122,121,6,Brick,Solar Integrated,7,1.142389825890242,S,45.51445706334221,3.6350519156445174,17.199114143828513,9.82186813223785,21.707450605684922,63.0459289825084,29.06459669936853,9.63247272617639,64.20878220952679,1.5192440897277029,50.36327314265884,1,74.90420414308319,15.801309349995538,51.38864608735578,5.013525747885164,3.8123949352856936,6.067848500852435,26.71084425260098
123,61,6,Brick,Solar Integrated,5,4.069810220267985,N,23.190787833989415,3.2283256383909658,11.291281946118437,14.182416283955801,8.93775743551367,98.4807969452169,25.19557167865251,23.803115582516654,86.8807904872214,1.826079269429841,63.18782737668256,1,69.21371328409404,39.47220426883996,54.08299699064392,3.021946300945643,4.132271374374276,6.343188574033186,32.664342671288715
124,211,2,Wood,Flat,5,8.368363514073096,W,19.448649368917255,3.403920498911292,15.407078549065124,6.053427780424992,13.823011044612647,86.73542851325129,23.552724476320407,5.864035416395561,85.41711682811888,1.888579566813859,43.992134180463175,1,82.44027345659683,34.05547943927144,74.05642888014445,7.541772094160257,5.381263692849191,6.756554121421205,37.42962540185286
125,82,5,Concrete,Pitched,2,6.42897469192035,N,38.743284399640984,6.110557444690601,6.8311857506968305,5.247038111804757,8.9882319551707,84.97982665117641,24.152940134787517,24.311594189748376,92.23055673173326,1.3346858425636947,46.99314132707602,1,65.3796042598201,36.21813825974257,84.95287284649014,7.370758931087837,9.807205553734365,5.46000121338337,37.72165473408906
126,97,3,Wood,Solar Integrated,3,4.035044194798783,E,23.57038967375285,4.928835574536384,8.884453092601486,10.50408200571928,10.289436333343815,92.64631919272907,29.135571592026217,13.314330556200796,93.00994666608725,0.8943806742481671,35.127404411963916,0,72.80744877616222,10.346763593805242,54.79299034837069,2.3796654446384866,9.688979986648395,1.1608617775268424,25.05805864128191
127,200,6,Brick,Flat,9,9.149723130967065,E,34.07432787522784,7.354276936596957,14.542775848119788,10.050107416696562,15.070939630237723,55.79115411183972,26.823013948000593,18.490309315511603,94.72812303115916,2.1098821476033613,34.91687519995891,1,96.5377879390236,47.10068062831298,68.04357149867326,9.232766482828625,4.746348994240676,4.012504182231867,41.250522250603
128,111,2,Concrete,Solar Integrated,9,7.953604547044443,N,34.09025405560732,9.947096025623452,8.338027863523582,6.31742718300562,6.362180494470451,85.29781182900035,15.360618560496567,15.357936561711593,76.56526058316393,0.8436775585803633,54.782728991146385,1,76.36901920767184,12.65160749786201,86.43515619225775,1.5796460441353886,3.3894929549645396,2.654859166488921,31.06491957227496
129,86,9,Concrete,Pitched,3,3.384059025130601,N,44.9617578962053,5.704262211535261,12.181593768020788,14.065323861627224,9.363486591865463,75.18443046641195,23.01209544203546,10.182702687386296,87.91457581408577,1.3180218267263955,57.02129474480227,0,89.92934865974037,24.672235405600226,82.5720393468635,1.4953393800344457,3.723329373977042,7.121285586205092,36.08999798542637
130,148,9,Brick,Flat,5,6.807608537731452,W,31.94115810435938,7.016888778731594,4.522082802567718,12.983210257365226,23.707563226142344,91.457532014207,25.32507617319847,23.659423702816223,70.73001435689243,1.0630061996889473,61.09330056328773,1,64.53848766826296,26.108465986068012,70.7867158586372,2.6861537589618427,3.419031683454437,1.51034186233042,30.031954631578575
131,221,4,Brick,Pitched,2,6.36175655370061,W,27.59691244828941,5.909227271351348,12.395654984439462,4.911773096246055,14.32232585316978,75.40708593325971,26.230477176587325,31.459266654218222,99.97345119934016,2.1521881263272515,52.26728210727014,0,69.90258032567138,10.054220979917954,80.86285757315324,9.185147182438941,5.790212264276026,6.074230520004798,29.81626929091627
132,153,2,Brick,Pitched,3,4.610691226350844,N,11.249209687843265,8.930901674053015,17.36876043731098,5.108853090648801,13.907730519557443,81.0120677134456,18.19713178970905,33.7725272684721,67.0133696550744,1.136604474749989,55.83037169045224,1,92.29382484801474,29.883572374031885,70.90775096178149,5.679983116332297,6.461738270208357,2.8956855004687085,37.1421041308712
133,84,4,Wood,Flat,2,4.3026047128432054,N,10.208192300541741,9.315654824235667,17.50415315664509,8.659904509532048,5.291343095025578,73.8871063199768,28.007660316770284,10.770390894617453,60.404577266433435,1.0266380532099624,30.5406908679888,0,90.51971745158777,40.1123597804404,56.32369349131395,8.091468286056102,5.399014494066995,9.53961254620355,36.9310519076961
134,242,9,Wood,Flat,2,4.092044272981336,N,11.944470437738573,9.141489285436819,14.762543720261254,12.056437322499365,9.947994941166915,73.90794617779221,29.337647207627455,26.521183221889203,65.95234858072703,1.75557686295433,36.48682908548752,0,75.44623674375285,42.93074612459088,54.98944452886717,3.0505886926885055,4.6719492602333705,4.01986847967882,35.30863501362491
135,150,5,Concrete,Flat,2,6.554402050560821,N,12.733181659719254,9.820605670754803,15.169314202446396,2.572524932050037,22.325848719643627,88.39849890309158,18.550729587673047,24.930180998170467,91.03489158176507,1.5458586636674625,69.39659064067618,1,98.17587608133897,45.17587973223537,57.53472928268279,5.411997771883668,2.9015653381294397,3.926990722371708,38.491473292456234
136,224,3,Brick,Flat,6,4.981689428326026,S,33.70446916986353,3.192634295982907,11.600621457863314,11.013356998551187,8.292568565173376,81.42832003236416,28.239231862758686,15.301333687237177,77.87134706032846,0.3573924003900306,33.03974025263327,1,96.42572063338181,29.50875473261478,64.03688379862717,4.2246051726149405,5.3425503224390205,9.310462011916513,34.69120959890852
137,180,2,Concrete,Flat,7,8.486768019262797,N,38.34415626235603,8.878713135018717,12.108693713150672,10.42706666596726,13.302498790694422,81.66316008047052,16.45468143774143,5.572975980611775,77.90000991241713,1.3196051352255118,57.15152889040979,0,98.4920299644896,35.22544762118602,87.22117070696075,8.450457463595734,4.069924424222123,4.756131282737272,41.09679505167148
138,50,8,Concrete,Flat,2,7.026423545205657,W,28.849618531688844,8.262405211273652,3.5393610467998418,5.0092412468688465,5.286618117340025,72.51412419157629,15.835602541728678,25.693737419385982,98.20091678446674,1.8651481319997945,37.04330532126865,0,77.11658760751142,13.18078853185995,81.98713654614406,1.2034399542330396,5.874359165185086,9.66576100767168,29.946066671934926
139,54,9,Concrete,Flat,6,1.6293844513849072,E,42.3057979645471,4.600860865802554,9.43332458000472,10.857589172137533,14.566709633411117,76.55547481687638,16.93835700154124,33.36484581678501,96.78539632112296,2.480979435019255,58.668743430705675,0,67.89894334742732,29.521528971269998,67.3120624490527,3.194584569694948,7.076704739604615,1.2175331692015314,32.41077137985614
140,191,9,Concrete,Solar Integrated,5,6.761514014453494,S,49.60684520301349,9.694240653712694,9.564749393840913,14.222381486277074,5.420422134524343,87.28588331023937,15.86611619200554,23.96360365746954,72.44778951216037,1.6099524015287658,58.23961611847974,0,85.06634556365364,16.19263019486941,69.72306839150296,2.373168018721409,6.699809569929496,3.757101176819317,30.56194908588086
141,152,8,Brick,Pitched,3,3.4403269285016633,N,41.90056831037102,4.037245497609618,19.211458877687065,2.6082159846329906,21.392191061315998,91.2970459555959,27.675183557336638,18.058781725629025,68.36232515123464,0.9887033594591625,39.367962391523605,0,87.39092633116795,24.785724704900858,60.624378306656595,8.732701348494125,5.16241189365034,6.995736642397881,33.174459860185856
142,76,7,Concrete,Flat,7,6.335307924880804,E,36.26970681541816,7.756849489937359,9.1906503898425,6.1554767187968125,21.497075349742072,84.82807010720231,15.885752166874079,20.75461682334885,93.93928839734959,0.6427638395250841,40.785375968768165,0,65.0176713780208,23.172212514583972,78.1741182588852,5.207894647243892,6.004471818519648,9.017712680748748,32.12727898562674
143,186,9,Brick,Solar Integrated,8,7.1211873799310625,S,28.962171474671596,4.574231517711388,11.437510253152395,7.696297316662618,20.754843766047397,96.20364944228416,19.074962870454833,10.988864229797526,96.24076284177453,2.1947925619679687,56.19082854408353,0,91.45932137183624,26.941623089660325,82.11062685848152,4.637980395038946,3.563705178646837,3.307650337074555,36.650787522137875
144,64,6,Brick,Solar Integrated,3,3.0774627023861085,E,25.19838822536187,6.019664541418523,11.131776586302948,13.690384666020964,10.667281377822365,91.01620440736005,16.556345153037846,27.516324912612127,81.66387691193947,2.0549565090724067,45.60344155120855,1,60.72240879039842,32.8654647189653,59.556187826703066,5.0453448589097185,1.218162331201507,9.374298327673014,30.313105643570935
145,139,5,Wood,Solar Integrated,7,5.111727803923317,N,8.797657124504406,8.034119278611982,13.098472623842216,14.509398805919037,21.74474436443636,78.09318949047592,19.431330544706476,27.39259490029547,85.17694844468402,0.6614147698705236,37.78191878799645,0,79.30913549907133,46.115065882519836,51.672864951458614,9.747320956321017,6.625175087512937,6.3470931984926935,36.04473584722584
146,91,2,Brick,Pitched,8,2.71292376537161,N,22.971593677761092,6.943272494231326,15.216423795306023,7.77349820445232,15.859962652105386,83.57030363218684,16.35839201401381,9.365519011622748,70.27657138769173,0.5815170163517763,59.26718395149927,1,73.2406503797958,25.779385253900212,74.95555772651882,8.652406549023318,3.2731170322391825,8.209074188781244,33.74690032496245
147,173,8,Wood,Flat,3,1.471049882078575,W,45.95605865519604,5.992512819296782,5.275795647246571,11.750369357848486,12.476162177340049,96.3154138460598,25.020048761145212,31.339351474989773,92.032107519141,1.8163282643468215,36.16590097345337,1,89.61212239596335,49.24524782846203,72.50048476541266,7.357318946652768,7.020583390614471,4.574865738762075,40.69415934878969
148,228,6,Brick,Solar Integrated,7,4.406287811372822,N,41.36101834579488,5.284369016523911,11.045763962870279,8.91159330893828,17.50659919408466,80.95840221215292,16.999902245138628,13.075692184199157,85.28489713796093,0.8558849486050226,64.22574656579786,0,72.51042909687264,40.36112192204811,66.08524620115506,3.614310633009292,7.723076496372634,2.90962344310186,36.330196818381296
149,112,8,Brick,Pitched,3,4.266498446613928,N,14.722311425525923,8.877617589961531,16.692436439004577,8.991178151637895,5.24682092120748,91.24034739899153,27.777688887583317,34.46768182809845,80.14054045191986,0.8353571160686988,50.5867809620731,0,93.07228451124132,30.45924187153533,75.7557576709284,2.48655699566603,9.24334971493403,9.201118739029239,38.78330977755813
150,145,2,Brick,Pitched,3,9.959324416338314,S,25.997350311374714,4.006700452203696,9.799179562912718,5.615293695862634,7.859217552015043,84.44052517949936,27.257865760899612,16.487090421117372,62.40434224313583,0.46549659296237267,34.22802415517203,1,83.79813955123242,35.76105748447776,72.02453191940575,9.29290266122008,9.623105159316516,9.398222815655968,37.397494528793565
151,101,4,Wood,Pitched,8,5.01717116077878,W,41.752544115134505,6.010720135708601,6.290693381097887,4.820431196230434,19.845870763405255,77.59681805302333,15.204925282059142,10.33652176203499,96.63739850044615,0.7335412473035917,57.762893341239376,0,91.75573447048288,14.08896684527778,60.023263063767715,4.807679705168345,1.094734416787313,5.478176297387219,26.884001672962206
152,145,2,Wood,Solar Integrated,3,4.002125945249803,S,8.032304965348514,9.326303002425995,13.439472431769682,5.744069497012535,9.88323217432306,62.09190977076766,28.43589533272672,15.551603340369569,84.61805681537624,1.126018138222359,50.76652158298162,0,99.57362551358494,43.780861252546195,65.90915902490889,3.5088021952176627,9.913367884191736,1.0584551439933085,40.94402079529641
153,181,7,Concrete,Flat,3,6.224275060450072,E,22.43266635508967,8.920946853219775,16.651580520183337,9.232264094342032,16.960182346574992,71.29987597342141,15.434164751150506,18.205409860915793,67.70764378771872,1.8588120094537974,41.92230287179238,1,87.16633382974227,33.294298202558636,67.12454278988966,5.238287437758719,7.147164866447449,1.9880465830336402,36.889580479045904
154,200,2,Wood,Solar Integrated,8,1.7989065469699161,N,43.33285565932764,5.806592337311327,2.199665565620435,2.379017418287157,12.702052056460593,98.38714124168578,18.59468677436335,7.079233191148845,84.25544467932211,0.9071394265929994,46.90157520895419,1,99.39801265446576,49.44269920838407,85.20991977902256,9.260626805383168,6.791717443367704,6.1572516420854955,43.61287158556394
155,192,2,Wood,Solar Integrated,5,9.654991623593318,E,23.17540388765557,8.341758545209158,15.759019184737316,13.794236276633276,22.09611557598523,82.88826916363,15.485837066639926,22.346551436698686,87.09853416959893,0.8886504147516224,41.933509743499954,1,61.15345307686822,35.45714975011396,88.43616616515837,4.483605820521639,1.1369178567581986,1.213990320716976,37.81891087405179
156,220,7,Wood,Flat,2,6.714640410319298,S,8.492659012914839,8.762125814962015,16.61131072627365,4.031688224147091,24.04830611993287,78.21976901694948,20.037652305589738,22.928973196067012,81.03081346732901,0.783791806125846,40.521033429711366,0,73.52559953935234,43.364463330653,85.72005449585988,6.063768975232895,8.751100706980637,4.572207315880258,42.578392138953966
157,78,5,Wood,Flat,9,7.79354037946763,N,29.414046583951315,9.222211968025409,9.768935624183529,4.861152799328025,22.67129456740381,96.64783127641137,22.707997885699076,27.167913660484167,88.7240695182409,1.2478808020265033,36.54433683374849,0,64.31413058249237,41.990509711809594,78.76712096207919,8.226696709977102,2.309423025230437,3.7303295101481133,37.19766189409075
158,85,9,Concrete,Flat,4,2.534301443565258,N,43.77841227132329,6.811540383344596,19.68280747955088,8.737590293819402,10.412399893871934,79.32558905187244,26.94967303522707,5.875096768722299,83.25815791714497,0.5335280750591568,44.51068532549904,1,70.49219725537759,23.818446058730753,73.39970934423287,4.844192779435521,8.535971385397369,7.429134478619842,34.51845118499321
159,62,2,Wood,Pitched,6,4.685300677046835,S,31.562849432892186,4.431226202382982,15.947458473438873,11.23149196238463,8.883257380921645,76.30412592087015,20.069723257047542,21.237146433014903,97.91078328128593,1.2655137616771013,40.039488252642826,0,93.55551596503098,20.384425009328467,77.57046541863821,3.1018762173373147,1.1400629163284441,1.5002080565314175,34.40247646098275
160,209,7,Brick,Flat,4,4.804202020565706,S,15.182559869640432,4.7871635355275215,15.699588733017649,3.244477711677165,14.4886978724147,87.96554275751026,25.58235037009675,6.587222998119931,62.14788314397227,1.7900213348672558,57.337379482156685,1,61.29293061304361,27.2197433372604,87.56436882930757,9.9507317354473,6.8136783624924515,5.398581420795587,36.31074324744601
161,120,6,Brick,Solar Integrated,4,8.396257995109782,S,22.29078290618216,5.06986271829123,15.208932913829365,6.130031068113109,5.146683016723605,85.63328094932723,17.812566856784706,26.034326598999602,64.24982833878242,0.17149720967829324,57.35506964653226,0,80.80731742929575,28.689653776353484,59.99994940895327,9.609137717069437,4.91321380392845,6.212028428880448,32.71204710117784
162,236,4,Wood,Flat,7,1.011130117834685,S,25.255551253186947,7.156617365667309,3.861553961147206,14.592769872466643,5.516187857263635,59.65800042042164,26.258976851161897,6.671839571029534,66.94686547817359,0.12347051273382847,50.07360970222554,1,82.68514830129492,19.603388077465755,71.40482030693619,8.591312522129627,2.8069005615340163,6.555619684473559,29.7641862192927
163,135,4,Wood,Solar Integrated,2,3.707677975179296,S,31.066985921923706,3.229667368900259,5.127386842607205,5.410458568152294,16.06581279246,73.56541372870606,18.539949088638565,32.351835450248984,87.60684282417328,0.2802949843708221,61.11778109881284,0,82.44604586687825,45.783914934038876,77.58432076001631,7.195364914473303,1.968052525933907,4.646419048152468,38.915731092610976
164,77,2,Brick,Pitched,7,9.831127369098734,N,39.17079615886759,7.452297281459778,9.815812497824076,6.069651885820909,15.408988083305719,73.62577214097927,17.15317133915652,26.0624770065349,85.82383490999234,1.385584148147469,63.65358876024193,1,79.01188295293022,31.70191449202584,77.16988005297098,3.6537906526272725,4.961149268916937,3.7393100508659587,35.80113100684317
165,115,5,Brick,Solar Integrated,2,5.273978891555967,S,9.449312793828593,5.550479668997625,6.016082649229851,12.874480378034436,24.891639780705198,68.91122576216723,17.781132755610813,20.22169295255471,95.68235440838777,2.1506921996449684,53.19065829737092,0,91.62411859079022,49.13777568614278,60.091158383073456,9.220716443476288,2.109752247892823,7.142437303634339,37.54714322096108
166,219,5,Concrete,Solar Integrated,8,4.442736522196075,N,45.034341485790485,5.0666926174274955,8.889578474346768,2.6527876119759184,9.036836707275162,75.86467410761266,17.73094693322783,18.245117698435248,89.31509811535594,0.11172271844860467,54.75740651053735,0,65.34172358022205,42.400711121850534,73.46926109559007,3.4800100310910587,5.378019505219427,8.628121432922455,36.80175750960861
167,94,6,Brick,Flat,8,2.078461018158817,N,5.553936635723401,9.156475995096883,17.88081808853549,8.039971194516621,10.162078583209368,70.6553698863572,22.692943190654866,8.920178912397871,80.3342195025837,2.3479871310032343,41.31543639145461,1,72.42308062203149,32.22819441567784,81.83652569680626,8.207285452091492,6.626953527875671,7.242558740045909,38.179625849549986
168,111,2,Brick,Flat,9,9.76748165765214,S,21.652355060341485,6.220016769065593,16.662210945706114,6.935017937871713,7.270812846525734,59.96727447355916,27.67196371782219,13.729981686939892,99.67327169854522,0.35506842776928593,65.7947680282208,0,84.6290421378069,47.88161112577437,69.00315920200975,9.264323511471757,8.446457742466222,9.388921289114995,41.649753129549424
169,234,4,Wood,Solar Integrated,2,1.1802372033324202,S,6.233913948769594,3.6653713187288495,12.970757691119662,6.1156278788124645,23.350860193074894,70.61832436373405,16.194076154887583,31.06877315062689,70.64431824677197,2.120760467339743,30.968241776901195,0,87.63805465071823,30.19499260381228,81.7319230679494,6.427034563869204,7.1078449346458,7.455371728221344,38.18440838495848
170,183,5,Brick,Flat,3,7.634622025065188,W,22.683840140538106,8.78722737618373,17.304287490770967,5.7140947225819385,20.556224889169016,53.61384737865883,25.60434477740134,32.13358434687481,93.32766639141815,1.2588514359590723,43.944098777713826,1,76.16593727108224,45.48426050074682,64.3953039101822,8.22750596102061,1.586797900355354,7.881568606122565,37.91914973759397
171,77,2,Concrete,Pitched,5,7.917398243096576,N,28.66156694929957,3.3334888020555464,15.891675391327736,3.1878633631853197,21.44678222913695,78.78929313872058,24.815196894792862,5.022431251115932,77.07161488775677,1.6824577294692256,58.87201686199424,0,95.01485053308932,24.32579124783222,87.55040508655036,8.12525589281572,3.766892792930535,2.5111287694187996,38.241017081820324
172,77,8,Brick,Pitched,9,3.1929104445747996,S,28.025662396168027,8.087244569177376,9.15071370497692,6.0927357815714345,23.055275759290176,92.6827274470556,28.087799277440435,22.824091744326537,85.94940555502937,1.3256391626732378,33.20358038684645,0,76.61973586783657,25.14569533616376,71.35713761996405,2.738419760088819,3.591807471392504,4.7758568007404065,32.02561394689948
173,157,5,Wood,Flat,9,7.044025992517335,S,12.453275616271942,8.417343552394655,4.820237888948958,2.5596812353036915,15.497999734516766,86.26435421772777,18.66221340760361,26.57901827075341,89.09073881809736,1.2449157404304512,37.32678109713171,0,76.11104537393332,26.725227318837245,73.83791803170458,7.0113202623647615,9.235291811239758,5.3654979786036865,33.20736227942316
174,93,7,Wood,Pitched,3,1.8363622994145095,S,34.058322954302554,5.468218241502007,10.769819760177445,12.152530227377659,14.023863829014473,68.01970200270556,21.751647880275442,23.562409473728188,85.35016348761346,2.1037586280745395,53.571429114514046,1,61.4482904594954,31.865025837729846,51.254462752183535,1.841211432139992,8.810038399534871,3.3066384606514685,29.871200979647668
175,133,8,Brick,Flat,5,3.313425397888719,W,7.01503027271007,8.773514993944506,14.988348768042453,7.176961321454152,11.60782947331233,54.35356027886541,28.887410616652758,7.450392945990619,65.62029212434373,1.9141273109627592,52.399746858542315,1,82.04565344778935,32.13961080795296,56.81076548514377,5.5706512882373325,4.331331265153752,5.756858743206591,33.072537690832824
176,79,9,Wood,Solar Integrated,7,8.091117894630385,W,39.285806905958694,6.609615840995174,9.291972375862267,7.7707498201588505,16.78429228695711,60.10746996126354,24.899901752029756,11.531746963967066,77.71804042991731,1.26016536765521,59.5571318452382,1,88.3472335404762,29.855956867083368,75.31735521884178,2.4601199332651973,1.6403973029432297,3.6171274979966275,35.04145539370209
177,239,5,Concrete,Solar Integrated,5,8.782175728301862,E,47.59899952970958,6.243055572909578,13.668666285894048,13.616729623851711,14.085567935796451,77.27451702474178,20.831526192923953,12.510208021441581,82.45753511732497,0.36792623055054785,62.50450556352688,1,64.57752654067393,22.2400389433267,66.79481487129085,4.747145489167885,9.0469658602426,7.187518835239744,31.031853740550904
178,124,4,Concrete,Pitched,7,6.476377713938122,N,20.289597221800307,3.3178229702808477,2.792221099529829,10.55471479019587,14.031311732111503,60.35285416915164,16.97118574282903,29.95173893915269,93.96175036714388,0.37696710235457953,35.14318314046677,1,72.21731064351484,47.08825859163324,70.32655161832699,8.49683867228594,8.993709576677684,5.2325962903285825,37.77070510074836
179,177,3,Brick,Flat,8,5.561545886384343,E,28.275772177144937,5.030204355542342,15.212089991056665,2.1047683434475575,23.738557274622778,77.19865556424838,18.937275118508865,18.895983089267613,77.7458299519429,2.023694705725781,30.73523959100968,0,91.25027815131409,33.54344389397017,52.51885634934802,9.88451055667184,8.692715188276525,5.12926258842132,34.4727932890587
180,141,8,Brick,Flat,4,2.433736185570823,S,22.05096251264665,9.517069796197099,16.441558777968176,14.261272698496704,24.680630285582602,61.579951238194944,23.718232162340747,19.604846358237104,96.74989219217005,1.3705374912340804,57.58554078635625,0,74.63677741654301,26.309568647663795,83.36540953641537,3.8616384849365595,8.605734739619514,9.852782779295305,37.039088946754056
181,239,9,Brick,Pitched,8,1.5679812977123515,W,5.301967563682698,5.742767742984499,14.429919259830282,5.082878057710246,20.929687786591614,92.44619347380365,25.772519213407705,33.04679139663526,77.61496892100843,1.2558139365264702,42.05567183065437,1,69.6640984816016,36.04707842974473,81.38022409184869,5.78760128904859,5.322286009775392,4.532003636883134,38.00701924937445
182,178,6,Wood,Solar Integrated,8,2.0588412562620277,W,22.364352630280216,6.826903643897378,19.378008163000946,3.398984401878165,20.135161804938566,69.86357364202298,16.866328302778403,24.112576665641466,81.95119437052047,1.7333604192657164,55.03935655671815,0,86.88802654260449,40.718670312392206,57.41415902887398,5.601682219334397,2.596884870246384,4.260658893306115,36.782214160402376
183,170,6,Concrete,Pitched,4,3.046215700864889,E,40.627411666760594,6.724151752889762,16.70638909175217,11.985666318951468,18.61116323558203,62.277531297224556,23.99395890066081,31.960031046579914,91.85142731771204,2.1612198001942247,36.02178352248899,0,67.87035110686622,48.429123529129726,75.37317429029517,9.589613588479594,5.29739245416185,3.8674393415438897,40.79116333666738
184,76,4,Concrete,Solar Integrated,5,4.075070517072287,W,31.81949789825668,7.133017628758854,18.158780829654226,8.506205106267336,8.321497046670274,90.61630901235307,23.255269182581266,18.695265660245987,83.32270737688575,1.6092955465919325,48.761601866638514,0,95.82611678332708,29.981966490703304,82.73260846617086,5.307253591894962,5.451379936025184,9.052742988782184,39.845755471913755
185,239,5,Wood,Flat,9,4.428185729598885,S,9.556696157682152,3.4293166895029783,18.737850585695313,7.639017358234228,6.1821164175130905,67.14194824027254,22.70933170036062,9.483087755548826,98.40872289531299,1.9308349656315498,50.17698984253748,0,64.22393584104564,14.483940414030352,75.634165456624,7.29195584859728,5.409385779203746,5.470514434883604,30.723856072618286
186,170,2,Concrete,Solar Integrated,5,4.116895917301032,W,43.12127703622033,5.535233783591098,16.225611845602362,5.243540035875643,18.814526302265264,55.5743843919391,25.35184676523012,32.89806782222257,86.41343322056511,1.9366492578806966,53.40311265492865,1,88.26199209131308,27.630632057461654,62.41592381183379,9.296103097976735,5.848953275036045,6.4001302973257195,34.01348661286425
187,165,5,Brick,Pitched,7,3.1514979897753905,E,28.89884051983593,8.06189791717788,13.810917998123482,9.117129368210144,19.57572444513152,78.52047457018207,27.56174392625193,18.761153470026148,80.90837816270404,0.9550274771031018,50.52680065322257,1,79.981948051455,29.158822458138857,76.24444601912668,4.36040703583156,3.318913206920396,2.627366311021555,35.42069698742127
188,52,4,Brick,Flat,3,5.587518220765284,S,42.877551278510424,4.40392175751088,1.1086530458549966,5.566999867633637,5.939459821962796,79.07821022189944,19.844845247653026,10.448942656364656,60.94367871123183,0.7577996695383896,49.82763080914856,0,94.79718249587975,45.879763127426955,58.418469907328486,9.119100144208488,4.2961706302025355,5.868481240044342,36.00830590449326
189,152,6,Brick,Pitched,7,8.427574974096071,E,31.109968345326322,4.425048642824523,9.85068931123937,13.720579068731878,23.56103500457696,85.7347837617867,28.335182851664392,14.071872209117668,76.5493159032132,2.0227937612203806,43.30936615935422,0,65.04780364104947,25.792030738518122,62.73019989117684,9.25710599701912,4.907679327671226,3.4718337358163947,29.740103291677872
190,247,5,Concrete,Pitched,3,3.517331846243313,W,30.185980017707294,3.070634246823173,11.85208367382486,4.797658236531506,6.82281278889355,62.01097166041928,17.40950418927826,6.524077690668268,71.96993677040642,1.0052291002821845,32.84720945272345,1,87.11579673984352,48.13297059548554,59.60278612428715,9.375962535704176,2.180090885648499,7.575732291365897,37.878462989382115
191,249,6,Brick,Solar Integrated,8,9.481483171920098,E,9.736663333865557,6.062373486257468,6.776575176511993,13.496616955924797,10.718010675424047,72.18856695461226,17.595358046267464,19.049017743691554,89.92422671549957,2.2680064156544923,33.580807871873695,0,82.88218556725525,29.40527630857339,72.27700409560826,3.4340156692428376,5.098277211053505,8.49275513913144,33.940172745932294
192,204,8,Wood,Pitched,4,8.86002995551463,E,12.531187991238259,9.179140664713955,7.043984491165969,9.27227053445564,18.44779625597409,64.11839595213281,19.001580954358857,30.593845157307097,68.33110700614183,0.26725767215228713,47.35113097628614,0,79.20360568960186,48.95122003915716,54.329065870621946,4.603200348429626,8.294226553626338,7.433296229181498,36.539181963790185
193,186,9,Wood,Solar Integrated,8,2.4558779021689867,N,48.7411365423466,3.363306605111163,19.26202889849314,12.770345740638133,8.397451888089527,54.04768680578441,16.792963043206168,33.007413680200685,68.20880349176286,0.23972202898081515,44.231725112839726,0,79.65629053730673,10.327932845238488,87.33241521393354,8.833563174031317,8.452535884595886,7.572197496432316,34.073404906706735
194,111,2,Concrete,Flat,2,8.07648361081385,W,15.281903603964684,4.337830966472018,17.94250643885217,11.266997946192415,6.108317768844889,93.83069135079458,18.454788370243165,32.978066225109316,67.58076172949507,2.32480998424338,50.64539218697991,1,88.87907847194123,45.952614992253864,63.34049414651467,4.232456418523769,4.704073947109273,5.6122723370756535,39.87110725136551
195,214,8,Wood,Solar Integrated,5,6.1712864408599,W,48.985345309566554,5.1705917683992855,17.13440110453238,11.057036448677731,11.622929783282995,86.44349022441705,16.596176443542667,8.756900768862401,65.02462452624944,1.6562917940354438,42.19352677025068,1,97.50966619739287,47.244818077734024,58.75880508423205,6.402277296401546,5.669274808759182,7.409062507007217,40.23690824256422
196,100,6,Wood,Flat,3,6.099178259542767,E,28.93607179359185,8.12207315594949,8.714224232416102,6.216495500035724,20.31943149710358,65.07315297294004,27.326286254780854,16.46161647533171,72.44028014683549,1.0110384554759975,57.51640365821297,0,63.650066364761926,48.44083743060853,69.86199254407325,2.0624905653404677,1.3028529892155096,4.804182419573443,36.87307181879972
197,221,6,Concrete,Solar Integrated,7,4.51938486752357,N,11.110507117877171,7.484449149618106,1.2602724577693762,5.040660109138646,13.273573579705207,79.96864964359932,17.08453487829937,5.846862789521191,95.436884577737,1.9121449955588388,64.55819288038043,0,60.78010590442081,10.523061366984594,61.07991273818864,1.5064748930011669,7.069893008217372,6.863402381766517,23.116944641372537
198,201,3,Brick,Pitched,4,5.510376992638087,W,9.468599123916182,5.911607332072985,2.5242226826585674,4.741520959850246,18.059458438158785,60.06318940672362,26.20946336339785,30.654960349144183,90.9971388922382,1.7135843439847391,41.95452755147471,0,92.22819169924814,16.86803346201236,71.39616345530577,4.707945905429553,4.641452946521768,3.331352891084632,29.99559702542574
199,108,3,Brick,Solar Integrated,3,4.574608996862899,S,14.398883181758299,8.31348257480863,6.931730996134469,13.143491541774653,16.59238194456273,94.51183108978854,15.718708018700006,15.762672860638213,89.41004865227174,1.374882512367031,37.71936031756114,0,64.32677550203037,36.15058012372945,63.940365991283414,6.210248793334458,5.009299147750112,1.6278131108080913,32.45413081435547
200,167,8,Brick,Solar Integrated,7,5.857593568839485,E,46.65367985114011,7.267417081598314,1.2991153469178627,12.665548663367261,5.444369640511608,55.74531716809552,29.227804912708727,23.933510836767045,91.89347222599851,0.33729602239036327,34.64722297016357,0,99.46787184321695,11.018907669404285,55.282672430761636,4.534292020230472,8.863054544617881,4.7212593770977165,26.34142794960246
201,209,7,Concrete,Flat,5,6.651550474953723,W,23.636760094770207,9.272285597600533,1.325845856388764,7.727455864159995,24.770799740914132,50.19185727539004,25.667401312916493,26.44695314231866,70.77671557318287,2.0492310095026034,54.6501616228325,0,84.77392995835349,12.54435984706003,60.63580968109048,6.199621931447578,5.156509911045475,5.156003402024409,25.6643340396583
202,145,8,Wood,Pitched,8,7.068734257681435,S,22.794542059681145,8.726187243970852,18.41546273120581,3.72125997545391,5.828561776387755,75.10040988695911,15.101948228791677,17.89534009229466,95.49766763009951,2.1784556576334992,47.754239645622775,1,86.03465581016563,18.843154947737677,67.53759379846102,5.6357593855460655,1.190730216050675,3.30766442369821,31.685169414481372
203,229,3,Brick,Solar Integrated,5,5.792330733034835,W,19.094281748157833,4.769695242624404,14.417011540262028,6.969279275706959,24.3560547529697,79.15639117264347,26.457847503003208,14.19327009650729,65.49213500566418,0.5132048525263578,37.520628687851556,1,67.9556681175207,30.497590749755368,51.211729059185025,7.171365063574683,3.0474180178215615,7.549385665665139,29.680075760132404
204,162,6,Brick,Pitched,6,7.492798605958585,S,11.617783275496478,4.900070043439401,6.8701638112949,10.051464903779848,15.997283567287964,78.94826601479022,22.71122881149278,33.86638730347834,73.45382906862328,2.14122796474496,56.12546933167422,0,69.61249241186698,31.8361023706723,80.82570108059048,6.845791879588509,5.28058552877433,1.6619543107865127,35.10737003652033
205,111,4,Concrete,Solar Integrated,2,2.271502443479552,E,26.95330387365829,3.8774953305466995,3.52024697441811,7.907241008239387,24.26318054130133,52.725596371891314,26.690477555026796,33.93464675071563,83.46992475869371,2.206833546439754,35.939327320211376,1,86.37401212397,11.370444911740174,74.87298258361663,4.8182113288592205,4.819566634736821,3.004734919412697,28.691093924473364
206,235,8,Brick,Solar Integrated,6,2.907842418120147,W,10.852150213001241,5.358753080022195,10.721078640006466,12.142460490278935,7.2950719882767086,65.70219034592162,22.837452133358827,13.683091040900658,64.11620353368002,1.4186286694924386,52.1720282339181,0,96.38907351736788,16.814690031261247,74.05438429113417,4.82495716377877,8.743331235524327,7.737082466082642,33.387073194448156
207,101,6,Concrete,Pitched,4,8.36861503666843,W,42.59661063720474,9.996807431033659,1.1015770562329248,14.96909668926801,14.808170383710264,74.95994734206658,24.615372864530322,19.388752902333742,89.205207511057,1.674829686934449,51.08593526501059,0,99.29562218070267,29.988226933386212,71.84199727531063,2.2670050601100877,5.8792375837555,4.934118463660111,34.69059268114594
208,61,4,Wood,Solar Integrated,3,3.902751800617737,N,21.667864382388792,5.840258180305427,18.829861133304735,4.484717149835658,8.390081837321173,60.828959281362046,26.794974830925607,34.18532475980067,75.489841928139,1.0173695680347794,59.36911204744334,1,67.92123786524374,33.75762483773621,73.61252689300274,5.619147148868133,7.206721677236089,7.347552616353812,36.84923317855395
209,88,4,Concrete,Pitched,4,1.2060444247850821,E,21.866160550180837,4.543419042823745,8.881487268389996,7.975460655574442,6.019497540448848,93.63129427429482,21.07662081881785,5.146052229665097,91.376226624336,0.7762999540222384,32.20438559762667,1,65.36478490839161,15.936067859448615,87.38607810828881,6.28461215322127,5.223909673391231,6.107372900052367,31.615593858687753
210,179,3,Concrete,Solar Integrated,8,2.3841203470122796,S,26.330289281742015,8.337380191328872,8.644364149509322,7.602790724970687,17.35058230124623,54.355464473071706,15.040622247306782,17.380347451374476,79.71585142338411,1.8327595526839475,65.5149172740532,0,62.25605431043162,25.953656477878827,50.34276843242963,5.288404576184436,4.956901606532484,9.556414749976263,26.8005092121011
211,180,8,Concrete,Flat,7,3.0125299104668013,W,24.985747092458823,6.797297024238593,8.421278544053862,5.958402925736361,9.155668419233828,74.36922208360214,27.749197439177827,8.013726490429054,67.23498097701345,2.1685003576379396,58.11966904587278,0,94.73188072645311,46.176057460678095,51.91198838630997,3.931366015782991,5.016580016269161,6.380162494505496,36.39597470017534
212,162,5,Concrete,Pitched,5,9.615905991051285,W,49.76860878766947,4.047210146688668,2.3172382773675304,4.575241717363765,16.75394036575092,84.5708028756576,20.713355439369938,20.27473896687808,89.39047245421378,1.6697861270937941,38.645039933950486,1,71.78859387425875,49.95597148184688,57.659736397232095,7.494836898265623,4.69829412724455,1.1338207691096773,35.10070459234878
213,150,2,Wood,Solar Integrated,6,6.157372860377643,S,29.542150454823613,5.66482776812606,13.128122556044705,2.85399751436557,7.247289638979712,63.08755500672412,22.440640890248744,5.740098636214615,70.08575823355774,1.327817465551718,37.336213944389584,1,60.07248135477007,49.48857819324565,56.692055199726006,1.6719548018070167,5.847250472687831,4.175896154539005,35.98730723914241
214,162,3,Wood,Solar Integrated,9,9.394576664286294,E,8.969076670544181,5.901288008775403,14.927068772938714,13.53255112390808,11.639729428654055,81.21203684987591,15.11649963230953,17.206952941718836,79.63241205072171,0.4814194404260117,47.266408565751334,0,68.95272344225715,45.2669804114749,57.24777837876731,9.229963327786425,3.253990615782433,2.287546139842369,35.56113402116587
215,233,3,Brick,Flat,6,6.176470154469625,N,32.30948037096185,8.27680790398453,13.846382554177515,7.458033069922129,20.632651161064942,91.46925750711873,22.38138015525147,11.620972243560054,63.02133076627631,0.22830091025156357,62.702613181783875,0,73.61764320397674,25.786403517997833,76.877755433946,1.1857909559121396,9.019496744576388,9.321703098379329,35.046412322337005
216,130,5,Wood,Pitched,8,5.3141899612406664,N,11.821293179144597,3.144699582243331,3.6302743732584917,8.459641740500636,13.741030436843753,59.516848754752374,29.797311023575944,20.99925087376222,84.71466617648147,1.1696602965921914,63.71799972556428,0,99.63944677986741,37.462971682991366,68.37933204200661,9.6611512009445,3.9977699328448564,1.9361120885657228,36.40431145250614
217,236,2,Wood,Solar Integrated,6,3.823549220746864,W,6.392194012910389,4.883137527588174,11.99796319267626,13.920246626611906,17.554908297946728,95.86102959124314,19.174014912281542,34.87980947302099,86.63431064865108,0.21843895287381104,50.818243685575325,1,80.94166375428327,26.663689111367948,89.67115513338773,5.161200408411962,2.3277145075961214,4.489359968179787,36.892639675570734
218,162,6,Brick,Flat,8,6.457338499900381,S,48.683396915476166,6.623174109208654,11.820205199272824,12.091776207707321,17.94915881491092,77.67792663311789,20.931274053635672,29.01608315380243,75.14696839891134,1.4664031165773403,64.4324345074695,0,68.18855790380405,35.94108107296812,59.075436592117796,4.714029496031871,1.8689543073797061,3.0348927426402295,32.154099332024906
219,51,7,Wood,Solar Integrated,9,2.2527822215577684,W,39.80925011905538,4.881927197169904,17.49980497088626,3.696516433523395,21.875100879745872,64.96160021505302,25.30784994703015,30.36926274873264,98.17691121284295,1.018550059162651,30.217748367667625,1,73.39273378853804,22.37729883877933,62.433204041099785,3.3079961571686933,1.1208062360811484,8.620497913570599,30.26322608010104
220,179,8,Concrete,Pitched,4,9.084354645634354,S,49.10490465861951,7.399038331932992,8.203425509137293,9.35045957890065,11.498455888132826,71.54291376911354,27.22190501285488,24.057949620772426,94.96675685928273,1.9172538872367266,31.406985261263863,0,73.21230750227514,34.24809014441328,89.36962867206597,1.0906402134905484,4.805704707101754,3.777098478300253,38.071409571212506
221,103,7,Concrete,Solar Integrated,5,8.463991646271554,N,26.50453016100091,6.373072354922316,8.05823292952925,7.7492795947542685,18.74591125165035,65.6095941893194,21.260874360091506,6.246795448167757,88.31763662959979,0.8335563924068402,66.47286374546971,1,60.789029858527016,30.950339862113996,83.27032563208988,3.473112379796198,2.688498896908822,9.927041348283804,34.1674164361925
222,136,6,Brick,Solar Integrated,3,3.8577830308906336,E,28.951588901703925,5.531971784017065,12.752014115645526,12.363743943523916,24.232316140923313,86.2555579966658,19.645033056019386,11.203930281324324,88.54608297974971,1.5231584823218371,61.01327719543664,1,65.4073221668572,10.979210632527998,68.79196882714132,1.9845993291430055,1.1948311232852311,1.3475494505102579,26.382258219658535
223,178,9,Brick,Solar Integrated,7,9.57517774841165,S,12.575163016360861,9.644460388093584,13.028380416490748,11.41502311895534,19.60486668715736,89.8150331707566,29.067386999776005,32.75193669341165,70.09606859768604,1.390440452212241,48.02824233001543,1,87.80785838812845,41.62811614984455,72.18387542183959,6.9383875842405525,5.680175916605713,2.154490952163093,39.44770703475342
224,196,3,Brick,Solar Integrated,3,8.426806906740113,N,16.110834200041353,7.425116494305202,9.916419319190016,10.975274384843935,14.797409534354891,91.64686961593304,25.157174500075037,15.983393537862536,86.27260924353796,0.1113098212533788,60.14440525911949,1,64.81003946282938,10.475913289806225,83.72711682611362,3.871674750886536,7.119806937856853,3.021748987861982,29.776446549856903
225,175,2,Concrete,Flat,4,6.996761972515357,W,42.73471467062727,3.9095896058755883,9.418127884278,6.4270828612386595,17.614348889838585,99.28841247928706,16.785319567397117,8.109101794423868,67.92825060942079,0.2737345558343448,68.22557846893687,0,69.22937106424476,21.72623769013207,69.23920984185312,7.9046139556329535,1.7717594581999392,8.299954361801435,29.526627850330307
226,179,3,Wood,Flat,7,2.0958572001274733,S,21.028354120291738,6.9206418821037685,10.388805742119771,12.464528495190308,19.793657955262162,89.56421462483418,16.033918172019728,26.07216097598606,65.76012895679288,0.7968837099664492,60.883580955251404,1,74.02949193617235,10.236962618160096,58.24094894328337,2.8622456861150525,5.148286956276936,8.906654881576141,25.229646307401282
227,102,4,Concrete,Pitched,6,5.304106207432651,E,42.20667382083885,8.465122972406306,17.359860690562925,2.6810868427331958,17.245515313877448,80.06920353442817,22.253247761855537,13.983731718027638,99.9787157681032,2.217364194449836,63.69485335273288,1,90.30939778009176,25.048056531807926,83.13778154217542,9.102113716888987,7.69265810740672,1.6430624254848012,38.18341680558057
228,221,3,Brick,Flat,9,5.554967993620758,W,36.90561759291643,7.959427882449582,9.76217112382429,4.075123718618174,5.3335162697967835,66.96101491958919,18.301350990709086,13.065707387125151,84.89503725892696,0.4528358917594686,60.42426325560247,1,83.2960385947176,12.526421126565573,71.51089965102574,5.706833635952493,9.872261389075826,1.2921412758604878,30.316596630226602
229,209,3,Wood,Flat,9,3.092962225288421,W,12.972691637233947,4.204624605066815,18.858704047426627,6.3631025487128525,8.895469953744517,77.22977243553747,18.809771300643803,34.93932366674781,77.23951490628762,1.8061463931053,36.72844369734166,0,87.55999939954273,46.540438673249646,56.12170388655285,2.030555768220833,7.004713101783048,7.701011713941214,39.11515574908167
230,247,6,Wood,Pitched,2,1.7196885492337175,N,27.835086475388398,9.806939993280723,10.576071508330195,2.9984967339006565,21.20936434430932,52.05340863952027,28.16538268241772,30.74416775079963,71.52658091535805,2.4360797587654894,63.34296438582947,0,82.68049301680689,26.627171806514745,70.22343324737591,4.60760712088131,3.203555957285685,2.2001680607825214,33.05681298623347
231,209,6,Concrete,Flat,4,7.990512674245235,S,35.48242946834226,6.141695520226242,19.034813170436937,5.054925607950991,10.453012946249693,87.24125377649565,16.34349036474466,17.23813455103523,84.1568177464891,1.9973621264587724,37.8043528009684,0,87.34369700887476,28.379830994576402,66.52813522387436,2.860844716627855,7.448982758010996,2.1969872836717528,35.85070522972485
232,117,6,Brick,Flat,4,2.098315469119555,W,15.57667466617213,4.113175026181829,16.82380613551244,12.791962778972936,19.631242391222678,72.29777725460508,25.730461728433344,34.40783623449497,61.98374032880344,0.6830688680489054,65.70445312176588,0,60.1136861465589,23.994009443634194,85.07370127527031,2.7971688355136126,6.38136484137847,1.2012988104498634,34.86534589817839
233,232,7,Concrete,Pitched,5,6.348616755055972,E,42.38098297340346,4.261370278897036,7.886195129700753,14.32726999127103,12.442404304833975,51.001161486609384,19.06713380070882,24.50339670257641,63.787239620191805,2.2800766249913957,48.34599592324304,0,97.23592577485718,35.100246168070655,55.04221725442814,5.5573276388698805,2.9061935972339294,1.4482708982507968,33.42058762417948
234,233,4,Wood,Pitched,3,9.428042564952944,S,29.517244589533405,3.6876449453235636,17.409187004635704,5.959830625064477,15.437686563158863,53.12534707552054,26.404923321062064,27.260673556392806,61.31426790961585,0.3234571756201362,57.07907009244114,0,64.43680923499227,41.37632466472815,85.00839217792102,7.047028140727353,8.659997432627993,3.3730791273594023,41.072093645954624
235,172,9,Concrete,Pitched,4,8.884946733382382,E,12.435892269917144,8.62462675904454,3.091202399821189,5.438705451854897,6.359465996388074,69.37332319108783,25.836170766953167,5.945391292466348,79.96679333050648,1.2235406604897658,49.889633915225744,1,76.2499638390762,35.92586972195912,70.48844067241139,9.204563849530853,4.846639845048408,1.5850494046972567,34.088013883951554
236,194,9,Concrete,Solar Integrated,4,3.49977361374335,W,31.23429917740711,3.8542134602529403,18.575896331517274,5.63860447920355,8.62451122099419,79.17107595092176,15.110878521664395,8.648157780441714,84.0242651674873,2.230100578543393,33.75963717666408,1,90.84153480979418,39.9282847358051,66.1745771992459,5.519458096872881,9.657798892607133,4.31991182493348,39.94429338639501
237,87,6,Brick,Solar Integrated,6,8.663037737961389,E,49.98712118701613,3.875876799992229,13.001226786574941,5.61034813556097,24.143939270384692,73.21019744760633,22.637031193823987,23.99255379488715,62.49919045431283,1.6390377022164875,41.62889230482661,1,77.40922872037696,46.23894654037042,56.47868737611761,9.692548975524971,7.5061090670300015,8.494975281046141,37.009811480093326
238,73,2,Brick,Pitched,6,1.0029925550844045,N,11.77346712485361,8.953301303325864,2.0334242219239123,2.467092368417649,22.80276106893828,80.96021586460775,17.089792235670696,31.97071947948452,88.84897869995666,1.0927469553464773,69.34927415988024,0,97.87370206670063,44.54186126685715,78.03271850554717,9.474713668660318,6.801068391686399,3.9368823158943336,40.5233708105587
239,118,7,Wood,Pitched,7,1.159190286519315,E,41.754061855378765,5.4122285911329175,13.240877749365419,14.049912502304405,18.045502217981003,74.01471293956779,27.99340545868015,23.712311782627868,69.21580286058257,0.802750880169205,68.4285900667927,1,78.70355793995067,36.96233811014783,87.07226836440162,8.785562769859244,7.555175537289057,7.550507463214345,40.53272155725064
240,165,5,Concrete,Pitched,8,6.4229784745857845,S,14.328905143440108,3.216005330156507,19.510705428750367,4.778075840414269,14.192891947714747,83.08519227406734,28.073788242936097,9.020746829569752,87.40805815079464,1.00023857276404,42.81947590622189,1,94.99757622410685,18.585518516177146,65.01509415597279,5.499795384661767,5.302873169363994,1.845189683479271,33.041147728081256
241,147,2,Concrete,Solar Integrated,8,4.283183972300765,E,40.207474825703926,3.363267096628876,2.3262124376779494,7.460052963058264,18.515225857904476,60.95630323354004,21.27518711240637,8.472801387389739,99.27588560140983,1.321460274422287,69.85187216980904,0,92.43312453449084,35.50811404167715,59.66340002683334,2.268135493191852,5.547038300215066,6.934376686775436,33.4030768188975
242,247,8,Concrete,Solar Integrated,2,4.478147570432324,E,38.05600654046359,3.995193126927269,11.539066485821639,2.1259294756325806,17.37220578187878,55.64215935918107,21.665934276766208,30.32557687472245,87.64423480215405,0.8657054316947377,63.82204781987598,1,99.23945211194733,30.243323829620437,72.19467667996628,2.961140228338464,8.660866469002695,3.850724649316915,37.47586428703899
243,188,8,Wood,Flat,8,6.0799698161099425,N,18.522022352019455,4.493753435829827,15.208092645428076,13.153416181895743,16.37104511209224,79.821697731283,19.549244091067905,9.17907016123743,95.32772211694434,2.4255228689975192,54.43837997729019,0,97.06191123003902,38.6887692404168,81.84743793735481,6.82903002440778,7.128356829791525,7.747775908273343,42.14959937764383
244,193,2,Wood,Flat,5,2.726042100326745,E,19.662040290400242,7.656023359668838,16.394913147291096,11.505045477913924,6.183541437270836,74.23447584681537,25.749094484400466,20.606958815120763,97.9279402697227,2.339386367358748,31.604984810440378,1,95.92495338851515,43.3172659357166,50.15070778202132,4.795794822557765,9.075189926724775,2.2262681265074367,37.711837290773936
245,146,6,Brick,Pitched,2,2.905798155989305,E,40.66346263833136,4.101283960012798,8.862721841095121,14.307828457258141,17.65605221323014,51.343382702246764,20.379920445396888,6.113399598869068,79.47004193409262,2.18961152371437,66.05787318153517,0,89.26417362077873,39.7088598874567,75.25509745581716,2.321214685785968,9.017440782168418,9.080950399880336,39.466127344131024
246,173,5,Brick,Solar Integrated,7,5.361414283169783,W,25.76504803492907,3.832120738239504,4.879164624196617,12.161001229553188,20.378400891423368,69.02409427465179,19.016887117839506,7.420093021735321,88.09299917678828,1.1123916052543683,52.29717117057279,0,74.67992589072884,43.86244679845141,73.86064002794524,5.310945402753794,9.788410306398243,3.1831948260814293,38.33236962031633
247,236,5,Brick,Solar Integrated,6,7.788281899094767,W,37.886811292031396,8.353033990333955,1.8045032966752927,6.078184656676848,24.88163309291151,55.30627927454977,21.483465892567622,25.170448029285943,94.07877014223368,1.7591242464045493,64.73904604811078,0,64.24501674259609,12.554654933640954,62.7260874321664,1.1568749095184132,7.301931929608008,4.178240139530589,24.557402686041836
248,119,7,Concrete,Solar Integrated,8,6.575479762668289,S,11.659286631462564,7.697386987019401,12.01479698484727,5.222353663469507,5.221571051886194,76.56784158763476,16.37231277581188,25.6754423128255,74.26435651497545,2.266790336886315,63.37716479622969,1,87.54580209057559,11.264801529498559,68.05692014419881,7.605058338096339,5.520715458955678,9.551626397362375,29.252507185507483
249,142,5,Concrete,Pitched,3,3.67619543413155,W,43.36510018556991,6.047269550186654,9.605310335084605,11.070311998192809,19.603469066213535,69.78888398302153,26.199048069663057,15.244082198253272,70.45589266241579,2.141030770429427,63.32024860804344,1,99.1461632535186,20.340022707983756,59.878528966472835,1.6622316504072177,2.496805301881741,6.20634123757773,30.412752058434823
250,52,8,Brick,Flat,6,4.873034597580291,W,36.98981225070436,6.845168400360728,19.02614350784451,6.7334660751364925,16.435786318719607,80.65759555515089,15.188946019076804,11.468292957291343,97.86394291113355,1.0943848336484985,57.926954428596204,0,89.06417749327476,46.026643364345134,81.59542951807371,6.662022579209071,7.348425036826756,4.291943670667198,44.30841037118001
251,197,4,Concrete,Pitched,9,2.5359828269499856,W,45.81242639756753,5.183888142284929,2.1514932465832857,9.360795204784015,13.681043521619134,90.28011093851191,24.66727592280891,29.411308122719237,89.05214001475272,0.36972651837342574,41.65660554704195,0,97.14917477109341,42.94637003935895,75.3813973346443,8.137092768630396,3.6241994508393764,9.546419323302684,38.83024649533042
252,236,6,Brick,Flat,5,1.6716683290337353,W,10.95675705657376,6.377502941647524,14.022511525474108,2.0813471233441128,7.5514034914274175,64.98343419207454,17.742967901323087,11.513096884096711,68.78728533503305,0.28151287320291873,43.446410309780795,1,92.17218851822068,37.309091911812466,71.30846488155942,2.1937948700856897,3.546528112335981,3.961696752010288,38.185447329239715
253,213,5,Wood,Flat,6,8.044264366697343,N,31.685652516226895,6.54670854287922,1.4743582202810863,2.804514121846178,13.181702972697524,98.10510520825137,18.486060693216196,21.26081208999139,77.96333570704454,1.4849537085416864,42.33876850330745,1,66.52458700466715,38.03034669758864,65.70104793671308,5.667748215994113,3.144589988032613,1.853836414076618,32.12556193874867
254,196,7,Brick,Pitched,5,3.388486682693751,W,31.960426326814634,5.710660898246672,4.257249357500312,8.959783235361465,12.087543659722705,76.78172502937872,24.534479979600597,34.04626522588717,91.85807078151237,1.642307044506236,30.80183998130259,0,69.96815082365148,39.0668187703285,61.65537544082929,8.011607629235227,8.87609851616305,9.97163999073478,33.67460537636223
255,139,8,Wood,Flat,5,2.5998974906612338,N,20.905733324605208,9.346005474705139,9.618000998533848,9.358931403826146,11.056597779574844,80.91453993773939,29.89415198674361,9.435573135871513,81.88251963673768,2.1396222510328577,53.30275636859245,1,73.67462407049402,47.70410801938988,82.90945944173725,3.3457010928130124,8.811680020139423,3.4106042850302245,41.94652290494847
256,244,4,Concrete,Flat,5,7.224562500123874,N,25.6309891056166,3.112433054867043,9.642576413254496,11.768888277971467,19.617592466444155,84.03361866128685,26.66576233608826,33.22628802484127,85.99808392663556,0.8020360488184745,57.953346817841314,1,66.73041777352016,43.2876460923023,68.05630681734276,2.4662493370145717,6.678734003830524,8.661320638296466,36.534859051928265
257,196,3,Brick,Solar Integrated,7,6.5624650685846735,W,6.709170348043406,8.475198841638722,14.028310315739235,3.7155491551115025,19.014510425685277,83.33657649287949,18.38759448335088,10.48679159206006,90.1507280818021,0.501929177320102,64.15463974100814,1,83.26605330692027,34.935615481081896,70.05789679366691,4.031371998707112,5.256828832336622,2.4898671534077854,36.67589716336516
258,197,3,Concrete,Flat,5,6.6987066341211765,E,38.56370173821554,3.87067981868927,18.294047662487376,8.671380088838124,16.78040181961823,75.5485371522531,17.640371325617007,22.023296240696887,84.88036755235922,1.0096139996276787,35.60661733530922,0,99.01802096539805,36.62861741028562,70.83314922162967,5.992292589249843,7.049030140889191,7.582185745996402,40.12563272462674
259,145,4,Wood,Pitched,5,3.0600514436195225,N,29.71951157314283,8.582831523760396,13.141611019383495,4.5278193776119515,23.773296265867444,71.43821455573418,27.993493054015055,16.310231358762337,81.60317287688784,0.9485802967174601,51.76732595907207,0,90.45835333744634,18.549610482444876,67.93467741726306,6.17751635369275,6.4650650526855165,5.720044550250268,32.11898917634451
260,248,8,Wood,Pitched,9,3.093809847064129,E,7.59834733411282,7.311383409737049,19.117166859178667,3.211549554315031,11.997087683617089,52.6890982088689,21.662759218822565,33.94785804505477,89.98457137551094,0.41792548964285137,30.320325626951316,1,76.93546996269848,36.2927530062509,60.243537049536954,2.177887001119183,4.741608234910486,9.828159024611166,35.40183532687034
261,101,7,Wood,Flat,3,2.9872236680707522,E,35.63401518322185,8.902946636554816,17.750697157681955,7.33644532278721,9.876038754203591,51.10429226505899,17.055792042422333,13.206260870058108,89.10252141728803,1.7134783660315651,33.80374590842918,0,60.18017923921155,26.98716049673834,54.81361760972208,5.118119629065745,4.416677807370709,5.975473204831595,29.510364587897605
262,210,4,Concrete,Solar Integrated,2,2.5637733609606506,W,26.005193475403455,3.682600279486282,12.105496115085014,4.123376425157744,18.11806626196799,67.89805972663824,27.933171349829074,16.989740062572608,85.19489600732716,1.3208606577505024,32.168469768239724,1,72.53104044552715,16.11847482422975,53.94149068670963,3.4145397598553906,4.445148773308151,1.2251363670176871,26.1870736068422
263,217,6,Concrete,Solar Integrated,4,6.901513053054907,S,6.550756674125,6.912864438698419,16.84204706745772,4.883165716500142,8.97628121874806,66.68304453168463,27.241385293713922,34.48580353566261,74.39157653527718,1.830694614675439,59.01912136061948,1,81.0703715076886,42.25611276986297,80.29850093362754,8.578217962584556,6.302200628404345,6.434901906616791,41.472420707625666
264,177,6,Concrete,Flat,9,8.632142967244611,W,48.63234770816429,6.50761516183538,13.208974596149046,6.128209538303523,11.300210143668492,69.38475774195034,29.758595458457453,21.094111735654195,76.23248368801086,0.9464586884073632,33.24238255510413,0,72.97003495407883,30.409883992125827,58.94111289206045,3.822176188576277,6.829024205087433,2.3078481070296344,32.21579103170502
265,88,3,Concrete,Flat,2,7.518857227089951,S,47.71004643902482,7.94335228074351,2.4925987875508158,5.372049209661551,9.492048801497697,56.9184100444095,28.64615530069026,20.078903468637606,98.8175419553639,0.8816853077864855,58.658119262351605,0,64.44139692095438,49.09700166757686,52.226912598159025,8.548340720804736,5.065675781638978,8.186868237538786,33.13027762583827
266,131,5,Wood,Pitched,5,8.128842703844889,S,28.08060872662389,6.74003386325573,15.07072974193069,3.138686866277303,6.383071354370024,86.90841352684218,27.776855079908124,12.73335464611974,64.49543729166103,1.2341820473052536,39.984988176423336,0,77.71059827447579,21.267174178980998,81.90069626783544,4.857081513416129,9.718223051917388,8.709113768409091,35.48914189347859
267,153,7,Wood,Flat,3,4.643185861766798,W,9.215258931765959,6.785141969931729,2.803260384079578,3.16891118317613,21.549974832713467,92.84822073881195,15.788615967165047,26.040906809313242,70.74019669011341,2.205777628948353,65.10851842787758,1,70.13011267862865,29.22680449220307,56.16246611442592,7.539271892438079,1.7546114620403293,5.338841669152429,27.92512020763295
268,178,3,Brick,Solar Integrated,6,6.886682158347983,W,38.95795497193663,6.007171605032452,12.287572830824535,4.512242398044187,10.090810858433223,96.93573176870174,16.56623054247177,5.431188553333329,79.69607036817342,0.1966751361615528,62.52599953455257,1,96.36929505846007,27.919818186754725,75.00584366933415,5.590542056897293,4.123423233583993,8.048993113470686,36.29624290862096
269,60,5,Brick,Flat,3,4.188126164002971,S,27.136899504757807,5.161840968051386,14.350163911306348,2.6572694434740063,14.460550066860414,74.61811517598129,23.53474791456184,6.485378891068806,93.46918744575143,2.0315987615115327,68.31320869901106,0,64.07018114004063,14.831180897303149,63.54573085791453,6.597663617178788,4.771672148128968,2.3059966193344463,27.389885766664975
270,234,5,Concrete,Pitched,9,5.72954159771776,W,18.610136523022096,6.375850528765345,2.2640245560062495,10.143941255800053,5.8663054650862385,85.04328495627144,22.972188694227313,22.98075761407408,66.54702654918911,0.9855702703786156,65.35048061832128,0,61.96610514898842,27.04461115323118,55.059210267652375,4.558208597752448,1.152292091184488,5.428703678820814,26.00509924383682
271,227,9,Wood,Pitched,5,5.334713618813761,S,27.113817988785055,3.829446511378804,5.385098424604103,5.735247314615726,18.98678932505286,92.77755617179363,21.86944821734303,15.250237214553623,71.0781847249844,2.1510856618923464,67.3331767646539,0,60.212566766194485,21.502138256836997,66.57923917017439,7.913860910267417,4.284614689014027,4.5454983822152615,27.72168861042905
272,200,6,Wood,Pitched,3,2.5919843062946897,E,28.5099865432459,9.730593372881593,18.397772412971346,5.636697580997923,11.611220046125815,70.9145555546743,20.951839881218763,33.59949116602881,62.63192871180956,2.0252872212060553,64.34969586053231,1,73.12278737942631,16.412818854677376,50.592354445305006,4.826704452162925,3.463389254555583,6.501856483477733,26.72682761691223
273,208,8,Wood,Pitched,8,4.483708843020677,W,30.322026456005265,8.000875345386188,12.709975352425031,6.315977825090947,19.894734556584197,65.47063974352221,21.468157272964934,32.09572072168357,88.23941064203274,0.937026993750612,57.735276024594214,1,86.41547352803555,21.286223361445572,83.64179930050241,5.117154819272397,5.554326432047327,1.4002946992284397,35.40863457823218
274,91,2,Brick,Pitched,3,9.674400479341159,E,24.855067114489692,9.667269816814928,5.6794343574001,10.616351564726381,13.248061209357322,96.8362277926745,23.53946901202193,26.411187760301218,69.52837741902465,1.7653036847718784,36.810366085017435,1,89.2165501152717,19.33006765065568,70.53991845367429,5.6591080140786145,4.027694924649423,7.769105544237647,30.770084853868635
275,148,8,Brick,Flat,5,3.237222319434479,N,32.258988641257545,4.587091676309743,14.122915651812125,13.318240459285377,8.915112128112492,75.78382755385365,15.031147764001219,29.54436743383404,75.54699002683802,0.4831186162562563,40.86830075416372,0,78.13046733526892,39.362941240235116,55.566400436318474,8.486417065473852,7.5356392145181506,1.7121636052721532,35.066920166127176
276,56,2,Wood,Flat,7,2.2042336265153986,E,46.34306197728698,9.155387141235696,12.338751979272104,11.868130123223299,15.263501645640718,74.8626943295439,18.910631611992784,25.0199554900308,77.74805788118671,2.251075725193091,38.50907864521092,0,87.37314601821066,11.231007130366404,59.479212735559386,6.934410357413183,5.589392458668836,6.908243657771484,27.588088175631054
277,193,4,Wood,Flat,8,4.767225594615418,E,21.302063919436602,8.66152989194477,10.529938298441019,11.457879992926234,7.610091192748795,58.92080482817479,22.774195810330667,8.76746308130482,95.65255742425822,1.0707785546845825,54.14343150632823,1,74.39656144861453,34.69850991652885,67.91900768554106,4.142443479091748,2.1678601014663794,1.166115029859498,33.9725703369098
278,139,6,Wood,Flat,3,8.113039622741333,S,37.65724084489771,7.7400668872037155,19.54755252477359,8.29708541281104,13.810783197459894,55.407750728667835,25.833241480104693,27.96630109067608,76.45321161324947,1.1935014768524805,50.14479751894406,0,86.71224879946467,40.42645368094426,57.55477531262195,7.0328767058338855,7.750551917299125,8.486992573810566,37.76973693516868
279,161,5,Brick,Pitched,4,6.23933406801975,E,45.25036505709045,7.37520430259644,13.98562177074267,11.019472240576352,11.34610954840973,92.10534312417559,17.612350385930945,11.305759061565391,65.80900079660996,1.7938217224887638,64.68319988633695,0,61.62383941209494,29.228938258758927,60.74396646004344,6.781839157077195,1.8930600647440894,2.5722966720140317,30.255595077943212
280,109,7,Wood,Solar Integrated,4,7.128773445144201,W,25.51906740919716,5.2158476568750896,8.133381083690342,9.185910784436581,23.239191683992665,80.70665880937591,23.203217606811492,14.703285653005903,80.97259753360484,2.070016568091642,68.10691465996302,0,75.63011938268016,47.262599200316735,71.37542256941053,9.37917348291734,8.551442512714218,5.639477283792914,39.35384093152606
281,162,2,Wood,Flat,3,2.707253633572095,S,24.955512637185684,8.714875494755216,16.201395209460493,4.811256866424875,6.218574434414399,66.29122920097244,25.716895258286726,29.577026363072605,98.51831978594518,0.667222583987703,46.194395584725775,0,91.63398710532717,38.31522780946141,83.30436052153541,8.57274792422815,9.382799746775975,3.3534361335485743,42.43567814892552
282,51,8,Concrete,Solar Integrated,7,6.570533737069494,N,32.09526434096508,6.5106082303581365,17.80708256550257,4.711648780633659,18.88034828211484,59.58681086951332,21.66941486870857,21.095768251803445,84.30742564203244,1.6872403357047892,50.254022131232496,1,92.12024121836005,39.916946052456694,66.07358742759683,6.827022313761233,3.9020076116636853,7.503824818549616,38.74364345852564
283,178,5,Concrete,Flat,6,3.911503554203264,W,31.613304174011965,3.4962410312389975,3.3791906308197968,5.853096089378685,8.655023319748718,77.77486400848157,15.406217005050765,30.798221425502277,99.3354888184229,1.0407953053339565,68.86065427216556,0,88.64595115502779,17.87733949763481,78.67901094214193,4.073563996156393,9.335283699366379,3.8921599017074913,32.506494019258845
284,97,2,Brick,Flat,5,8.508730293592908,N,41.29652040468247,5.19004212598591,4.810506579060063,13.840434722607572,11.380901486644797,79.19596446305677,21.73902237698455,11.391059595297925,93.6442923575548,0.9848870176095071,41.04955766492574,1,68.16954482279458,41.09182303356294,85.06736853842594,8.016188039751427,8.137073432102845,7.521482742294855,38.74749110226611
285,189,2,Wood,Solar Integrated,4,6.663689254096625,E,26.441752270023173,9.547079689817293,5.108313173427814,9.116392924936436,13.310281261241318,60.34968006225291,19.446673316162297,23.233353158206615,61.43863024853651,1.7560619774575714,61.69563101435254,1,69.88820475722532,43.28378944332459,58.65203761184648,6.176874637565208,9.30192049903393,3.5638408615192887,34.58641156558156
286,246,9,Wood,Pitched,6,2.789706499977663,W,49.82553273377485,8.954761824233923,14.133024378344267,11.540769901024303,23.160301787499485,92.5702873945737,28.944744115519924,7.513729176447849,86.33598381508168,1.0292398579742423,39.009596093409854,0,99.8435490905805,24.450655536239584,82.28767881608641,9.867429892908115,6.996431232287629,7.77225781842184,38.00297845527359
287,86,2,Concrete,Flat,3,1.5815501185967753,W,7.676220599027635,9.873339886535774,12.457751546012384,6.505263877615119,9.851565321476503,54.21321830779255,16.86920078517491,24.29182980620089,71.47067510231534,0.9306604003945783,57.25840461701088,1,64.1351202880784,18.53452272131885,80.2960879332411,3.2275551571282364,3.120796354792797,1.2754494670321381,31.148796012012752
288,209,7,Brick,Flat,9,1.3836988835832946,N,5.142553186131578,7.395953678228687,12.760839729273176,7.300305018647928,6.826176050893404,67.80465425832108,24.787139332608483,27.876021133266043,82.38467422578896,2.106132179502982,40.144625105542566,1,67.22650795609637,25.402027168144667,64.2774919179254,1.7169025683779826,9.050709132198753,3.549802018364636,31.561067101932505
289,58,6,Concrete,Flat,6,4.342677108851267,W,33.80892402018307,4.732570511982884,18.874692694100517,3.632352522284268,11.373792079810471,84.0192206881261,15.790796495017517,22.54792681936165,71.17380763724907,0.3430626971944153,65.34933555325547,0,65.20105022600531,39.58431876000549,89.58079838003468,1.6290263069915292,2.6583856855366936,5.48770155796251,40.61817600253656
290,148,7,Concrete,Solar Integrated,8,3.392660229888821,W,18.429571056284452,4.1397053477380465,15.742319123338813,4.2268344516817145,7.093519410710667,63.70601819096004,21.692556567190447,12.986945044964308,73.95481666421162,1.7221422947925056,52.45911774946707,1,73.10619854734462,26.70556023474811,60.50289485743828,6.760273495165123,2.9175449591578198,1.4055362372775293,31.15483971314588
291,196,3,Concrete,Pitched,2,6.814811111162572,W,15.817207491476772,4.3084010842592315,3.4308015657238804,12.755635212739893,7.571929719211051,91.38375973906359,23.30969230830121,5.940280065766002,96.92674847016718,0.696940945097499,37.43734563497539,1,68.40703340935693,39.46607500899152,60.19213064126782,9.453342060203715,3.4395669112632734,2.6743065523415077,32.093025667284145
292,97,5,Concrete,Solar Integrated,4,5.494004514807564,E,19.03545860019262,3.138569608430781,7.602634566078439,9.602902211955467,16.477011959500533,86.99339133002017,19.46932396975298,8.583466518928573,68.26572739566821,0.13719578038285674,38.97476702793944,1,79.90751838191088,14.542581639101506,80.89036658612791,1.0173872286235466,3.7382168033792618,9.41083283477083,30.79976992103866
293,180,6,Wood,Solar Integrated,3,3.3941735020484263,N,16.522140429722945,5.734774776901574,9.272479277338977,6.3879220564896455,6.218038661989866,89.4511422274067,21.826134532805767,23.669089372220785,94.96436472103322,0.5002342452944608,49.75396782832401,1,79.0408282752048,42.240468419539376,67.38629272204336,7.531939422619996,5.630316779179275,9.791508386621704,37.034041109094616
294,197,9,Wood,Pitched,9,2.343140001551585,W,6.385552234720153,4.339993763496798,8.523270186204492,12.437065716942097,5.618617627871321,55.955326793835816,17.453306917952812,33.03260650527541,61.21831232281987,1.5559876714620826,68.46408102299515,1,96.06022477805212,20.128299265694295,63.23179979124173,6.913586642796509,7.421116243906397,7.657749526514371,31.479749501784024
295,201,6,Concrete,Solar Integrated,5,2.1447978641870464,S,48.71898690757649,5.881588223196917,13.716863574075704,5.204758773293779,19.288282029409956,57.02735639977715,19.561857742020543,11.196032119160192,63.63506153478593,1.8019052595662497,60.785686555346174,1,61.38959789779126,19.95715950858375,57.146512213564115,7.590737729975193,9.335873569606154,3.2698004555522155,28.165957513803445
296,103,6,Brick,Pitched,9,8.78194352926376,S,14.933546980375178,9.544961022871359,17.945968961874687,14.688425081802649,12.23294189682089,64.32368688722919,24.316594873653045,27.050784473152962,94.18700165537055,0.1505386805351681,49.532385713033804,1,72.79518306671054,33.61523860815443,80.61329723738176,4.19864866086102,1.7959382860195219,3.344657008923721,37.43513078617258
297,169,8,Brick,Flat,7,3.1913017156438053,S,38.03133931651878,6.01378146655033,6.814977806932972,6.482628900700207,7.507506984677466,75.90385825987805,19.527000837917328,30.993531897471247,85.22224123636781,0.18742106392412838,43.50876578248868,1,83.8663156798836,12.804721829879586,81.45287224544307,8.384468001920695,9.589324260054124,6.812113220155656,31.799482979438274
298,210,6,Brick,Pitched,8,6.865395831198715,S,39.316837761237885,9.145891478893844,11.485665592002526,6.385042403965959,10.072255417194164,87.40080383497012,28.496146176133074,20.62646535342533,89.88944552158202,2.2661010756230873,51.970739733937705,0,84.19207047375855,11.051909067386742,72.66256012920562,1.4023623827697576,9.291906703871321,2.058396549388316,30.42280625260777
299,201,9,Brick,Flat,3,8.296173351876396,E,46.816582910325316,7.2385333663111355,15.998779016358128,6.054854771977168,17.841730147047983,91.82654453804517,24.426104364614844,25.077973875309734,68.37670683287416,0.2759339634729276,59.93443333714479,0,79.20504916056836,20.44114661173797,88.29254452765491,7.798879905598248,1.4859936296293506,9.5347844238733,35.208312334306704
300,165,7,Concrete,Solar Integrated,5,6.526731800662625,W,6.3747255692020985,4.729920882629743,8.908143118061638,3.587449707015743,10.510731342817024,85.21676579785903,21.57973527653977,29.450459500284445,81.48333822360414,2.246037180679771,61.357143538112,0,92.62662163258534,31.52270202939291,62.72653081690617,3.4036474721417895,4.242890239224065,3.023316095591661,33.89498560691478
301,124,6,Wood,Solar Integrated,7,8.736087084822511,N,44.24217523011534,5.49098331481448,4.194244439586621,3.4447829153161615,14.890422502408159,96.42984407653191,15.581354033312737,12.820254732217808,89.48876894285219,0.6475981930021738,42.98435192387778,1,62.50888685657835,46.30465544900909,58.78476181917349,5.291539973722644,8.318290512694027,9.996720628828994,34.40174467465139
302,162,4,Brick,Flat,7,4.531543493756271,W,28.72517813779101,3.587436750750006,10.024068340011217,10.425365448943603,7.433906134533446,86.93717548079651,22.493225028070068,13.906870228041289,85.0925654804105,1.8760427203797108,58.84637072855509,1,92.61951062320543,43.857407052292274,77.09867075737847,8.403726444014985,6.50418890931461,5.461604157722144,41.14455877934909
303,249,5,Concrete,Solar Integrated,3,9.605999715840534,E,33.46448494846226,5.3342381551720734,2.049227894117541,13.37653457925461,16.76187275210894,65.31339435023074,26.47164363187634,5.018825498853685,78.86795067564839,0.8433597974704289,56.31155120144744,1,79.79016961742815,29.61785839683902,80.3363456319882,3.442231316720233,8.011845490435935,7.942869900936428,34.94385828410286
304,213,6,Brick,Pitched,8,2.1983050376028723,S,34.001162470446516,7.742786618524739,18.90528562604326,12.276766633531755,11.321553676865282,63.254064216928626,18.983363970186204,33.89282392693407,98.39135145750859,2.1610048614620414,68.36449167985175,0,65.35042780308008,11.48207974773971,58.9962388220729,2.6668676047950415,7.471300049108987,1.0196568505500152,27.05423160407495
305,215,5,Brick,Flat,6,1.9193457669178429,E,41.89090122431274,3.504777650506046,2.4216028987044877,3.834398722277564,17.53936869057433,84.80962251505449,27.10160354473151,32.526346837890344,87.04629333813781,1.7810916770184588,67.24361162032059,0,95.4280765416191,31.410109385172365,53.06443057044453,7.131818668130958,5.470931018144472,8.998717642764777,31.157233367172317
306,153,4,Concrete,Solar Integrated,6,6.928229315866992,W,20.003329497159974,4.437809859346205,9.330677589760985,9.092567583296864,21.16789764608046,59.643528434480714,18.777101490763222,27.93704791278291,96.31003200964952,1.0643523006440683,61.57517302414308,0,85.96915118163854,38.191823997011824,82.42065946345488,5.800554023561241,1.3709624135652958,3.430018403025224,38.67892221062364
307,133,4,Wood,Flat,7,9.485480272719355,N,37.9873035436997,5.67008728989318,11.067743960681998,3.37269009769632,17.23292838779985,54.635740540513495,27.356195819262005,7.372280629299444,89.19082046294724,0.2831258900177909,58.935787554197134,1,66.54182747296556,23.56658130100135,89.0600789458405,5.62963481871566,6.258413818580509,7.011430700932587,35.001404482617566
308,161,5,Wood,Pitched,6,8.279951154726952,E,28.78601493749887,9.874346759111738,19.720772813458424,2.588830366970007,10.914951251900414,76.6111437428097,16.27902512417516,18.425086690985246,89.41854114390733,1.858480441289937,40.961663588171035,0,61.34598893596107,14.442532131266187,75.78689144289137,3.3109256398412183,1.4370998775336639,8.257197527142306,29.856311359752656
309,148,2,Concrete,Pitched,2,1.6877517349424629,N,40.70273064374065,8.494032760712162,4.154414649214354,10.533016172001973,10.114874030966007,91.08207848894776,27.992755633035443,8.056752619146584,63.200730790307176,1.5805234143164357,63.83861024394133,0,65.64438593330597,21.142718128226377,61.11467600575577,1.313922752380249,6.433540457816178,2.4773296650310184,27.24778025435577
310,202,3,Wood,Solar Integrated,7,3.5143094254124474,E,49.574571474656004,8.134407225444727,3.1741988536348127,8.956980337844554,11.548419174668961,55.068992123493175,22.487796763999956,5.477608017883958,74.37858487415774,0.10698812280109299,47.10022814853465,1,84.35191840721575,40.86355457871256,89.86690434211168,4.692422244985451,8.203697762443104,4.982585331963061,40.94321840597326
311,142,8,Concrete,Pitched,7,9.372869963540413,N,14.029295783169255,3.813336695678122,1.165416794188328,3.0663079077491213,8.292410264730098,89.59456618978646,19.44806384430393,23.485488956377917,94.33477626878633,0.12260765433386878,40.88962170024179,0,67.17184941040193,24.049753291333133,85.73066545068309,1.9590353242099119,6.264925738317268,5.44452346586731,32.564312525077874
312,195,2,Concrete,Flat,5,3.277525895207061,N,49.75918887019991,8.46697125530494,3.955857300516744,2.45421020327785,8.623437017000402,90.5786002175774,18.976698756227233,33.82488251240565,69.30415448595024,2.0411031356624654,45.3664303181385,1,69.03052299500112,42.479259627428405,70.53522585121175,9.153902355842819,9.973196241055273,3.809075188052841,36.539686066285384
313,177,2,Concrete,Pitched,6,8.030533814082274,S,9.04154694272483,8.496881680612105,4.938186602285684,14.86683337432135,20.81382203800336,74.11370000407717,21.48015838395544,32.0860407029645,64.62023464625865,0.7225593731244492,63.43741960066032,0,61.005589030252565,22.780858072299033,83.01285139367334,1.3712529112455747,5.102798501623898,5.335802467560833,31.54558362423155
314,159,7,Wood,Flat,8,8.426189763358334,N,5.104289655716624,7.207718869370298,12.981037890078754,2.3902773179379344,12.6946515301489,52.86551550052434,29.985742471554673,25.90264444806213,73.04424226555173,1.6267208025473576,35.9453286231154,1,88.91722688954414,16.542201536552724,82.63282093051868,4.884857687659433,7.739447172435887,3.8579109188980425,34.5250443485269
315,131,8,Concrete,Flat,7,5.4590689311488365,S,6.987287128002407,9.932532473988603,5.174429017436608,7.778867289652076,13.719903611411716,58.72949256235932,18.304910901563737,7.899217524946143,68.81751539570456,1.190114607436594,48.2463496447929,1,92.41457599037749,27.43393438054433,87.39195878693998,1.4702102533074508,7.004919625677167,4.246729705496883,37.3858993992118
316,243,8,Brick,Pitched,9,4.47714018863484,W,20.380208213154276,5.276777341471863,1.389895479857179,8.560047319900043,16.880989311336222,85.37131375809662,16.548249733184996,13.224921130169005,97.01152779172621,2.1722320348522413,49.694303781179585,1,91.87392707088492,28.09098049156556,83.6369537509384,1.8598948710828969,9.922885224022792,7.023980608324651,36.60463374552184
317,103,2,Wood,Solar Integrated,8,5.051119891777836,W,33.48078488052954,9.588907137692962,16.705748564547285,3.5246419214057854,16.793069903030954,85.58889724954747,23.77552753077993,14.60170180655873,94.71866568008525,2.3007066714459725,31.465187903952774,1,65.10272605457136,10.644328741973478,75.74716943828658,6.929800002298198,7.418971045693946,6.693339414744973,29.677949037754743
318,212,6,Wood,Pitched,2,3.0426822492882772,S,8.106329339953234,9.403117804695526,7.946318319075369,4.197803119716312,6.347537430438514,94.91776375838327,22.328136996603856,27.894501732366837,79.98732921131617,2.4923385104292497,37.82984118192661,1,96.13204509555038,14.681802908253045,74.3721487582603,6.824001348766851,2.4762765831345046,3.090391532177727,30.97669411412499
319,238,7,Wood,Flat,5,9.004518245159598,S,5.254961653830527,3.080364618245645,7.720237045033945,6.5734650833345825,21.630815726753312,79.13430732772915,22.86294406594961,29.067475377053423,62.45375497935472,0.4688419259373924,63.06969714303426,0,86.89115317896321,17.397040750912698,68.69429153326448,1.297469753914958,9.599659357755169,9.077345963158821,31.111065130380847
320,218,7,Wood,Flat,3,5.055576910567821,E,47.16909628064577,6.1508156853236775,6.747101554190605,11.901786390777614,8.546531064478788,56.20536838568887,25.004031263358257,16.55318368969761,88.58249384372625,2.171113711541141,63.230695543790425,1,95.90114489507458,14.543492695146995,75.0594255988303,1.0101832760878318,7.009995038011851,8.765096911042516,31.716466736258106
321,210,4,Brick,Pitched,8,8.942134964104898,E,41.98669861729683,9.839729631361013,19.532092265781998,8.592071512783466,19.46143272099338,56.070745275248605,19.00716104805974,17.53651989852829,84.93646925345058,0.7384513041491242,41.696603355369916,1,77.88642018122654,23.661043016854553,81.8086634612153,1.709362695185056,1.534044077257509,5.581749760209565,35.46191488402999
322,117,9,Wood,Solar Integrated,7,1.9512413191564668,E,41.413242701256394,3.7218495368565305,4.232192928876348,10.2927243691885,20.453419762563332,86.05661786784118,28.659974930758327,6.33527117828514,98.82218682913984,1.5179580997492186,64.99588938391705,1,77.47819444334792,48.584914224680716,88.76150505210214,7.866990079407479,6.918114752061512,4.899256684261753,42.30565625834701
323,82,8,Wood,Solar Integrated,2,9.894477439001182,W,44.79909239758897,6.834492860683236,18.066523215111467,14.807269216178772,19.297990681826274,59.18923325539506,21.535080991834356,13.67410155256283,82.35812961081507,1.3138548012861062,60.871317562733914,1,91.3814607473958,30.36890153308312,68.6914943272848,6.261188254763565,8.948074660072976,4.391703846856979,37.390034975158365
324,191,2,Concrete,Flat,4,4.989457786992564,E,36.50154227474469,9.852702549287729,15.759263310657872,11.984070659071726,16.579552931082905,66.41927498083027,16.936292927136925,18.538555315329198,73.45574893611638,0.14317151577373038,46.716299351816374,0,63.73191421906974,35.10224095482586,72.94612811955028,1.3430642066964245,6.193376757910226,7.365411267997952,35.88361734597841
325,70,4,Wood,Flat,2,1.430477383546949,N,9.698185838663665,6.888467968741021,2.4531191544869486,7.64669947583583,5.292179942177658,74.3606003460957,26.134481351009164,8.509491391557727,80.76086774314223,2.3386510717746276,59.93625377620151,1,80.83496146539542,24.255459140921126,67.79221980235127,5.3928731428554455,4.186176742288101,7.044994514885234,30.24643702864115
326,97,5,Brick,Solar Integrated,2,1.3421966341370943,N,22.959508463317537,4.328707120805092,19.747852928516124,7.803744983355133,12.207509847263413,51.23824387880756,24.646565289267755,18.59802382265064,99.17053165618066,0.2879849323581243,68.45338524779226,0,93.45536942524902,22.939510465725842,76.73954483933616,7.408264213490062,8.388186706635544,2.765625462441808,37.20250697714022
327,197,3,Brick,Pitched,5,7.715865317336547,E,37.54172689090833,7.075282610648128,6.155953307241201,10.044037001533065,17.096788587251623,62.44095135099659,19.736151037260555,30.59527436773401,87.85449730132122,1.7517254065785661,48.35878872261395,1,93.20770252278285,10.925870876600335,75.19682016245038,8.820562551407257,8.042608073852465,7.043122281703251,30.477607823967194
328,177,9,Brick,Flat,3,6.931319807833127,N,17.61505073561844,4.431084017646828,2.8730756134258346,10.649747709445757,12.749025918450773,70.39448042536401,24.322780860510726,22.4396305917516,86.87904551708205,1.984016406899829,39.53708715813934,1,98.24531425369476,30.013346227040895,50.71335160774493,9.406328415931094,5.897639388081707,3.2718807469183595,30.72534861533224
329,185,9,Brick,Flat,4,8.219175023148289,W,35.93328638613069,6.637929840261389,16.75697044838943,8.509242035876728,22.26959789825626,63.98181592466031,18.297929345534655,7.36789565115237,69.62726358903541,2.008690837714442,67.67266000200624,0,87.93090374122187,29.34436027006665,71.64646236402633,3.9469650665866,2.3892559290631032,1.16702502871173,35.75493620343796
330,184,9,Wood,Solar Integrated,6,1.9483078055752536,N,6.102430172044356,3.518295525386436,14.426835139876298,10.383195896594739,11.176045506992306,56.818516373378294,21.672590390107942,10.75013956490823,89.7441007024247,0.42518684542922747,54.14977154253026,0,68.31082517758914,16.31322904724492,53.53947582796056,2.222491855719391,3.2588783697086323,7.292878097836393,25.97008909944149
331,244,7,Wood,Pitched,6,1.3201378033199351,W,18.776180339581693,7.238378684500832,12.727157311680115,2.305922427383284,10.87069584917321,86.40061288980988,28.49118783250988,19.236330504756687,90.01087317887087,1.1741678812191332,34.21060649921701,0,60.81121259578323,40.57296000826815,51.055344720221534,3.132333286583027,7.646355749674951,6.803142422146746,32.538780818374086
332,194,5,Brick,Solar Integrated,8,5.577213605028206,S,29.71086513247277,6.617529573897107,3.96363641027973,7.585097230658974,10.31995386185316,90.65738275839925,17.003013497411242,15.844614494654362,72.6915593510362,2.0906292890415514,52.907312634267576,1,79.17663194508407,29.70697321244012,81.64788648338794,7.985543428362013,8.254739488554348,4.697283361369073,35.60300763468485
333,177,9,Brick,Pitched,2,4.488357083344926,S,33.444042327780906,8.181129581330243,10.091426208863275,5.626194988955198,11.65561737921591,62.87394880718624,20.80044674981193,15.761810586382962,79.34855329562853,0.8264301049090111,50.02323557793195,0,80.54815462490222,23.55975880646293,60.34599448637202,9.743357935380796,3.513387502368908,5.731174503275555,29.912904743949944
334,82,5,Wood,Pitched,9,5.157522430038602,S,30.96682990078599,7.414903298111495,15.830564510857062,3.679267788160435,16.148099286283745,88.72097473031516,27.31713637080521,20.878023444307704,71.78413331761824,1.2225968208991926,64.22355576302253,1,69.61050337995727,15.876356360917079,63.62620309149197,5.197542556243425,4.31186569468108,9.524522725351837,28.477683905676876
335,225,6,Brick,Pitched,5,9.924295679832467,S,36.39903242330433,6.847243879715297,6.768854824732965,3.2941046665140767,19.140305885451816,69.2776782200657,29.542363491092672,22.53187764768372,70.34820281297146,0.7547053424796298,51.227807590540856,0,64.98789788494413,32.0864330788405,52.56338350416265,3.748178921930108,1.6986869672481562,6.356801628148939,28.330904771375316
336,236,9,Concrete,Flat,9,9.736749619036031,N,5.273993670792758,7.828451944736848,6.922106741785788,9.841498152990678,18.251358354775704,75.33428954270013,21.80889204632694,28.905847108285734,61.03584280997941,1.212523402924778,40.209297373771335,0,83.44832664762036,40.112681043552385,57.18001041977403,4.862715237640311,7.421157535298498,6.920955418028783,34.68329191719941
337,164,3,Brick,Solar Integrated,5,9.480838507058735,E,9.542353998988467,4.007593395005616,1.0596772149143203,8.806807112983952,21.15435639962959,92.80005374465765,22.60499430215021,15.22899690387454,71.40846978613328,2.2308110142229123,57.025762554595545,1,90.57022696096566,21.279974107398868,80.62419273031169,3.743318301806192,1.032197901400282,1.5752018885422698,31.98422849764148
338,168,5,Brick,Solar Integrated,6,8.054584090909064,N,44.10249135256153,7.167517628810229,4.310624631262211,5.296593520952799,22.7182799099485,87.4976840901204,23.582579426756546,29.1639884912176,82.158797995131,1.1922981544786466,51.703018101423204,0,99.72616414360643,18.7517740630689,69.74123320930484,3.3083877088643887,1.4188736909716126,2.493950146076127,30.692294939589047
339,71,5,Concrete,Pitched,8,4.193572242312014,W,35.67868898405726,4.204774219759444,17.632706877314853,8.12235076404269,21.321580846867025,90.25584256580888,28.98522212450566,15.158336873378977,60.064047501961156,1.434188840978369,39.3217851306749,0,90.33210468842074,30.87739856258308,85.22673850200593,6.343756771664616,1.0390966100568093,3.7085704877042938,39.07613843549252
340,207,3,Concrete,Flat,8,4.709178372364944,N,10.081923920870508,9.478655454963167,9.393183341116435,8.399020097371308,5.3789080674870915,56.84225832931784,27.873101864655446,6.662989668237015,71.3287633523867,1.0695430799274006,52.94511431771632,1,91.74529657022325,16.213732100400676,65.88968525867341,1.1416238233618996,6.807876250038551,5.8544138622532875,30.45679825710821
341,87,9,Wood,Flat,8,5.946544393470321,N,42.89334968293606,3.4783387339192293,19.700455485454246,4.535116745702005,19.718359071039774,53.485971291686475,17.559016869324665,21.625629530143733,95.25641329293,1.2042812396879812,62.86142311558744,1,84.6584351291519,36.6645354637714,60.74802943017073,3.3359702379848937,4.756484149304919,7.989318063849891,36.50619796503259
342,158,3,Wood,Solar Integrated,4,8.47481010764356,W,15.90040480210551,6.012623247835553,8.518451307902058,10.477209804461458,9.167991472366632,94.67023645439934,21.551367267706127,22.637069746844436,83.74594340429444,0.13641807771141207,31.142836708960417,1,99.43690635880071,34.21374511776922,63.903992578346035,6.952438700604901,3.677920852089972,3.891167900097283,35.42788711887845
343,100,5,Concrete,Flat,3,1.6184154926644099,S,26.521694788785055,7.870582343588114,14.588542640824583,12.151951633019175,7.658560854159653,69.39171347855472,21.960006422946392,33.0362073686558,84.31451296323922,0.7809892239050944,55.23404154580447,0,85.59825540458282,13.483281983657145,78.51087174067618,1.2885642667612451,9.214309093213993,4.207441874308966,33.06755483049837
344,231,3,Concrete,Flat,4,4.818671972963993,S,11.533843079809714,6.206155481677811,6.356461815189854,12.289026031563747,17.76977569598271,64.39398390348404,26.83644167473135,26.781839781874233,76.13457220105413,1.1477961321803787,43.983407831375686,0,94.41013145598816,11.460815175254954,72.20022689337944,1.748816348580415,2.73522515208946,3.3053579665637396,29.137640470307055
345,57,5,Wood,Pitched,7,1.7435589711334183,S,36.9549525389768,3.6446667726303166,7.912383181677736,9.832107799144916,11.394863908153898,86.23481271309123,24.04339323908153,32.533179574833184,87.05888573969645,1.6211127423825493,41.70685783037697,0,97.83138584963822,34.81154610354339,86.16764830209712,3.640565303072063,4.504312093432605,3.291483963657753,39.943471131468335
346,76,5,Brick,Flat,7,5.631918279161604,E,35.00844894564205,6.873653112886951,4.623793764226998,8.651301572747183,6.142343267408865,91.82077982899284,24.813306930435196,32.25041630729029,67.59731064921436,1.1801246333293411,45.70351001444445,0,97.19434002002244,21.77175095954963,74.08675077555533,8.900243187480864,9.462806208349765,9.539774613053169,33.885629439493556
347,76,6,Concrete,Pitched,9,9.090107416056119,W,14.500061202476129,7.491423361791481,7.594185001488505,2.793092859070134,7.7525946879672265,93.12448109491504,29.972998614984263,23.137223307747263,92.74987241536766,0.9107609039717537,43.680906569919266,0,75.25661375133426,13.457830126935942,69.72072833926012,7.8839754414876655,4.843959065533381,6.71911461657001,27.994784894470612
348,70,2,Wood,Solar Integrated,3,8.042364321075441,W,43.85303450856508,7.926546176933553,11.39751288799222,5.741806885070876,5.018588337399221,65.79985705626137,16.124400652050195,20.832861960093425,64.66756479743599,1.0314369648259771,63.289564268337664,1,63.14648233257034,40.37714819825946,81.43010895546931,1.1994096647461916,5.99224317082352,2.4031111918595216,38.19176569559188
349,79,5,Brick,Flat,6,3.05058175788799,N,23.05877108988705,5.612818701239313,19.843684738605738,3.2125288081162084,23.064472546894145,92.6106195600837,18.345147353005995,21.723229014907997,86.24005418612437,0.6815039900811196,40.99191243071602,0,66.87494810156987,22.561760120705763,87.90135402933781,5.515415350196427,1.7230317991253883,7.500237202758339,35.3496369597825
350,146,9,Concrete,Solar Integrated,3,9.783917646389131,E,18.16317909818338,6.945619797201335,13.619832548363927,14.529701091420158,5.492359676824772,52.04669721871727,21.118439060573202,34.349924230317434,73.64597303278732,2.318786278657727,59.326120924263414,1,62.3689322158643,28.383981985528944,64.23383644979882,3.472187445886751,8.11149748204116,7.498190290240261,31.945121113285897
351,77,4,Brick,Solar Integrated,5,7.006153582417856,S,11.854831525904096,6.154805324572392,4.785673133757967,3.756041900934889,9.18911539019022,52.48307457298594,20.216736045733306,28.195030752408766,89.90051882329908,1.352183741898195,33.76239280914355,0,64.2158773931656,19.47251709815077,59.995048406619105,6.8378109315585665,4.8048289937941435,6.998231764483346,26.180452975596037
352,160,7,Wood,Flat,7,1.0938492945766276,E,16.977560563199184,7.704392271265774,1.8542673902394715,3.9730803280643268,13.325255613758147,81.17595975870772,15.324683420204753,8.187977143771874,81.9905820506408,0.13218268929309546,68.05585489937661,1,67.38604983574791,35.092683134318584,74.64869585176557,7.493984943341151,8.20463612138635,2.2124840058159725,34.20792979654865
353,241,8,Concrete,Flat,2,3.2987213621669755,W,5.991211455071765,7.08489877127373,3.4007731449757017,13.564496038296399,12.131426519016381,53.15531845577731,16.37666409706764,28.352852203441998,78.09412153914865,0.14667102020691186,54.892665489942075,0,73.64377266349607,22.059536614174377,69.95491284615524,8.765763194163544,3.284178783003929,4.671923351226282,29.310211205428892
354,246,2,Brick,Solar Integrated,2,3.3464196992792488,W,31.246587160525202,6.680293536913944,11.6885488241879,14.271067685193952,23.234517538255513,66.23045842550808,25.21429937105364,10.116141466946775,66.77689608372988,2.4351079238848996,58.268743081782404,0,81.74158586300302,48.72083844910514,89.56742299459134,5.278746133936128,4.802308755052691,1.960806974449718,44.00206623579823
355,110,2,Concrete,Flat,6,1.6232887565727394,N,42.900383585477655,4.74667056786774,15.53804624751856,11.955777510053828,5.805778914690842,83.6377993123462,28.189866950438407,18.42051647016877,85.4728585713741,0.631482139295788,41.92157328377804,1,88.46728237420344,38.11790194467626,68.49447136590933,9.95005079691026,8.078940427285094,8.349584536829228,38.70439042896582
356,97,2,Brick,Pitched,5,9.638438662683361,N,29.704120224873883,3.014129624237637,18.86796493871419,2.0702640077447083,15.24429415354103,66.86334480271131,22.713405168989663,11.313790165296028,98.99079373681653,2.033459893154355,46.48386274832458,0,68.43709344426048,15.46889105493863,52.97326205441384,9.819874965583985,9.764899903392758,6.896549288601274,27.805602040211795
357,196,6,Wood,Pitched,9,5.3042976511833135,W,14.867328286574407,4.218571727180005,1.3006402679395954,2.017501522435328,18.60958925048748,58.9799890720048,23.087866192704496,25.687491965996895,93.0241369962806,0.23986072374537876,38.95113545083905,1,86.90089616952557,26.66779358693867,89.09476243110544,8.9395005202393,1.5366297194854197,5.564835430910366,35.07683417674025
358,53,5,Wood,Flat,4,9.062331376346938,S,6.515113019624272,3.819462289969181,10.932442689675526,6.91531000723686,23.633959473623378,64.06753109269208,18.82640149248569,31.31929208579107,62.40032770356047,2.310790568066918,67.30144343208896,0,88.17036298009678,25.416843989195144,83.7434778237416,6.173825456422637,8.312105596770138,4.0871392885053694,37.03969471680568
359,84,6,Concrete,Solar Integrated,5,3.899939531001655,S,14.658263296646128,6.143593215076628,9.946479768240359,3.864139810141603,17.407425042474422,72.87876661252159,26.51814545450567,13.710856561000428,75.04917513444764,2.198600808800028,49.524177884055106,0,82.34489347464758,31.369884428815325,57.13000575831853,4.582057937534335,3.706201608643992,2.6582452704499007,31.80199210314993
360,241,5,Brick,Flat,2,2.127102133895444,E,23.725464263199154,7.285807055332913,13.465045417538375,2.2390198479707646,21.075104720235252,73.76929276777412,26.276918810508846,7.460322236245629,97.02332036761086,1.4706235898428353,55.2179246263196,1,96.14471479194842,43.67722697917013,86.18421012451478,4.279476791258064,5.956689528019649,1.958028299497971,43.83882858696044
361,98,9,Concrete,Flat,2,5.269024989155925,W,39.18251429149084,4.4915950607936574,11.631998234841497,8.032866962258561,6.674498756906968,89.1500115673601,23.825485338264848,13.954792942248899,80.12174990228085,0.12159677747981386,59.370881221228615,0,64.43979255687242,33.33688060732007,63.62667283286979,1.1091227507897035,3.6108303845567313,9.723165467832096,32.21894372833687
362,66,6,Concrete,Solar Integrated,9,2.0256097124288543,W,13.452928364199835,9.57339967177031,14.053743861067131,14.25980466629063,12.718790218738548,87.50766147157563,18.189964297670144,25.17085573796583,86.48447303232717,0.7187460976560102,44.84424364398156,1,67.08485830409678,12.46226710399997,65.08447938137778,3.2425704751812985,6.521009253111912,2.7968377776042077,27.579012460721035
363,221,6,Brick,Solar Integrated,7,5.374139526797859,S,37.390615400960876,3.0467749045672146,13.503569110234617,6.209654473731608,12.478942689581348,72.84089022780677,16.45527327355634,14.862803826633499,96.50397382365563,1.076374353756316,58.804066181565645,0,77.1465929755794,36.2166278721142,86.25565929448638,7.469274114542481,4.18422547579578,1.538871640492471,39.36833843529556
364,207,7,Brick,Pitched,5,9.28267463097467,S,44.01200607583476,8.4061071061574,3.2232227723009776,10.594828819573054,22.72576432911435,92.28336745493857,15.96357863785689,13.343365026614102,94.95178761679523,1.2041538801941483,57.039699590253605,0,65.06850940936955,10.330611917834336,71.20462260141261,6.432688899037599,4.002534018799134,9.655000949642467,25.292110394789802
365,95,4,Brick,Solar Integrated,5,5.686913276507914,W,25.42760816487607,7.376433386713096,16.19464035875567,10.479059590721729,8.027423425265498,55.71185692956979,23.890440999643168,10.533055717527947,80.07281502162044,0.8144290205496928,58.22637335495786,0,82.6518457489635,41.19841842161572,55.510517175940784,9.247799702507802,1.3414448164234196,5.940565672220444,35.23403057160504
366,166,6,Wood,Pitched,2,6.548497542055752,N,41.9644396239167,5.614883607333773,3.341418938610172,5.264041347647181,8.037723446732606,62.767667511445076,27.375529787142,19.925492806233006,77.50585210630408,0.17907488378927194,49.56919600818452,0,75.93601866437697,36.665442896449676,64.76224637367216,1.450200402249021,2.3226436531343038,8.169910614920287,32.67849652845593
367,55,7,Concrete,Solar Integrated,4,2.4097459327642747,W,29.959580661579302,3.3534226108868554,14.272081878973605,10.455528234710236,11.57116299771597,91.39882317511257,27.874956476713873,13.278464844715627,73.58770473918348,1.5163057742237012,45.317495291664684,0,71.38383178143674,22.35142633410344,78.88389785071523,2.3974894285959754,9.25370378978931,1.393892624784867,34.32574778227034
368,148,3,Concrete,Flat,6,1.3936206329197254,W,33.66908766864073,7.392406002489955,8.906761985171528,4.7603416657295865,6.089320947336752,68.89970193130765,21.954331115151746,26.930310474184495,88.76077772651564,1.3579712024674142,38.883287528359595,0,66.79959252070549,21.69767218358063,56.96736752272067,8.103194104169171,9.984496859859217,6.102512717316892,28.36098618069502
369,173,4,Wood,Pitched,8,1.9972716596182634,S,28.682530715219123,5.699294590059536,10.76316395695536,3.5860963764995577,8.6491608130498,99.05907793969212,26.764069489600754,7.298672059766082,71.47947197886174,0.7792015250297865,62.98505411203572,0,73.41352953392841,41.930919861852225,73.60924789625435,4.226568680758004,8.024685182826458,4.583889677061956,38.400048319155744
370,86,9,Brick,Pitched,6,6.386784181159291,S,25.842772253810377,9.553869975892534,18.1626622731385,11.117982712275971,24.304192770914703,73.31266407639177,29.203202945115354,24.920990993339526,69.99550425723601,0.19114232216705568,54.33400186126715,1,84.31837403329368,41.333467676984824,77.81096531777668,2.0651080034609013,3.581313622961381,7.947679909148952,40.74286594920012
371,73,6,Wood,Pitched,5,1.855105290930742,N,15.55940487991322,6.793930524228362,17.907790802996246,3.4747306223509176,13.563678797343456,89.5967811481882,19.12755168732102,12.126800437033097,74.2499957841512,2.4870260493326564,47.7740878438998,0,83.03140843557647,24.092094175070397,63.75414302170317,9.968054545900802,4.622006245992333,1.3458308107515273,32.78755711021712
372,142,8,Wood,Flat,6,4.383936009471803,N,18.643732675747074,9.577560579054557,16.539269807445564,14.95981984166162,17.640384168448726,70.1153520691186,20.969405195711357,19.678377831548094,67.08860227515169,1.2567668483833743,67.75983626842446,0,66.54496000840935,21.957909123191214,77.7552275483329,8.085252724024265,7.655531094154744,4.615215117054529,33.63187442778494
373,95,2,Wood,Flat,2,5.950827464123404,E,18.048655352462404,4.5433858543131285,10.692819228670142,4.384881214952982,19.52222518689274,71.24767595312152,28.97218488895021,13.582697660937818,87.8047926378307,1.914410180257785,31.913552500281554,0,64.99679242962533,32.392991555311596,85.36829407317275,4.678669330823103,9.716622011948783,8.191660775375764,37.37312377231435
374,230,3,Concrete,Flat,2,4.497875187668623,W,30.348001892921662,8.080081372548722,14.98855639254283,9.723844215833948,12.339228140144009,69.14415736420918,20.073464509759273,26.68306028032387,84.64962597322449,1.1855536841232053,64.0068778082019,1,61.0670705043549,10.334626399365767,68.88466976932963,8.410127292515263,5.0992405365643085,5.7042753817453296,27.001588309932572
375,144,3,Wood,Flat,9,2.4731542131877133,S,10.397916186075047,7.32074314594108,10.745044054857377,7.347869428363662,7.944541488210339,85.9537810255406,28.708144354826942,33.3592112075491,79.31514136463375,0.20360869807105947,69.9033037178389,1,60.49702375175729,13.30668151946169,65.31637312719143,7.12543483107238,8.465701737595372,5.950348668987435,26.94713061494307
376,148,9,Concrete,Flat,5,3.464121767626959,N,46.25562608160508,8.175857608819182,17.522515567020772,3.6430234912736723,9.131620324435616,77.37589420299972,29.715672933816986,32.512303384094395,75.6130311704622,0.8430417882052001,65.4776844353147,0,95.19241742878741,15.04678360594947,60.04633605433143,8.1097728361285,9.775620303388452,1.8744821376936895,31.50217120961171
377,237,7,Concrete,Pitched,9,9.354857795637193,E,37.429481537740095,4.502675047807758,8.652740831425099,2.3619707985063743,11.265329531612206,97.18890556841845,24.92716092861637,22.502786454322734,96.36250171586926,0.8682643384141628,62.41746342462501,0,61.8035542402156,17.416472713086968,74.16821919453217,8.33685739809085,8.861258539504039,2.1909750050808223,29.741740951039912
378,165,3,Concrete,Flat,5,7.083840480277198,E,23.065053391093713,7.654961613664416,19.43447154388266,10.095519669806833,17.721368407044515,62.544515826705236,27.253354342562524,18.87830909770935,61.16495139956421,2.1120469697176385,44.97223973625299,0,89.24884439492985,30.480725067018763,85.19408192154864,1.762558149612861,3.0443477209419423,7.092996448292073,39.60368219687326
379,240,4,Brick,Pitched,8,5.464430548118979,S,12.138086503687008,6.4862827513980825,18.714132406348675,12.48784832925864,12.965610981781088,55.02813660417222,26.243183463316278,29.549015283181454,90.76430974029196,1.6701519471996986,39.25256729049174,1,94.87940384979828,49.68967659444488,62.98645068740776,6.606755989192861,1.0722867748806064,7.075419600609279,40.9494173370407
380,209,6,Concrete,Flat,8,1.1144340098820416,S,44.68964763747361,8.199774824344214,15.090449769583925,12.946203599587673,5.136293958002563,69.66307425496076,25.493013864232857,25.4997908788319,96.07638286995555,0.7610317687347348,59.39402081998404,0,63.922313942498306,36.10453606989414,65.84942098149214,1.0610699767914484,5.428735348495736,9.81193054827046,34.49731343513243
381,210,6,Concrete,Solar Integrated,7,9.931738604405231,E,42.07001405455244,5.289312509062724,6.308901799345368,8.275275150000148,15.468143701349437,80.83563538233881,19.603966094718487,10.506923426507985,77.85418317719703,2.4225758911818063,42.183014651542734,1,77.4520569533207,12.451951777968944,66.26502070199936,1.3911062167105355,5.782247485257401,7.407576892589954,27.152025226043182
382,116,8,Brick,Pitched,5,7.043094414051789,N,37.47746987227307,9.230399178256768,3.501418187071909,12.106921073371012,23.430267838148357,93.03994684577475,15.856415068619155,29.627576408390006,82.02761965882587,0.8717003977548913,37.041587286198826,0,98.49211932697106,31.02317496248967,72.43249367110069,9.135820081502567,2.8112532809605266,5.439191463401025,34.90519744927063
383,177,9,Concrete,Solar Integrated,4,3.8523022961045044,E,17.219617133505906,3.5901092022794527,17.239365551770753,10.747012735351081,21.24155222017358,67.30984433401639,20.14577598779476,17.866531681841305,97.77854751528152,2.495761661988929,61.46103548414365,1,93.3655464209434,29.865808495580175,59.136358462697544,5.748073492211249,3.5620695275213587,8.715950411801977,34.283855899166326
384,67,2,Wood,Pitched,6,8.913417939980544,W,23.1100986845151,8.650325231538316,4.140743436621264,11.415308857488732,21.50422742519262,82.68933755622308,25.004039778058598,10.669569799135253,68.49110061142058,2.4907928636086316,42.50174608946889,1,79.5881612743142,15.76671263272198,82.88844621230817,7.6231178728167235,7.886378447636922,1.9402568723434261,31.671943536561287
385,74,7,Wood,Solar Integrated,5,3.325884582626363,W,9.623671360359051,9.029237380705636,17.230954990949378,8.403787067883584,20.901160352122623,67.50993405116095,16.53793797341702,13.453920511894774,80.8053939113874,0.5589052425921803,66.57766917949354,0,90.50284451166212,46.81089475209631,61.82409110016885,8.546508913988314,5.233125328418204,5.0436623880662905,39.951187160702396
386,103,2,Concrete,Flat,3,5.896149212644764,S,13.506778612738927,8.720766179567748,10.32453512753485,10.234352623147652,11.474616512208474,80.86097914972291,15.178769744673632,13.025810907450271,78.98884508512852,0.8505786788521603,63.62530579276501,0,93.33510497726655,27.630609907014758,78.21450763586728,9.546280908081265,3.8561867524023095,3.583981998348128,36.10173937299197
387,107,3,Brick,Flat,7,6.724636873568426,N,40.23574867925298,6.589084759832432,8.72457889235398,12.47183687648874,20.30387667508784,94.24039735153255,17.095385589044078,20.576209238103804,70.33570591481481,1.2665060763631701,63.90561318037021,0,73.92107852754877,49.78236562438959,70.52862967118207,8.824175631305163,6.603634246257275,1.9417402623486302,39.498186102030424
388,116,9,Wood,Flat,3,2.989570343083556,N,37.17674234828077,6.068694860215329,18.160624797854155,7.172494282241299,7.86322715622386,61.56788211297045,25.73603889616193,12.031102720336264,92.74372921492431,1.6938416107549383,60.86278904223305,0,95.68611667479843,26.80289181008657,73.43590413411027,5.349803038275645,6.8748378037851285,7.871518762483297,37.30375255765573
389,153,8,Brick,Pitched,2,9.805575509205363,W,31.706859333917063,9.973836005674137,12.47316866826528,12.477725711278588,18.15432294551907,70.21208210535195,29.59190552484666,8.706994622047285,95.98402379052943,1.3673138776091183,65.23525695098947,0,78.81893278708627,34.31830810734437,57.18434955309212,4.023732766424603,7.92456199156722,5.597128274489955,33.693801753496864
390,223,2,Brick,Solar Integrated,8,7.733727153810978,E,45.30770266667778,4.604203658499134,11.955666135464638,9.696218956257816,17.831371333699888,99.66325982148733,29.745970494222306,8.710725518412822,91.27730319152835,2.426659525917416,62.2298756871248,0,81.1122945423532,14.190501458057604,79.40092792712682,2.3904391258543436,2.4103836618662724,6.010918479077416,31.121775436544144
391,73,4,Wood,Flat,6,6.020319029599629,S,31.246993301587043,6.828131761132312,11.616552947863555,4.1567133168202215,5.511395981794694,93.42785141247305,22.40968723710282,22.4982859141729,67.81435843394434,1.8375739941656597,54.10045454298915,0,99.98830551287324,28.16911295227477,57.544820761705246,4.602893342385519,7.673655270942913,4.701296691192961,33.8165702330721
392,163,6,Brick,Solar Integrated,5,2.625351383577708,E,26.01355999836248,7.694728677676279,8.052220804371096,2.3208940439196,20.759402671818634,78.2319928948101,28.04028451488521,27.042778665481357,63.46994542005526,0.6089076385191385,41.83290874327453,1,93.73211864608645,19.550635760158933,54.538945505097566,4.298442212450471,6.394855528993767,5.143035084424617,29.03560696034881
393,81,3,Wood,Solar Integrated,3,1.4847238629822352,E,20.31668358375932,7.906073451030024,15.927218967053419,6.715796805188977,23.064962101902612,75.83137959271377,26.05239683627256,14.645990265150225,84.2177794122137,0.35223412051273195,65.52836772856597,0,74.4708002309192,43.4225919428494,71.86717999555148,6.03617357760286,1.5181467877251742,2.0441564841070283,38.33636675601276
394,224,8,Brick,Flat,6,3.880538492688851,E,47.320182758127764,4.428172660170051,5.803170436299687,9.107052267852417,10.348305569442154,64.23001911523406,22.51560355476905,6.0395212944205126,62.283790420395356,1.7521630977024563,63.624144910927676,0,60.413823858907996,41.356783394701594,78.37188547670661,6.9895846788149205,7.9970106542807,7.056260418582788,36.88283071775868
395,135,2,Wood,Flat,2,7.778686023220625,N,8.722195768595906,7.577958646378608,18.839004240784227,12.917664578645349,21.24781448372302,75.86047138467647,23.591407994326303,8.816746608110321,86.91303554232337,0.48028585643383115,48.91517288842181,1,85.04696295175579,42.96719998501434,52.00143345739027,9.804929288005427,4.447722531998665,4.892026236446924,36.45248833671451
396,200,7,Concrete,Solar Integrated,8,3.4239816847182256,W,46.88993174273638,8.728586965369361,17.985718895892255,3.6573138418232007,6.6481194372389645,92.40907491399736,17.058407199253068,32.44083681011171,81.21696881308971,1.9904244168058098,31.563147440078207,0,88.15653704512431,38.944377510318056,52.77581259762168,7.555475674906592,3.973428408966738,8.350908158166249,35.44595893810398
397,243,4,Wood,Flat,4,5.8560059844595465,N,42.202159696895826,3.3501300377477854,7.412126187823065,12.402682519886529,16.99935716522132,84.25872566388904,29.06492190924888,19.80630978768359,86.51142930974655,0.8464880014248086,55.541749096076536,0,86.03210760573518,43.30732894480205,82.10716650823676,6.793736791986309,5.032676364234709,2.766584801287685,40.50580325607304
398,176,4,Wood,Flat,7,7.551524590576689,W,10.846846604106558,9.380649053277216,14.85981162680161,13.21911759887395,14.712937306685543,64.50220140889932,20.27894656097665,18.607184288455244,83.60683094598976,0.8845438313334556,32.02387414706327,0,98.71449404652853,18.033150006996834,82.36130798029328,4.015831908415083,4.115575695755162,2.845495840769522,35.54873346732192
399,204,2,Wood,Flat,6,1.9714934318181792,S,30.42429609538641,3.2065283860164415,11.891240694542239,3.9589373310108393,15.91847066618,60.07319605267665,21.692238846857542,6.141475349302727,76.90810278108691,0.12591614173482873,67.0511984739363,0,94.51884109328577,28.081751063192065,59.81218868236325,1.3105348884849337,4.044570329889181,6.81183614377619,33.02600936964513
400,179,6,Wood,Pitched,6,7.1676821450428605,S,43.99465917870891,5.49179722741876,7.415336737985458,13.070726150954847,23.5241040376869,63.26042684984145,25.07490346496848,26.859110669506972,68.03508720560913,1.7824270410280978,68.46525026501229,1,77.95326772722595,37.673875197838726,74.60912811200814,3.593126159692226,8.27269900930563,8.614030810576573,37.15692210393406
401,66,2,Brick,Solar Integrated,4,1.8268379893904023,E,30.73141236232192,3.1106923736307346,19.781911311913486,14.888896381956297,22.42630494493707,58.487960069641325,20.00853707289831,20.84204242796237,72.22808543241955,0.3718474073552459,37.57960583598417,1,62.51429949889524,35.495699917405396,67.72720300578638,7.91603110413656,2.1205472892912303,5.249780547563578,34.82607224650936
402,153,3,Concrete,Solar Integrated,6,9.686167679142969,W,45.823991970228,3.540016179777073,1.4795095711170199,11.448904803627087,20.70167314479514,54.782034801185794,18.813887414833957,11.062428082595623,80.98002296875906,1.9549133859124435,57.0555751221964,0,79.04235078007987,38.65417931496348,75.30784165614051,2.8474474672342156,9.735400610717127,7.542584818597899,36.80503924009196
403,210,2,Wood,Pitched,2,5.395547170584456,W,47.43427175672191,9.378177996260554,5.800274581804446,12.202005863724844,10.47396915356742,70.95680872210275,24.46574089905331,8.302212805431715,86.07472374590424,1.2804827726012964,33.69076018251051,0,87.56976079848093,18.970335326049266,84.515171363969,7.40969374306703,5.994384799369089,9.99396929343777,33.71004282669138
404,186,4,Brick,Solar Integrated,2,2.3560849693888963,W,24.007303498293766,5.484025815223035,10.881407161111857,14.927398478265355,23.236372573721834,55.66498021991339,15.374761234227742,16.501635908959955,91.17932067538113,1.9822715558909658,59.180677142924885,1,84.30839232908019,13.93738836179959,53.19425698329026,6.218018583124742,2.646315985791816,9.912390757560352,25.956451767486683
405,92,8,Concrete,Flat,4,4.0814527243019185,E,21.979114763284564,5.97340071297537,10.917107066092713,9.87125625683729,6.9501538492775055,58.59562788635522,25.810876680400185,30.11485892585077,90.68682873796243,1.501423694074579,43.89150664610698,0,81.52548270843539,46.672263122991055,81.11937703953816,2.546711827754184,2.1809393463851787,7.699031585395301,40.99771189814406
406,225,2,Concrete,Solar Integrated,7,4.720748043657353,E,47.13445192861206,4.507410669677869,12.189728423965718,6.0025229662112425,22.066584331175754,77.3662342169743,22.710350548147645,30.958836776030736,98.9075497304434,0.2978398528455778,57.24200446921781,1,78.75275832060964,32.40687582269434,69.72116418084157,3.3546232566264695,6.323585789214843,7.65627840710424,35.24423425767369
407,88,6,Concrete,Flat,5,7.823665099688836,S,35.38130275173506,7.179670391307038,15.281847268435467,12.887900842988724,11.563201447072156,58.229963684978735,24.086305957814016,23.085391411869093,71.43365794653639,1.9375656080924393,44.91506036808711,1,71.75047492109545,16.153036980296438,72.56507775047986,5.466732431378288,6.696994994622352,3.228569984790151,30.92974258890601
408,219,9,Concrete,Pitched,3,7.6908140746894835,N,10.221020660667618,7.163622502744527,12.846078779866632,9.988315107651207,6.075446233239667,53.193988371545146,24.478202388703277,26.82609281690428,62.844428328537475,0.26751876374739936,35.82270039332943,1,71.09387046898517,41.73746327549446,76.1572544006848,4.765372345970627,1.4772319392682969,8.501856683893964,37.726739053510805
409,75,8,Wood,Flat,5,6.507464548035979,W,6.903128715020654,5.605402742776535,12.405347750032703,9.555540508372435,18.387139684814965,65.86944250139426,22.905752347388457,8.45467362208611,73.82627742167438,1.2488841293663975,46.244399220102316,0,80.00925915703208,46.597197465171305,86.9049259651643,8.007074627920836,3.187017227159072,4.645919143424085,42.47954334372581
410,148,7,Wood,Solar Integrated,6,1.9533764130264366,W,30.408307294876842,5.331244102637789,2.0167747953478226,5.297262221682498,9.625598566319109,61.01595493109838,23.73800666161104,22.643781964035647,89.73177900896306,0.5136381139479119,34.5069410653916,0,66.42412585718596,16.78254074284436,52.268798142069514,7.609641782889223,8.159157290993207,9.657945188801405,24.16612085425401
411,99,5,Brick,Solar Integrated,3,2.3641243442890625,N,46.85769344472911,9.194750157264114,8.154075467996668,11.832345504577527,9.871422517292638,75.76525939971884,25.256823013348118,25.00897110461545,77.5244660413318,1.905604427146924,53.075330999077835,0,73.62741694299206,42.696498210764425,51.179054084977906,6.171170531257154,1.4466216496917295,1.7328491983624197,32.32764139806179
412,202,2,Brick,Solar Integrated,9,1.8438122858100097,W,42.99119160826183,5.68298967749541,5.409059054321964,3.061674586181251,11.12094332457543,55.11835422916047,26.29678270769511,11.021385287413766,92.71153722357678,2.2878189467347037,31.63806128597919,1,72.95917098840398,47.32900245276513,57.13047125955094,8.400472403256327,8.695797975154324,4.922563319854534,35.74168349247538
413,201,6,Brick,Pitched,4,6.194555049587951,E,35.41314859089514,6.454506945080857,6.042032120437534,14.015731920330596,6.2736953500503345,87.5885393841489,25.911785869291805,31.404641987307766,81.9730546074406,1.4299027920598582,51.09278718399439,0,83.48531206336804,47.5344640118407,89.45790904106946,6.064025866158778,6.923462288737002,6.0025643891514875,43.093551099937805
414,62,8,Concrete,Pitched,4,8.894245973602636,E,11.260213200098939,4.9831333369745145,11.532412012466553,6.235704990016302,8.54254288396508,95.31167597175693,28.044246865983926,10.849902125630592,97.19166890522013,1.3651535063180333,65.45474588382163,0,62.66729201452098,46.56625846614005,78.60305469511103,9.679503309915342,4.909809334268843,4.646405863775484,39.2456619496634
415,109,6,Concrete,Solar Integrated,7,4.904204610292946,W,16.4404122686913,8.507386523499893,4.790600983662561,3.661070486269876,5.102792551711206,87.17175869780972,17.84165149751104,14.404320795393513,97.91453767996275,1.933511671181483,63.51493080477451,1,93.18674721060381,31.85684049440411,74.58564476218008,2.955016892359733,4.117895640738243,2.89521271454449,35.57455514669779
416,184,7,Wood,Flat,3,2.4476335656197157,E,44.39800519486773,5.782137098293641,6.585032919321053,7.750764930331444,13.908190422115736,76.64135187006971,21.017219542376964,23.61670541070376,62.77218024074995,0.11218915114174531,65.31126798505987,0,82.49513521537608,24.24845269015477,51.88156213658991,7.4271879424193745,1.1732406746400457,6.336896399042589,27.45201647469424
417,106,4,Concrete,Pitched,2,6.022380926340703,E,13.22632564956052,6.595277325810272,5.504609461829462,2.552108820334931,6.685107548359426,93.03339108944425,29.216940990216855,24.150501953921925,78.25653758849697,2.3026207423243856,66.8819520850843,0,86.8330672310374,10.290912307760372,85.16440895571859,4.329497188490212,8.426934511766587,7.803261231626238,31.589771001294782
418,85,6,Concrete,Solar Integrated,3,8.305769951791389,W,17.529773371269556,4.77350019041763,19.0215559211457,10.900140525444561,18.65305210088398,84.74591898907538,20.948858615794947,25.981542229621017,84.38756244998272,0.5738771610187161,34.18111551502777,0,88.12375615037732,12.436489074861083,82.51027413188638,3.510695749781745,2.2844966857168427,6.803547364181768,33.306587685245844
419,222,8,Concrete,Solar Integrated,6,7.67540855361637,S,10.832029303794888,9.913617146388763,18.948648911250807,13.73517163578963,9.712457023832968,50.527556122509495,16.87305115358884,8.36035139204617,70.23490163248852,2.461885321182969,35.149888115028524,1,71.65936547370146,27.153560611895628,76.5920017546834,2.623487283709416,3.7858779267587925,3.1100396392723555,35.17731044947743
420,69,6,Brick,Pitched,2,8.933057017075193,N,35.4248704136485,5.04047018646606,12.588889613324982,12.884419092800615,23.871482880703542,69.70450763872515,22.881676895432694,30.483932897856658,76.28307117515921,1.8670094751051092,52.280272252525144,0,78.81486269539465,25.973045855660413,63.56523261938811,5.972531286353894,6.1219628232652346,7.584471499316716,32.12861703743325
421,114,6,Brick,Pitched,8,3.5011188752398104,E,47.479203741344435,8.395197716338862,18.5659269059061,3.655803154822454,22.425032547973053,92.54759497034,16.642364588316934,20.985413968497795,87.10726164470793,1.9582027544816105,65.75890673697717,1,98.2498382347867,17.38855638279533,52.82019822273029,2.9392248947429014,3.213933400641288,3.312080254401069,29.961562444172802
422,57,6,Wood,Pitched,8,2.745584805409974,S,17.103561421792367,5.992469552497314,15.93044026389909,3.641524782400514,10.788817899364165,67.29294289876347,18.042798580917978,19.139653823152052,69.06936907593446,1.6748871528966558,68.97397826096123,1,90.66820951987259,25.819201121266275,73.2015395160369,2.803157663035653,5.474264173769812,2.57682126631636,35.73383007910831
423,193,3,Concrete,Flat,9,8.91834837347745,E,26.393297353253317,4.443521835588979,12.209009773234367,12.574648270215434,20.664309093133575,51.760758676276176,29.97478134856435,34.432928735405284,84.0792541189781,1.2319916386843848,31.850476693599997,1,98.78227500892741,16.986002618214723,78.7877828584335,9.914787145754362,8.28408545864832,7.216012138948499,34.8302039044204
424,191,3,Concrete,Flat,8,6.918042815002208,E,33.5452882870042,8.598031347754027,1.1222690184391184,14.015305569840507,21.064898093296126,87.30898192761362,23.12043957594198,27.211348908230594,87.89791312657223,1.4719064640667971,44.23096336802641,0,89.85017380585154,43.95165011103362,53.7696140190899,8.215726751611847,5.234841413112473,8.585085215025362,34.19585730402354
425,164,4,Wood,Solar Integrated,4,3.7983603700679875,N,49.97598116970338,5.335247523203302,15.677809435508676,7.9887077878353585,24.73126228228821,90.10191351414343,19.260875835606434,8.540180798581247,63.619852443834674,0.21136692643630156,38.515770186399735,0,67.0240055883407,21.927795115023955,75.35070639193984,7.734491382289378,9.540796097076363,5.33385502926917,33.39460147824624
426,192,2,Concrete,Pitched,3,7.681132455152583,E,9.716362924890745,9.056353431784677,14.347278490180909,8.486624519878958,16.9567997369137,58.02968475216543,29.921624318608593,27.696175016787222,79.90117264109811,1.5975028226368344,60.238633957249924,0,62.58143535378705,33.9425740063324,61.454642715486344,8.146545632944795,8.627505583387075,5.78252613824594,33.326801095089294
427,141,6,Concrete,Flat,8,8.336065460323312,N,27.43568597775691,9.406800294424762,12.689819412365866,6.137406538014437,6.639314692873244,76.86702484215905,29.498383778327145,7.857468019186085,70.52320119696763,1.6026354447689122,55.60775474148128,1,83.10645746878654,30.11372247996347,80.56976884879248,9.720305863468683,3.9973531182705475,3.7247281342410923,36.79615076675347
428,147,7,Brick,Pitched,5,6.534804163070191,N,22.3304053956125,9.018766847738931,15.448061921966962,13.625446537333382,17.93674457852762,59.59777194978629,21.611085616263953,5.824116875389546,88.97545423992179,2.2388819137643425,34.79552125935382,1,74.31253118810439,12.075283103759688,71.58463402407348,6.1594901987788315,4.59965912125544,5.45156213599029,29.380309063397522
429,115,2,Wood,Solar Integrated,7,7.190956988919236,N,43.96190743500598,3.2450554036476396,10.74552113072055,10.383737768800627,17.499594967520704,85.96172095220734,18.906046631818626,17.108776858096913,67.58222034147762,1.3135752578325266,49.34088269459886,0,71.0183164055268,47.68934877964665,55.16147151241747,2.982194896625745,4.809940543202744,2.187846982111665,35.55202291171483
430,81,7,Wood,Flat,5,4.377339139983997,S,26.418547895524515,8.51161341503574,14.377582155105442,5.74727050317579,17.767011548408636,63.57752275887428,27.57599457138285,34.80734518457656,95.68951662152426,0.28514649780654644,57.41762089485165,1,92.2884398570167,31.089039130019334,71.06077790932943,8.75988676677915,6.635615076320632,9.60247746714691,36.97035075285857
431,240,2,Wood,Flat,8,5.848261006087352,W,9.993988606331664,5.879376265494007,18.768269647803372,5.884177323705271,11.14291296208423,65.8107561281665,25.734310754576786,10.24651808584588,77.23765346073307,0.8348702091569948,61.160215756961506,0,74.6797306832779,23.002305735672614,65.82947453466875,7.684576565086811,3.5811615626968583,8.203245882909366,32.00444593806337
432,135,4,Wood,Flat,9,5.71743253653546,S,33.549086537896265,9.116060441275575,8.14029530107564,13.585600949826832,22.193591701606657,92.24854268200507,25.304121525052658,25.179330305803703,67.92012121230213,1.673510589074362,30.802108391360342,0,72.68003878937216,16.32506278532273,57.21423873126608,4.728774811007558,9.723242249402578,7.011757547399663,27.181077970882892
433,100,6,Brick,Solar Integrated,7,8.632430120176947,W,39.68512782187459,7.4656798387931715,14.454314863111883,2.177242310775679,24.18944365910824,73.81611761034522,28.396706119837088,10.201881986183581,77.52087185401317,0.6742212706035133,65.6187829593556,0,93.99950372676042,23.54106538907343,83.66062896248494,5.262125487171817,6.478157985431508,5.843749345159627,37.38089035160374
434,202,6,Brick,Pitched,6,8.559675822539642,W,5.1296563249526566,8.83550193900771,10.038068542208215,6.1954454454463,9.354250259563031,83.48772256091239,25.341257008069867,26.743609248751582,76.34975051234112,0.7732667724529622,52.77125531802098,0,93.8514934594584,10.82046412093558,50.44113793996545,4.701271586309822,4.594614928670202,8.12952222605168,25.646052864395287
435,235,5,Concrete,Flat,5,8.49412422412339,N,43.65305084392833,6.496022389067847,13.81359338446565,9.206636855812798,6.763043162732889,70.11865253612338,19.256969145623238,20.16061004713478,77.15675837974841,2.069125639266048,62.47636459839619,0,74.25466551020227,24.542326213931908,62.48513107512424,9.369479442061037,6.805088339424106,5.452815156272239,31.408926975002597
436,112,7,Concrete,Solar Integrated,9,1.0992845283621921,E,13.371035000254953,6.745178532192529,15.494973375532918,3.9268270072912204,8.890700663369682,64.90034285968777,25.407947428135984,25.39915130268129,83.42245173989788,1.5023673562305018,62.317521200571335,0,93.29994803943865,31.259437092180193,50.50380152677707,4.091784503484647,4.558645094767369,3.6997651733907926,32.81930993101339
437,239,2,Concrete,Pitched,3,7.745909360219994,N,29.843121409402002,4.010713424935671,1.8635975082801233,3.1972838045946674,21.411042785114375,81.27390302123307,19.58720266925496,11.086195277427038,80.8469489965415,1.320465836256574,37.59410641083876,0,94.03113961330642,44.87464983403779,53.84027786024611,9.671358507905552,8.36016112881477,2.4433681165000483,35.67831621101018
438,174,2,Concrete,Solar Integrated,3,7.828087510999044,E,23.710887530935256,8.487911510825487,13.285408435024577,12.598592304177279,18.53289269639695,57.74287870394107,26.388584694854927,27.36884997561506,65.9910852672361,0.8642847203339303,34.40688481014532,1,76.95722140118664,37.4949767079119,61.88384876692324,9.192445941285548,6.1105686449654915,6.828270299216266,35.2001803218749
439,199,9,Brick,Pitched,5,7.105409405696276,W,37.384421747473866,5.935727281668802,5.308082503731947,13.627257052430593,17.72094684678253,68.64999177834315,24.29621781737349,34.8685717886812,62.623162905865456,1.8542272862392801,58.85149075895306,0,62.65892520836686,14.463292525329656,52.17084741557494,6.67469028023356,1.3777345306546032,9.364831705238627,22.37621316842788
440,107,9,Wood,Solar Integrated,8,7.806381921023073,N,21.702272665358382,6.5005608279010785,13.73061821834377,12.706883470376463,13.03586270218849,60.451851869296114,16.16117327977126,24.969515018778793,89.17661794906162,0.7905242427760704,36.25707675286476,1,60.063385778653604,15.909852977518444,73.86522129428565,6.218395957900672,2.5908118068111468,2.3825669815391604,28.816624735009007
441,107,3,Brick,Pitched,9,8.577733343470378,E,44.13934295067698,8.495683998669953,9.898273532742456,13.68424256658552,16.556559430228717,84.78974834703727,22.69253043652713,19.80439994218633,82.38869743713254,1.8689524423460206,63.99749965618895,1,80.9316985155598,27.124934712734987,53.47451631944731,4.330803520629738,8.784945757265811,2.6201624054572608,30.662197387267593
442,135,5,Concrete,Flat,3,5.232871486916071,S,37.87233624314556,7.191917800556073,15.697502095432856,9.19045562375883,11.157482505487348,97.21044191730539,20.149514537936113,32.69521965857794,74.36003072317055,0.26824355264186084,59.047579354484206,0,73.76301973481424,17.828310065551513,78.06854536264382,1.165045501095849,6.066098437211109,4.9024543006858154,32.691224172204436
443,98,8,Brick,Pitched,6,5.518451921396024,E,34.14709269783147,4.407691092098672,3.344615488906332,12.559355572874445,14.544001588359226,99.77554840079333,19.928559490984412,5.475555266956289,92.33431289992296,2.1748992197970005,63.673014574610505,1,99.88527576633464,11.11399110331023,52.105684505086444,2.148608676139779,9.553091288625145,8.262094131277202,26.323403164150122
444,229,9,Wood,Solar Integrated,2,2.122426512202514,N,40.830826800328445,7.1316286140562495,12.900124681467707,6.992554299084306,20.86126056741312,72.51384052207953,24.033844535658858,26.897705578574634,75.52233897043828,1.2989595121022388,41.96050718437384,1,90.89643998509138,42.20059520472281,52.37235579204387,7.788081910145938,1.6518008157461632,3.6453045607435417,35.13467881777753
445,219,8,Wood,Solar Integrated,8,4.468382947426257,S,38.931036571777206,5.85343000585759,6.290943849623494,10.6614821992275,24.624831949109243,62.62651948182222,19.834872367041374,31.662395504414388,91.8386035840243,1.152419240077528,42.663922416422764,1,90.4510182540165,10.780902827919764,62.213035961330654,5.243861139293487,3.6573456707737653,3.2852163220302533,26.711637770123165
446,119,3,Brick,Pitched,9,6.790286619206059,E,6.6172403714699,6.286678794307038,17.206657911281237,14.854861908059139,23.649778471796036,72.1414685192162,26.65340622307309,6.850237508628724,72.23024510049498,1.566456187700619,56.8488622538527,0,98.20971073149374,43.227584207920565,85.8628609987711,2.348543207691713,2.7418903591561534,6.579696623165505,43.95152818936724
447,64,3,Brick,Flat,6,8.02359798532547,E,22.763045923017266,3.1981789208186746,18.63928660708984,4.934460409908656,23.677318856924977,92.3634704981362,16.061871540167616,18.501925112472748,62.91381190180799,1.598060974951049,31.257838202357902,0,95.50897591573283,15.764158521318642,75.65572994893266,3.375647687186839,5.984562630058626,5.820533036868987,34.3360609851851
448,103,3,Brick,Flat,9,2.954881879220895,E,46.886328379242045,4.470205446613971,19.93156757990205,7.068696701784048,13.044474696942247,60.300283927601996,24.90582378593738,11.141583618499968,97.30558775199717,0.4168844245359893,59.059869853496906,0,72.72749917825556,48.98713643228464,80.80525167715678,9.530532098622997,4.445135479719184,1.5419832800071265,43.00528179486655
449,237,7,Concrete,Pitched,7,2.2404060924331186,E,10.65759210465018,4.967266569667197,16.124140646118384,8.240615905031113,14.37579761013582,97.60478258264618,27.137922054851117,21.995544967634903,75.78204517125492,1.9149606155589118,63.43132283418405,0,66.63948886415506,34.154956473047605,55.66208437908424,4.304195517792386,2.415461806687539,1.7334097957834889,31.750773194707822
450,150,7,Brick,Pitched,6,6.96737804050443,E,38.169344769442304,7.99072005501164,15.320947338132086,3.7942013312606724,19.11270792737963,67.09328843990755,25.092475348806452,24.486288758109815,91.70770291397511,0.762227915080151,46.60654346416416,0,89.83569060261928,39.399318865195816,83.36501732988984,9.169137506972382,6.784767225635922,6.787116821662895,41.897511098552236
451,57,4,Brick,Solar Integrated,8,1.0169189517241959,S,48.856631510089834,3.080447313086807,5.09451441848347,3.053501936045738,23.443838561025686,99.29018297251525,22.458437925299936,14.07869548786265,71.16576532889218,2.2719085124077933,60.59515320353874,1,75.13095574731491,14.419345118722596,50.325849927769404,3.74172249064219,5.826685292174679,5.186112392330016,24.08830903803378
452,102,4,Brick,Flat,7,2.6053532587659687,W,7.348938307023723,5.861440828603924,7.384134120812066,12.786397262181117,7.839885187041693,91.93044437669812,29.25460520604272,18.799450090343026,85.85460448494624,2.062841592195598,36.984436679290475,1,78.92690606523826,44.48416293805921,58.52229402932025,5.888980849304448,3.4726262616667087,9.738794724302323,35.113750370301396
453,109,3,Wood,Pitched,8,1.2616424230955836,S,35.69872462819747,9.46818809298013,9.84796829348331,14.69832684675862,11.084837276543915,90.42852670736951,19.499077346970953,13.380184558296785,94.93243493030913,0.9310384996833964,42.89041575277939,0,85.21590925099308,43.567693714861534,74.64369284599974,1.184293750259781,5.3179422200414,7.1067826965705825,39.553819711462666
454,157,5,Wood,Flat,3,2.5019660606938383,S,26.066936358546368,3.783164315843867,15.694239907862745,7.261425829785563,7.78493689188219,65.89523368866418,15.287518312874667,16.081734933653415,61.66576089359921,2.0385743036817146,68.9721985244191,1,96.31490707740963,36.1197092616687,65.00985634376201,5.696875993362192,7.711644835370706,1.0906629579390832,38.150551703640666
455,54,2,Concrete,Pitched,2,2.631873519329547,S,31.062886491862496,6.614970717530277,18.384351436481403,3.1394478705304927,17.240170599189106,50.43886059739647,21.479840571951613,9.786198700652708,93.22543058744357,0.95533719831977,69.45312694240505,1,76.76351014683864,30.090994583815494,89.36773566874254,6.732478095495672,2.847445070955927,5.329169018204157,38.82355582506449
456,152,7,Concrete,Pitched,8,4.489062352753548,W,8.84036014179462,8.50565667673593,4.593642900436707,2.855552888977494,11.126019937750751,69.10664544129939,15.495179038504908,31.566783307568944,82.85332019887714,0.3422744359264975,50.50420212086352,1,91.33267560877445,38.859566925266904,51.21356987273273,3.1087458940346013,3.6361517203155618,4.730031415319315,32.679810537154516
457,245,5,Wood,Flat,8,4.6209441221790035,N,6.935312834012277,9.597719152640817,18.524982208731956,13.587136682683884,11.522157050251469,65.09046848313469,29.309051287896132,5.300312316774093,84.29887015634277,2.408531772941699,67.37079165855508,1,70.7335916509863,10.237128613475125,89.94392671746172,6.210434585848213,4.114998883847036,1.9604247399439183,32.661279311149315
458,55,6,Wood,Pitched,3,8.868362235492139,W,35.00899972479148,8.227436476736026,14.216868394727102,8.029585246459838,6.418319189759584,51.869849520439864,18.14877068622077,31.472275593313654,80.9263200322393,1.6662448365170561,50.90922712227418,0,87.91887163694454,33.697630215938375,74.94511331445264,6.82450994845887,7.720537934809284,9.308879522849711,38.27768015727377
459,158,7,Wood,Pitched,4,5.590987412489427,S,42.048924341932306,8.043958840510843,12.604643883015735,6.160355115311095,11.995921236151839,75.26826282529649,26.833905359233192,22.150366350492156,94.9790041313457,1.1946388639902201,41.66352512644629,0,60.06317684311647,43.896245397169466,72.34827978384386,7.181974705435809,8.622303395958163,8.245101691735513,37.89023671602604
460,165,7,Brick,Solar Integrated,3,7.510642890510576,E,40.190690071983525,8.785416631370337,4.796984154356851,8.193996526112194,22.24993014803171,70.15156556413683,26.618581247615474,14.949735325310524,61.7373342894255,1.0546560436744952,40.67597152395088,0,94.86028853962539,24.275995486990194,52.380497702558976,7.987629898198929,4.387496467974498,3.0707731757800167,29.081823165037658
461,143,4,Brick,Pitched,7,1.9372362212825869,E,29.47125775398068,6.123408546842805,2.0549756233738607,6.137953231000515,9.661456237816699,81.72782338707624,18.265933495244003,26.691713763809894,70.44113566143392,0.8792928022198335,67.18022821472596,1,61.2151831981785,14.331574259316673,60.93315506663563,3.8020531863647484,3.669587756505264,3.303826829586975,23.752534286915804
462,96,2,Wood,Pitched,3,3.0289487991732447,S,9.494006951128018,8.64091172832483,11.800833071650858,8.35746507899906,18.903749324201314,81.05931610970416,24.31839795720251,20.23256455587993,95.03050155436621,2.4554742290299103,36.89785555895436,1,88.51015019050337,26.835089989728246,86.98650753166382,6.109992607886904,9.005020825165095,1.2881624798750586,38.46001430166476
463,148,2,Brick,Pitched,3,7.326490968808091,E,35.96199997262062,3.0557508332181578,13.378797983248957,13.174233159933179,17.592566898771853,56.037331794834,15.721184527296753,19.973259743228198,90.09382810127823,0.4233934363141778,53.185298328072726,0,61.850327570451356,39.08417796234028,64.16984012756977,9.83421126788135,9.994284389734108,3.6704570642113685,35.41887064585779
464,104,9,Brick,Solar Integrated,2,1.475235644216753,S,15.884999759936568,9.471927387637635,5.004847537739076,9.699917823807244,22.269692167382306,98.84827730633113,22.25361878555801,8.304268487568994,60.70580640714424,0.855532141409364,52.221002722508786,0,70.64982797576013,14.292048414826901,76.46612801869004,9.083297535986414,7.033182756956192,6.261598080220182,29.053428984701146
465,217,8,Concrete,Flat,3,5.379378960193778,E,45.998091624532265,6.103145566620228,11.572667910683672,11.03049904653228,7.645758953020765,59.34657147207235,15.219706909087302,16.685480778362262,80.68025132838835,1.2651943366783924,59.5848673861198,1,79.88809614226213,18.241942408515598,89.97985401674887,9.573988852885298,9.909825534902627,4.787590495480014,35.753861829247924
466,101,8,Wood,Solar Integrated,9,6.3943206909664045,W,42.72194117955672,6.873661315060233,17.273374652488897,6.740718791046375,24.551799206900863,72.26370123823523,28.817158202712626,12.231930375702099,81.18290722850699,1.2471989081303474,49.96971630099099,0,76.79754741392952,15.902073873147998,60.52278855334165,4.475227586757143,6.93969650021719,9.723299173477127,29.3975488445469
467,193,8,Wood,Solar Integrated,8,6.419310796472329,N,36.922233518932586,4.784175742404177,16.86625296364538,11.600576420636743,16.652572920807312,74.40587717168674,29.641290362993576,5.470877167888389,76.03528540511641,1.2312795625788244,40.89142642832537,0,67.67344458404042,41.877910223008996,73.04323516057975,8.082352953069956,7.601142448070425,1.5047215233730378,38.832843639765855
468,62,8,Brick,Flat,9,1.2063953014123783,N,47.69806801240087,8.19771582988295,18.619748431139648,10.66602210343184,24.909483046936288,90.653139860706,18.33424149957878,15.802988923463397,71.89573328247958,0.5218811579929163,36.77585998526314,1,73.3525964683695,12.515704898099473,77.85751170808852,6.57908156584313,4.497904013891623,6.322871430091095,31.28500394689075
469,163,6,Wood,Solar Integrated,2,3.8989720380626696,W,6.413981968007282,3.5364506453267417,7.951830381580728,3.554305970776734,23.230294517317017,54.961479804732335,18.12159051894559,7.694663882768142,87.26899401649368,0.4478380650628013,54.83275214023567,1,89.10825480243868,37.46346008457732,56.585089862616606,1.7446157475601698,4.896707922991482,8.724784964563433,34.03658913905483
470,173,6,Concrete,Flat,5,6.728415859442387,W,38.12901912773429,9.108450617827847,7.042941878467455,9.4443570905026,9.430345442262116,71.4322139604266,26.305802648431943,12.704901131755555,68.31161858819016,0.7114422071886881,58.75963027412932,0,86.77028370318592,24.658276830127654,55.94690254784729,8.415823502413588,2.2972209759045565,5.326668211687504,29.13192449980075
471,155,7,Concrete,Solar Integrated,4,2.3409976253431912,S,19.86092507013824,8.7968178030444,15.239094113635364,5.3376654520268545,6.123240198066262,81.4251085118102,18.800690982440017,7.775498635492833,91.95794248286825,2.2948627691249346,52.780851147281304,1,62.872583350556624,40.23164971541209,68.25231646632693,7.093911487216282,8.40475013288611,1.0266644850435713,36.73598539224897
472,207,3,Concrete,Flat,9,7.258740834952479,S,45.772964855886435,4.512420813713365,9.191135696843094,12.453243705236707,10.112781875907231,60.75778108120278,28.426148387427673,8.028248766691966,92.12148643069887,0.3713271228028243,59.53405108484779,0,89.89263302291545,48.575336751361505,65.43250087037157,2.790256235637401,9.379531277984801,3.1852134984364766,40.36249789673989
473,196,4,Wood,Pitched,2,7.713326879323071,S,17.000383849788992,8.665270787996835,2.6634246165278315,7.537190210070213,15.551272979988397,81.37339493830365,23.608937041844733,10.97033883245565,76.61045750291282,1.9178202480959796,35.660848097998404,1,62.12183524788114,14.581811983459293,78.56861747429255,1.717647016865152,6.610943203247008,3.9139207810116954,28.15532417863938
474,194,4,Wood,Solar Integrated,7,9.837722714015307,E,37.618542469175765,8.50450413143037,6.373221482739495,14.930894147554334,8.4319273413038,96.18324187748263,20.26166434515468,34.99547733459201,71.3419204363859,1.918116143520091,65.29880779772542,1,81.71705556399138,22.57540164269834,52.780350857943446,8.533199175834977,4.092825776008587,9.693950451017162,27.59360567254695
475,169,8,Wood,Solar Integrated,5,2.888577953707685,S,44.494115884285165,7.425516184277643,8.953063425098293,3.202505693206529,8.34919489035977,99.87590655863374,27.4904061952413,5.065524285717463,71.35512726362853,2.0434489693534292,53.29582033634012,0,70.40250992168762,42.40501710875428,88.88666494962762,1.7101164654208096,2.386146928369296,9.205959536548296,39.806931185414086
476,112,7,Wood,Solar Integrated,2,8.426176008995036,W,6.874556827220709,5.614641238297812,6.557812084048788,12.144522215622061,14.251870942103062,51.622553839533786,22.401100506200926,24.160179083612157,79.2916529598484,2.2278771735744534,35.07375707570389,1,83.50760510239276,20.64633544204706,50.57107926743329,1.8221847882979296,3.3864060673478344,9.542534545968673,26.64772062661938
477,68,9,Wood,Solar Integrated,2,5.682669192267887,N,22.894141081641624,4.900491279273075,7.31190584799911,10.758122536048035,5.6653594233871685,61.77941141223388,28.674493705627135,9.237310940796721,88.78316898997434,0.7312868260934327,48.4770081682294,0,70.45313583763607,18.604823881841636,74.05267297344605,4.846674591138838,3.29869378766659,8.431826118552715,29.55941527013845
478,141,5,Concrete,Pitched,4,4.3611633652975605,E,39.30390644098724,4.62248513202545,6.581742217313424,11.977484797679171,7.43776165064541,65.51535578958487,28.920213550940716,32.618844101323276,74.35474763975435,0.6389427262453512,63.79166951463646,1,99.39831878503324,43.01511911475887,72.50530383469552,2.2131804557752934,6.5217509574721575,4.16482960702514,39.9661270148272
479,107,3,Brick,Solar Integrated,8,2.1013908159266013,S,25.471350027841417,5.23026273934525,1.7884841764785095,5.997887341375932,13.317226788158951,69.9563050222483,17.48130228192614,7.808986800008877,84.40173381831006,1.2172135996659514,65.90248773812641,0,72.38912734910127,49.48329456023881,55.38862923478903,9.223026376984475,9.50533718827244,9.152887798865805,35.42039122288977
480,232,7,Concrete,Pitched,9,7.619550458387838,E,17.02636834071179,9.324909104027713,13.104799315664408,8.396708361971207,6.262598184159329,62.11285787923837,15.034851091978954,33.65189561378709,75.29937842330378,0.7362140050048867,40.585980199950455,1,69.67842542697984,32.275223605918626,56.03663930854119,5.232555426369131,1.4344469826218331,9.83516055343344,30.765586745839055
481,139,3,Wood,Pitched,7,3.1227183922931836,E,14.891240697043552,3.543485431921469,12.348555986715917,12.35461075640821,12.935101129110587,60.174399727765625,29.758964102136034,23.32779162450434,72.18092756605533,1.862343973559458,58.45063298841812,1,71.13861163661385,21.12194993333357,81.70709951178507,6.122358825891143,1.009200696350032,4.150641810474577,32.46341738263166
482,166,3,Concrete,Pitched,6,4.342798016857412,S,10.918322011237006,8.802098933770711,13.41428647109493,5.023037311071115,14.480125318968902,97.72769212087499,28.59206304191219,5.038042307464707,60.99438063663177,1.6262549841794407,33.999409899351065,0,95.85891429037181,25.942638464002158,85.50249833650733,9.352954805302787,6.40163749882893,3.3450036938780405,38.43236742952407
483,111,3,Wood,Pitched,9,1.562880042076316,E,43.5708301935327,5.442230525292765,4.653888024638922,4.938431558252477,14.025332281462289,95.92608013852589,15.831678535557622,31.82021593750418,60.15656422941562,2.1999704513263634,31.34183485648631,1,85.44875314677378,16.80521309534436,61.32067863535078,5.772369030745137,3.556544158717437,5.922246635039992,27.492661407022112
484,72,7,Wood,Flat,6,8.21230224237567,N,30.89099314632002,6.651195772079507,6.617436290637221,9.163662392834121,22.383497148061746,52.34962505015587,27.49551395911605,20.65135404100755,69.08830711328018,0.29857192836897173,52.415958152797714,0,89.22736389683106,40.475491155630095,67.51855855850273,4.182320313615866,8.924935081050613,2.68436973339037,37.677569722410254
485,176,8,Concrete,Flat,2,7.89929671574479,W,8.437322524615519,8.561399435539435,12.772702611953523,8.806326533888125,15.601249101034648,66.9406510802424,21.8670739883881,12.880092059914537,76.25625147203982,2.2962000000593794,57.79310317312503,1,96.72042040377401,40.93896071291071,64.19980164153414,8.174395952342486,3.945252771152353,1.2936179926574218,38.13728165917862
486,186,4,Wood,Solar Integrated,3,7.602542470380812,W,22.216114560678594,9.190635829160799,12.392923800738506,5.669412115368127,14.359609249560867,70.25742768392033,18.88442407537463,28.018375325468902,94.05044669448242,0.8040367040082148,61.831469247060085,1,96.4748993938003,45.00483969529978,52.901880519466076,4.985651777276896,3.607638404760004,9.512480540042827,36.92943039296288
487,189,4,Brick,Flat,7,3.69499159442698,N,21.548014286229947,5.413469940508529,10.620275877731089,5.8749834568226955,13.214184907833324,61.95072673329717,28.181197855153947,32.7999666166061,91.93936971721702,1.2776664302247618,43.608649538213385,0,89.5578338631491,11.064102543862555,76.92816984063238,3.8662248304207485,3.4255955909646754,9.331665691972773,30.469822411339308
488,178,8,Wood,Flat,5,2.5613206683936154,E,13.178263581925835,6.232904368925772,7.657851750193751,5.611987121685352,21.35246756608972,81.44364484940877,17.95000848585461,19.51072469440382,70.6866105035196,1.152667446255145,30.26101641715548,1,67.91297715365292,32.47925366505517,83.0077173922276,7.509065127449811,2.303675445414197,2.4638846838590895,35.12892273244895
489,107,3,Brick,Solar Integrated,3,6.737979380232067,S,24.597843146248582,5.901612453717545,18.34568909071911,12.02965680598034,22.901132079996664,82.01903733221205,29.209499991301,14.466604233293326,69.78161771937198,1.9247479626506174,49.18076948445415,1,93.73493282700022,18.570217373727374,62.195174295648286,8.214451089517388,6.233774268493995,4.669662222367474,32.299486025790515
490,171,5,Brick,Solar Integrated,3,5.465497457018975,E,19.94447144269114,3.0927572345273737,7.455634603678032,10.474711252311987,22.064849383942352,92.52521141642985,18.084322315490116,28.668353718047804,69.0928828428011,1.1087999426364221,30.63414181494268,0,68.15104136764255,23.635320619694284,89.60703174522874,8.125445508258442,2.51392242100789,8.479326819454169,33.82101807665547
491,50,2,Wood,Solar Integrated,9,2.6042722021417744,N,20.381166747148214,5.071600222010597,9.65676397230778,12.821423384333286,18.47093156262782,87.04346341926089,24.205247815931152,25.453564933653638,73.56949362115468,2.3645275495585825,33.679380426832,1,89.71595256393728,41.3982246114603,53.0340622912942,9.799069727158368,4.821680438112618,6.949002689387677,34.89356398017473
492,83,7,Concrete,Flat,7,7.173201439448773,E,38.25619510045814,6.214324636127933,13.884162788129967,14.681149368082284,7.747234919373485,77.12866634829778,18.346295017934622,31.662574512508172,79.92794878246741,2.266081318332581,43.067560901269935,0,87.42412266179497,17.681346094459848,76.47162855258084,8.080002539874664,5.1487484703008395,4.553087582536426,33.14772405671978
493,145,2,Brick,Flat,8,9.920137886391734,W,15.046852347733834,5.877655262163079,11.317407186468518,8.164135851535823,10.537399389840246,82.67933850222099,23.18502997452952,25.77542038283579,77.54671088126301,2.1931867647268155,47.486881982407084,0,90.35555400561786,35.53367002324359,67.92912058104356,7.929400923538176,1.18442842190177,7.69753897464537,35.78184764541763
494,175,9,Concrete,Solar Integrated,2,7.724976289678339,E,33.88369814849099,8.053504592609755,7.590833550923326,2.867020458270835,5.921261273639549,63.699439077150906,25.259626948727117,12.305850166986088,68.73092795125976,0.27101999835574697,41.178777649185946,0,81.30742722855263,36.18264764894393,67.86407604426623,8.717367283625983,1.1512655183902825,9.073426493891718,34.30677204025441
495,167,8,Brick,Pitched,2,7.659877480170506,N,30.67923307464207,5.6936253205477225,9.277251018673686,2.6252000353564604,23.616481499802283,79.65280949836789,17.853418962302065,32.94977749277057,65.21805639774472,2.150219347729455,53.274610660188316,1,85.54904728996878,48.16375659609203,68.30582464134162,1.0016667576589853,5.681914198811463,9.335424974732813,39.65702967958984
496,97,5,Wood,Solar Integrated,2,9.552814776375325,W,30.564163055204027,6.425635142794691,16.095135539216614,5.843645510531049,18.215970593818206,74.46136273749596,22.813286740510186,8.14507241617974,60.503112499447816,1.9759250690637051,32.213991568723806,1,98.13280321737021,41.00643714115748,60.34727095205714,4.261882700689936,7.2643125900621905,4.409646507299701,38.85655528035146
497,138,7,Wood,Pitched,2,2.82642730817412,E,34.83533057637992,6.007260144926543,6.284453954245636,14.123079661581862,19.92725768626483,56.66722336581852,22.035896165851785,13.038282503205437,66.15852954666015,0.3484310728147144,35.78318840958339,0,64.0435437669686,42.145405886147735,78.6225130932893,7.638427864309799,9.479282340523643,2.5620461206553697,37.92522602015289
498,166,8,Brick,Pitched,9,6.0899496842929635,E,29.67719162880443,8.184383042260594,3.702849555759493,8.801769714621374,11.23143479164458,62.12721382914854,16.06556132105012,20.605838231716568,88.21425480776473,0.3577943810469325,57.81033603021734,1,72.3538909912648,31.26402996071574,78.86306104340107,6.397471099992496,2.6120735574125957,9.215549723745776,33.650194918655835
499,178,3,Wood,Solar Integrated,6,9.816820435304951,W,44.56648016808731,9.040806792908738,6.950100834765765,5.533224709041679,21.913070445546847,64.5846725360793,27.274617265129542,21.97226078212704,69.74554277382332,0.3427931476420988,35.68563414391671,0,84.4542805239353,17.471232286494825,61.29588440423308,2.598148023684559,1.929329284924743,1.8329990127492544,27.721860643126696
500,65,4,Brick,Solar Integrated,2,2.487646998731571,S,35.40110413776169,6.723223553052599,17.141150094270124,7.189168328643254,10.19206567416957,96.2154783526279,20.035236009642624,5.4593175988071625,78.74407240486039,0.1271982236907701,55.5910080628169,1,98.56216520525957,27.022534628734064,83.41225843433801,3.733597801796908,1.4687911623443584,7.495195521053473,38.367416847336685
