ds,method,split_number,rmse,r2
12_real_estate,Linear,0,8.409372309722825,0.6391741279714347
12_real_estate,Linear,1,6.280620767739897,0.7061487731180208
12_real_estate,Linear,2,10.46213617193949,0.338615655360622
12_real_estate,Linear,3,6.177540202890442,0.6405051463962518
12_real_estate,Linear,4,7.909966527385341,0.6549811677574191
12_real_estate,Linear,5,8.55713730086648,0.5919997486211779
12_real_estate,Linear,6,7.96193343825193,0.6147898941553519
12_real_estate,Linear,7,9.143926772689035,0.6051551262509405
12_real_estate,Linear,8,8.588111462914839,0.5849710657742488
12_real_estate,Linear,9,13.5482365028777,0.40082160370419684
12_real_estate,Ridge,0,8.399974281789481,0.6399801707146269
12_real_estate,Ridge,1,6.2843222616715675,0.7058023076685552
12_real_estate,Ridge,2,10.458031562306514,0.33913451536656924
12_real_estate,Ridge,3,6.173620594927452,0.6409611958330848
12_real_estate,Ridge,4,7.909005401833219,0.6550650078768531
12_real_estate,Ridge,5,8.55541406423447,0.5921640582871539
12_real_estate,Ridge,6,7.966824189812188,0.614316505230415
12_real_estate,Ridge,7,9.14094435864544,0.6054126521218858
12_real_estate,Ridge,8,8.586362010185713,0.5851401366000982
12_real_estate,Ridge,9,13.553702115693172,0.4003380665745797
12_real_estate,Lasso,0,8.33908802756016,0.6451803808282246
12_real_estate,Lasso,1,6.6889815648082545,0.6666945887689036
12_real_estate,Lasso,2,10.557635823958119,0.32648615354254573
12_real_estate,Lasso,3,6.232461312567055,0.6340845901518655
12_real_estate,Lasso,4,8.185465613195458,0.6305290593252478
12_real_estate,Lasso,5,8.220007350174859,0.6235148577956033
12_real_estate,Lasso,6,8.230934596956033,0.5883208344046227
12_real_estate,Lasso,7,9.426430274059115,0.5803806139562663
12_real_estate,Lasso,8,9.13944527088713,0.5299731111177473
12_real_estate,Lasso,9,13.789298794127122,0.3793096802095166
12_real_estate,ElasticNet,0,8.407754524487428,0.6393129451381214
12_real_estate,ElasticNet,1,7.092661182791301,0.6252507308203148
12_real_estate,ElasticNet,2,10.59196807454076,0.3220986479232104
12_real_estate,ElasticNet,3,6.228188315276523,0.6345861639240484
12_real_estate,ElasticNet,4,8.40215423327494,0.6107086012606189
12_real_estate,ElasticNet,5,8.503116942844896,0.597134818845076
12_real_estate,ElasticNet,6,8.588495478811081,0.5517763480215891
12_real_estate,ElasticNet,7,9.580438938400698,0.5665571537770614
12_real_estate,ElasticNet,8,9.392517739773673,0.5035825054809957
12_real_estate,ElasticNet,9,14.211977039282464,0.3406749109186378
12_real_estate,KNN,0,6.8328039283891,0.7617853723520264
12_real_estate,KNN,1,6.085179498076415,0.7241524358774631
12_real_estate,KNN,2,9.620396487225907,0.4407588551801468
12_real_estate,KNN,3,5.767193755157166,0.6866782084067864
12_real_estate,KNN,4,6.527634315439058,0.765033935331263
12_real_estate,KNN,5,8.719405327675316,0.5763793101276617
12_real_estate,KNN,6,7.93232288434248,0.6176497709978853
12_real_estate,KNN,7,8.232364447122341,0.6799556225410117
12_real_estate,KNN,8,8.565673980003403,0.5871368597389743
12_real_estate,KNN,9,13.131849943051787,0.4370855065908651
12_real_estate,RandomForest,0,6.441969067182257,0.7882576254553841
12_real_estate,RandomForest,1,6.000819852918087,0.7317476439746506
12_real_estate,RandomForest,2,7.272775073330169,0.6803950577424625
12_real_estate,RandomForest,3,6.998711862297825,0.5385785872383005
12_real_estate,RandomForest,4,5.651629359389612,0.8238669503905848
12_real_estate,RandomForest,5,7.947240640547106,0.6480863139723017
12_real_estate,RandomForest,6,6.949498268778183,0.7065274476418046
12_real_estate,RandomForest,7,7.11995486599179,0.7606047625231986
12_real_estate,RandomForest,8,6.099938266435484,0.7906206197669802
12_real_estate,RandomForest,9,12.404825887358307,0.4976898502513042
12_real_estate,SVR,0,8.383823026423014,0.641363313509447
12_real_estate,SVR,1,6.324698462834498,0.7020097763094314
12_real_estate,SVR,2,9.526505373364945,0.4516215149326239
12_real_estate,SVR,3,6.16299433746087,0.6421961130917551
12_real_estate,SVR,4,8.216976775153165,0.62767891765078
12_real_estate,SVR,5,8.467486610162753,0.6005039707729637
12_real_estate,SVR,6,8.201257206475837,0.5912841765216132
12_real_estate,SVR,7,8.819142816449272,0.632706048753577
12_real_estate,SVR,8,8.052745778675341,0.6351023991100461
12_real_estate,SVR,9,13.680989205685979,0.3890219497338965
12_real_estate,MLP,0,8.171475540284344,0.6593005134990768
12_real_estate,MLP,1,6.225446854142878,0.7112889365725177
12_real_estate,MLP,2,9.08902767673749,0.500830518081662
12_real_estate,MLP,3,6.621451077942386,0.586983058794365
12_real_estate,MLP,4,6.769627713073233,0.7472896197197345
12_real_estate,MLP,5,7.855811752647528,0.6561369065234075
12_real_estate,MLP,6,7.644566499146362,0.6448872113451192
12_real_estate,MLP,7,7.886316865463474,0.7062962643356521
12_real_estate,MLP,8,7.490535802388775,0.6842751259928641
12_real_estate,MLP,9,12.878970428960429,0.45855680491048334
12_real_estate,XGBoost,0,6.979522491306145,0.7514453278801954
12_real_estate,XGBoost,1,7.303447037766296,0.6026455006783293
12_real_estate,XGBoost,2,6.709301407063916,0.728000704698702
12_real_estate,XGBoost,3,7.864167009214292,0.41740470559239273
12_real_estate,XGBoost,4,6.523330342781819,0.7653436812742591
12_real_estate,XGBoost,5,8.036497246206542,0.6401371373621629
12_real_estate,XGBoost,6,7.489175982875354,0.6591771852691672
12_real_estate,XGBoost,7,7.241129288651095,0.7523868935713843
12_real_estate,XGBoost,8,10.535875095997715,0.3753679602722867
12_real_estate,XGBoost,9,13.818365887741557,0.37669015918462023
12_real_estate,LightGBM,0,6.472124239861269,0.7862706328606567
12_real_estate,LightGBM,1,5.560001783031157,0.7697115120863468
12_real_estate,LightGBM,2,7.8952485025826595,0.6233440937707309
12_real_estate,LightGBM,3,6.840837845223521,0.5591608982420794
12_real_estate,LightGBM,4,5.906756393443795,0.8076059532141473
12_real_estate,LightGBM,5,7.36204687143893,0.6980044203815703
12_real_estate,LightGBM,6,6.78475721392081,0.7202763349194402
12_real_estate,LightGBM,7,6.688471034386229,0.7887412400070191
12_real_estate,LightGBM,8,6.904587492702511,0.7317384035637808
12_real_estate,LightGBM,9,12.976215318967986,0.4503494151262437
12_real_estate,CatBoost,0,6.847518614483683,0.7607582602470356
12_real_estate,CatBoost,1,6.292983787175191,0.7049907780333617
12_real_estate,CatBoost,2,7.183533524086421,0.6881904448326335
12_real_estate,CatBoost,3,5.940629038327774,0.6675499640600867
12_real_estate,CatBoost,4,6.423256040234438,0.7724881732856648
12_real_estate,CatBoost,5,7.0798632463966955,0.7207114264456034
12_real_estate,CatBoost,6,7.4542913663375945,0.6623448989443743
12_real_estate,CatBoost,7,6.933600791444964,0.7729723826085264
12_real_estate,CatBoost,8,7.323751649057452,0.6981784480291277
12_real_estate,CatBoost,9,12.701149593228392,0.47340507410832455
12_real_estate,TabPFNReg,0,6.594324613601301,0.7781235784675303
12_real_estate,TabPFNReg,1,5.755435384456654,0.753237744329404
12_real_estate,TabPFNReg,2,7.519109655485499,0.6583778584716602
12_real_estate,TabPFNReg,3,6.069404800357065,0.6529806241331143
12_real_estate,TabPFNReg,4,5.531803264909972,0.8312565352306435
12_real_estate,TabPFNReg,5,7.523753599633214,0.6845921063449688
12_real_estate,TabPFNReg,6,7.565022759852737,0.6522388487021953
12_real_estate,TabPFNReg,7,6.831311793083302,0.7796214909383654
12_real_estate,TabPFNReg,8,5.9216891655640165,0.8026785743178784
12_real_estate,TabPFNReg,9,12.542646922771382,0.4864662374930858
13_boston_housing,Linear,0,83735.84309203236,0.7369366851881078
13_boston_housing,Linear,1,80753.17495851434,0.6230823275637198
13_boston_housing,Linear,2,85660.27304131947,0.6965099432885737
13_boston_housing,Linear,3,103625.45987888848,0.745924517276294
13_boston_housing,Linear,4,113662.39542838493,0.5370667517773684
13_boston_housing,Linear,5,79106.90336137946,0.7498286535740092
13_boston_housing,Linear,6,103242.26207460678,0.6352420203653475
13_boston_housing,Linear,7,77860.12341334674,0.7826302265375864
13_boston_housing,Linear,8,79087.9558030728,0.7159106677598926
13_boston_housing,Linear,9,77406.2522447141,0.781269984143494
13_boston_housing,Ridge,0,83773.01818841683,0.7367030558475866
13_boston_housing,Ridge,1,80740.76858342848,0.6231981328633764
13_boston_housing,Ridge,2,85673.54675883934,0.6964158797686058
13_boston_housing,Ridge,3,103671.48646356593,0.7456987653461304
13_boston_housing,Ridge,4,113613.37315274995,0.5374659893135991
13_boston_housing,Ridge,5,79091.63040218227,0.7499252440803394
13_boston_housing,Ridge,6,103165.0367761597,0.635787494829491
13_boston_housing,Ridge,7,77891.47308760161,0.7824551473523818
13_boston_housing,Ridge,8,79051.89913609483,0.7161696447266572
13_boston_housing,Ridge,9,77426.66800173208,0.7811545896471688
13_boston_housing,Lasso,0,83735.9529974802,0.7369359946329206
13_boston_housing,Lasso,1,80753.26016406265,0.6230815321648044
13_boston_housing,Lasso,2,85660.48285721496,0.6965084565523366
13_boston_housing,Lasso,3,103625.67202973909,0.745923476945375
13_boston_housing,Lasso,4,113663.35554035903,0.5370589309034484
13_boston_housing,Lasso,5,79106.89567467346,0.749828702191599
13_boston_housing,Lasso,6,103241.76609450471,0.6352455249818054
13_boston_housing,Lasso,7,77860.1220728346,0.7826302340224659
13_boston_housing,Lasso,8,79087.70559938841,0.7159124652544533
13_boston_housing,Lasso,9,77406.16831961926,0.7812704584443894
13_boston_housing,ElasticNet,0,93847.61240089087,0.6695665918607112
13_boston_housing,ElasticNet,1,82681.25882746595,0.6048686865836881
13_boston_housing,ElasticNet,2,90903.58088231056,0.6582192954499775
13_boston_housing,ElasticNet,3,116676.59878880419,0.6778950946292073
13_boston_housing,ElasticNet,4,109413.51105827348,0.5710302442871473
13_boston_housing,ElasticNet,5,83114.61614485143,0.7238382003962915
13_boston_housing,ElasticNet,6,98061.02314604571,0.67093429786598
13_boston_housing,ElasticNet,7,88115.61286132701,0.7215964879550576
13_boston_housing,ElasticNet,8,79117.96949462616,0.7156950043908924
13_boston_housing,ElasticNet,9,86560.21230505667,0.7264775810203901
13_boston_housing,KNN,0,68101.29514186937,0.826000405468002
13_boston_housing,KNN,1,59272.22621093289,0.7969374824432722
13_boston_housing,KNN,2,60225.08779570188,0.8499830119852032
13_boston_housing,KNN,3,76483.12755111417,0.8615920312130466
13_boston_housing,KNN,4,79915.65303493428,0.7711512895583512
13_boston_housing,KNN,5,85580.19397033405,0.7072106131836835
13_boston_housing,KNN,6,75709.349488686,0.8038497762946356
13_boston_housing,KNN,7,58946.96938774715,0.875407488331095
13_boston_housing,KNN,8,69501.99133837821,0.7806039920435422
13_boston_housing,KNN,9,50152.75291546816,0.9081781885717719
13_boston_housing,RandomForest,0,61550.25529597745,0.8578662511905971
13_boston_housing,RandomForest,1,55411.28712636082,0.8225304842015461
13_boston_housing,RandomForest,2,58349.65534602582,0.8591807106417355
13_boston_housing,RandomForest,3,86746.2511927749,0.8219543987673736
13_boston_housing,RandomForest,4,78985.602194324,0.7764469335556333
13_boston_housing,RandomForest,5,82327.08211153849,0.7290468255933298
13_boston_housing,RandomForest,6,74078.05940357779,0.8122115090504788
13_boston_housing,RandomForest,7,63955.91623923466,0.8533336691573679
13_boston_housing,RandomForest,8,62568.362053037636,0.8221950706100585
13_boston_housing,RandomForest,9,58261.53771303586,0.8760860536153241
13_boston_housing,SVR,0,164335.0868816777,-0.013206788849482454
13_boston_housing,SVR,1,132535.34750213017,-0.015291452518539472
13_boston_housing,SVR,2,155534.34081595612,-0.0005484969084104119
13_boston_housing,SVR,3,208527.38780130155,-0.028859384761319218
13_boston_housing,SVR,4,167683.94533570588,-0.007552608115250603
13_boston_housing,SVR,5,159533.25037417142,-0.017445662313262833
13_boston_housing,SVR,6,173363.31086543144,-0.028499685983919276
13_boston_housing,SVR,7,167951.96413259656,-0.0114377328401436
13_boston_housing,SVR,8,153553.4637884073,-0.07091119881681274
13_boston_housing,SVR,9,168633.23407360172,-0.0381082461146236
13_boston_housing,MLP,0,454726.65455038426,-6.757795322615152
13_boston_housing,MLP,1,443922.4823456345,-10.39046800207098
13_boston_housing,MLP,2,471622.7792428367,-8.199730485949784
13_boston_housing,MLP,3,514101.38392546657,-5.253560610661038
13_boston_housing,MLP,4,479053.30361105566,-7.223419456387589
13_boston_housing,MLP,5,483899.958197039,-8.360950879416679
13_boston_housing,MLP,6,496508.3121736003,-7.43612149139954
13_boston_housing,MLP,7,486067.51262714615,-7.47153612815214
13_boston_housing,MLP,8,495375.05698768713,-10.145575438535758
13_boston_housing,MLP,9,498869.83394973876,-8.085122544779026
13_boston_housing,XGBoost,0,63884.62406383915,0.8468806134419973
13_boston_housing,XGBoost,1,76256.6330442864,0.6638891441766601
13_boston_housing,XGBoost,2,59996.99331870492,0.8511171987346602
13_boston_housing,XGBoost,3,92171.10162253807,0.7989892083856444
13_boston_housing,XGBoost,4,81007.08673266173,0.7648576837124902
13_boston_housing,XGBoost,5,89752.06684085455,0.6779689752330103
13_boston_housing,XGBoost,6,75667.95744670945,0.8040641973380134
13_boston_housing,XGBoost,7,74157.84180928646,0.8028107924845214
13_boston_housing,XGBoost,8,64419.51309339752,0.8115183387233867
13_boston_housing,XGBoost,9,72033.35105969774,0.8105809994407337
13_boston_housing,LightGBM,0,65469.30438864575,0.8391900389694256
13_boston_housing,LightGBM,1,58741.11764524101,0.8005602603417337
13_boston_housing,LightGBM,2,57759.44005741347,0.8620151179205391
13_boston_housing,LightGBM,3,98756.66390938777,0.7692388796340905
13_boston_housing,LightGBM,4,73182.10583424663,0.8080913418829073
13_boston_housing,LightGBM,5,83497.66345847952,0.721286861062727
13_boston_housing,LightGBM,6,70586.06256913484,0.8294987010412507
13_boston_housing,LightGBM,7,69198.81353616403,0.8283015899003234
13_boston_housing,LightGBM,8,64712.67488363492,0.8097989419798091
13_boston_housing,LightGBM,9,58088.0677682414,0.8768228465591289
13_boston_housing,CatBoost,0,55677.737989466485,0.8836943910630611
13_boston_housing,CatBoost,1,61862.82962739504,0.7787991204291468
13_boston_housing,CatBoost,2,56606.18823619799,0.8674702494624682
13_boston_housing,CatBoost,3,77855.93214172062,0.8565788386086999
13_boston_housing,CatBoost,4,75858.47398738081,0.7937979549980532
13_boston_housing,CatBoost,5,83790.82963426424,0.7193262622822478
13_boston_housing,CatBoost,6,70505.6779362795,0.8298868195928183
13_boston_housing,CatBoost,7,63341.19748425658,0.8561395162341366
13_boston_housing,CatBoost,8,63353.85206504002,0.8177026827643064
13_boston_housing,CatBoost,9,58448.41679264729,0.8752898486364652
13_boston_housing,TabPFNReg,0,60072.60208127036,0.8646088173870479
13_boston_housing,TabPFNReg,1,53510.06788079573,0.834499888179836
13_boston_housing,TabPFNReg,2,54838.639527298845,0.8756176087030229
13_boston_housing,TabPFNReg,3,75415.84401718856,0.865427906335509
13_boston_housing,TabPFNReg,4,68124.17259197391,0.8337019160869733
13_boston_housing,TabPFNReg,5,78938.97453063658,0.7508896580948945
13_boston_housing,TabPFNReg,6,71392.93180425209,0.8255784215467804
13_boston_housing,TabPFNReg,7,56251.22413051294,0.8865425722849237
13_boston_housing,TabPFNReg,8,55909.23897630091,0.8580284294588971
13_boston_housing,TabPFNReg,9,52236.23619559976,0.9003906613539929
14_house_prices,Linear,0,19400.62590284481,0.9617907288971824
14_house_prices,Linear,1,19914.153666564256,0.9582657106057395
14_house_prices,Linear,2,19800.919179442983,0.9613581914653033
14_house_prices,Linear,3,19863.06438645914,0.9571920842239285
14_house_prices,Linear,4,20478.77749912141,0.9581363588010453
14_house_prices,Linear,5,20130.269469460196,0.9559501857697977
14_house_prices,Linear,6,21295.46318112474,0.9536769701014544
14_house_prices,Linear,7,20110.718290722147,0.9573510881034287
14_house_prices,Linear,8,20253.528529525007,0.9571770674457898
14_house_prices,Linear,9,19433.263795067,0.9618109932471928
14_house_prices,Ridge,0,19401.11753881236,0.9617887923318282
14_house_prices,Ridge,1,19913.762511640234,0.9582673500841473
14_house_prices,Ridge,2,19801.30535890481,0.9613566841798882
14_house_prices,Ridge,3,19863.091129953238,0.9571919689512806
14_house_prices,Ridge,4,20478.652811190783,0.9581368685848837
14_house_prices,Ridge,5,20130.241419207377,0.9559503085309528
14_house_prices,Ridge,6,21295.2694468026,0.9536778129401284
14_house_prices,Ridge,7,20111.282580342373,0.9573486946855916
14_house_prices,Ridge,8,20253.263928436565,0.9571781863540858
14_house_prices,Ridge,9,19432.844715967356,0.9618126403243044
14_house_prices,Lasso,0,19400.69206009739,0.9617904683051044
14_house_prices,Lasso,1,19914.074130734218,0.9582660439731299
14_house_prices,Lasso,2,19801.00559735102,0.9613578541727249
14_house_prices,Lasso,3,19863.068731715543,0.9571920654945536
14_house_prices,Lasso,4,20478.756507717422,0.9581364446241522
14_house_prices,Lasso,5,20130.23883754637,0.9559503198295121
14_house_prices,Lasso,6,21295.43270772688,0.9536771026760876
14_house_prices,Lasso,7,20110.820202759962,0.957350655851485
14_house_prices,Lasso,8,20253.50793323458,0.957177154541044
14_house_prices,Lasso,9,19433.19462865027,0.9618112650895434
14_house_prices,ElasticNet,0,38657.272919192306,0.8482950690584993
14_house_prices,ElasticNet,1,37321.71929291548,0.8534139644625229
14_house_prices,ElasticNet,2,39156.111154879145,0.8488925602006546
14_house_prices,ElasticNet,3,37289.0692021814,0.8491328562359122
14_house_prices,ElasticNet,4,38748.8049896629,0.8501193487340086
14_house_prices,ElasticNet,5,37409.98937770733,0.8478681754272861
14_house_prices,ElasticNet,6,38699.03306656105,0.847024104306285
14_house_prices,ElasticNet,7,38423.410002102,0.8443157780655863
14_house_prices,ElasticNet,8,37769.409068689434,0.8510791889638893
14_house_prices,ElasticNet,9,37773.72340278547,0.8557132461383632
14_house_prices,KNN,0,22957.802765306275,0.9464945635288793
14_house_prices,KNN,1,23417.427911497845,0.9422904485020858
14_house_prices,KNN,2,24152.834230517637,0.9425059445700817
14_house_prices,KNN,3,23432.704627216477,0.9404233033558353
14_house_prices,KNN,4,23703.973596181746,0.943911832110806
14_house_prices,KNN,5,23123.534761798863,0.9418762869517654
14_house_prices,KNN,6,24502.311988464153,0.9386750916456624
14_house_prices,KNN,7,23419.89627506738,0.9421607403810017
14_house_prices,KNN,8,23691.662738143335,0.9414042528892979
14_house_prices,KNN,9,23070.60212138609,0.9461773930040724
14_house_prices,RandomForest,0,22248.074665419914,0.9497516116402442
14_house_prices,RandomForest,1,22358.113098097805,0.9473934752705185
14_house_prices,RandomForest,2,22897.22713965407,0.9483283265742276
14_house_prices,RandomForest,3,22924.04621671708,0.9429817172272863
14_house_prices,RandomForest,4,22754.129883217418,0.9483167982474883
14_house_prices,RandomForest,5,22908.152472414084,0.942954021454981
14_house_prices,RandomForest,6,23768.024201958127,0.9422955987594376
14_house_prices,RandomForest,7,22590.390616857087,0.9461853808008022
14_house_prices,RandomForest,8,23337.0436896843,0.9431452582408912
14_house_prices,RandomForest,9,21975.82623407281,0.9511643136408308
14_house_prices,SVR,0,98746.40581654334,0.010126120392853655
14_house_prices,SVR,1,96990.05173902072,0.010026208686462201
14_house_prices,SVR,2,100234.13267239547,0.00981118667151526
14_house_prices,SVR,3,95503.15603901466,0.010383266592455032
14_house_prices,SVR,4,99601.63114370538,0.009711248014990459
14_house_prices,SVR,5,95403.75565866365,0.01059102152418312
14_house_prices,SVR,6,98483.7981762662,0.00927674795156519
14_house_prices,SVR,7,96882.18888591288,0.010215438990229475
14_house_prices,SVR,8,97369.5066033811,0.010260389898770206
14_house_prices,SVR,9,98935.94611202426,0.01018257827825042
14_house_prices,MLP,0,198978.92598262432,-3.0193093649584997
14_house_prices,MLP,1,197493.4942145272,-3.1046383900245527
14_house_prices,MLP,2,198017.46484100333,-2.8645037598531524
14_house_prices,MLP,3,197781.22263689621,-3.2442572314431954
14_house_prices,MLP,4,199101.43060208354,-2.9571061988487144
14_house_prices,MLP,5,197940.96611810758,-3.2590846859267613
14_house_prices,MLP,6,199025.16713983667,-3.0461201177150015
14_house_prices,MLP,7,198462.86184022823,-3.153472025087032
14_house_prices,MLP,8,198688.6951316578,-3.1211775743303773
14_house_prices,MLP,9,196927.32083716578,-2.9215595650878536
14_house_prices,XGBoost,0,22361.460993388715,0.9492381291204016
14_house_prices,XGBoost,1,22829.716784384866,0.9451507917522755
14_house_prices,XGBoost,2,22662.55424031821,0.9493820613485703
14_house_prices,XGBoost,3,23003.647126878233,0.9425850518907433
14_house_prices,XGBoost,4,23171.7213357902,0.9464023758791844
14_house_prices,XGBoost,5,23221.532786629086,0.941382583974584
14_house_prices,XGBoost,6,24009.23263502806,0.9411184361060947
14_house_prices,XGBoost,7,22981.307404760217,0.9443067894305417
14_house_prices,XGBoost,8,22768.55069783374,0.9458814955056813
14_house_prices,XGBoost,9,21954.444197197085,0.9512592996895493
14_house_prices,LightGBM,0,20944.669741993926,0.9554667589215455
14_house_prices,LightGBM,1,21466.81582177525,0.951504150016695
14_house_prices,LightGBM,2,21182.71297790606,0.9557768264454315
14_house_prices,LightGBM,3,21497.183246832625,0.9498588027387194
14_house_prices,LightGBM,4,22015.69674896064,0.9516168863391224
14_house_prices,LightGBM,5,21912.78665997343,0.9478036511280105
14_house_prices,LightGBM,6,22707.165929792365,0.9473317796329609
14_house_prices,LightGBM,7,21196.957816612572,0.9526194757679958
14_house_prices,LightGBM,8,21760.245575832563,0.9505686356744354
14_house_prices,LightGBM,9,20387.825633235825,0.9579671640935196
14_house_prices,CatBoost,0,20217.17406389526,0.9585066813962176
14_house_prices,CatBoost,1,20490.018943193052,0.9558171186110241
14_house_prices,CatBoost,2,20597.802208682933,0.9581853458546435
14_house_prices,CatBoost,3,20368.332440261027,0.9549865259623294
14_house_prices,CatBoost,4,21201.438840204886,0.9551296336405782
14_house_prices,CatBoost,5,21043.356917228244,0.9518634515332662
14_house_prices,CatBoost,6,21843.099965271344,0.951263838183155
14_house_prices,CatBoost,7,20669.599832419022,0.9549477041005112
14_house_prices,CatBoost,8,20961.45822197452,0.9541311347308191
14_house_prices,CatBoost,9,19958.279917145013,0.9597196635161346
14_house_prices,TabPFNReg,0,19513.691401880093,0.9613440691765597
14_house_prices,TabPFNReg,1,19992.748568563078,0.9579356363072017
14_house_prices,TabPFNReg,2,19880.18629401415,0.9610481901373341
14_house_prices,TabPFNReg,3,20028.062355738723,0.9564779390836097
14_house_prices,TabPFNReg,4,20542.870472779257,0.9578739052400878
14_house_prices,TabPFNReg,5,20234.40940643066,0.9554932409940028
14_house_prices,TabPFNReg,6,21294.452409290712,0.9536813673669475
14_house_prices,TabPFNReg,7,20112.927497115554,0.9573417174362431
14_house_prices,TabPFNReg,8,20419.7514214338,0.9564712781905624
14_house_prices,TabPFNReg,9,19475.794986454304,0.9616436511741657
15_ames_housing,Linear,0,36311.9911243607,0.8309310454680445
15_ames_housing,Linear,1,29452.65490266204,0.894575763005026
15_ames_housing,Linear,2,23307.03823579241,0.8905968839539424
15_ames_housing,Linear,3,46017.003930946084,0.6634943043074195
15_ames_housing,Linear,4,30697.79219989813,0.8412435078853933
15_ames_housing,Linear,5,29808.91715524623,0.8769540174062407
15_ames_housing,Linear,6,26460.21865350099,0.8717374572545479
15_ames_housing,Linear,7,38545.54706946433,0.7659415334142707
15_ames_housing,Linear,8,24959.184992226837,0.88861982277689
15_ames_housing,Linear,9,27621.543213739948,0.8665946767996323
15_ames_housing,Ridge,0,36307.01646692803,0.8309773663936466
15_ames_housing,Ridge,1,29445.3397316592,0.8946281250452426
15_ames_housing,Ridge,2,23239.18294086824,0.8912329814497708
15_ames_housing,Ridge,3,45939.64314446834,0.6646247761378468
15_ames_housing,Ridge,4,30052.046623137674,0.8478523257079612
15_ames_housing,Ridge,5,29806.82707939269,0.876971271734516
15_ames_housing,Ridge,6,26451.536533280876,0.8718216143913324
15_ames_housing,Ridge,7,38548.121996344824,0.7659102611344185
15_ames_housing,Ridge,8,24954.57262618433,0.8886609842715492
15_ames_housing,Ridge,9,27563.256751664572,0.8671571015821663
15_ames_housing,Lasso,0,36309.74727592532,0.8309519395791184
15_ames_housing,Lasso,1,29451.842756388076,0.8945815769950431
15_ames_housing,Lasso,2,23299.90965527087,0.8906637967592148
15_ames_housing,Lasso,3,45980.16818686466,0.6640328216150642
15_ames_housing,Lasso,4,30673.15393595113,0.8414982437724648
15_ames_housing,Lasso,5,29808.658758962734,0.8769561506260843
15_ames_housing,Lasso,6,26452.86669858939,0.8718087226843768
15_ames_housing,Lasso,7,38539.61313379696,0.7660135926315754
15_ames_housing,Lasso,8,24955.767011748972,0.8886503261130168
15_ames_housing,Lasso,9,27609.447504662065,0.8667114898722976
15_ames_housing,ElasticNet,0,35871.91542545117,0.8350042058364474
15_ames_housing,ElasticNet,1,31905.160725875052,0.8762875401081118
15_ames_housing,ElasticNet,2,25195.43701457149,0.8721504199718033
15_ames_housing,ElasticNet,3,43817.44683218015,0.6948946116040526
15_ames_housing,ElasticNet,4,27166.092626108686,0.8756712507722179
15_ames_housing,ElasticNet,5,33141.63262413475,0.847902233623511
15_ames_housing,ElasticNet,6,26711.90446874228,0.8692858227241895
15_ames_housing,ElasticNet,7,38340.396980897815,0.7684263514329914
15_ames_housing,ElasticNet,8,25814.454464941176,0.8808557719393749
15_ames_housing,ElasticNet,9,27354.028335009523,0.8691662268201465
15_ames_housing,KNN,0,36917.864775100796,0.8252420709946549
15_ames_housing,KNN,1,38629.60163931124,0.818643958364585
15_ames_housing,KNN,2,32250.698196604426,0.7905242486455745
15_ames_housing,KNN,3,46590.526869737456,0.6550541023521548
15_ames_housing,KNN,4,30995.652001477945,0.8381477419099821
15_ames_housing,KNN,5,38261.46784269625,0.7972792087202907
15_ames_housing,KNN,6,32981.854385384446,0.8007202691581594
15_ames_housing,KNN,7,37034.23222656566,0.7839358971365441
15_ames_housing,KNN,8,32137.817232649464,0.8153370122796442
15_ames_housing,KNN,9,32708.50941935718,0.8129323081843185
15_ames_housing,RandomForest,0,28048.33153175333,0.8991263340452142
15_ames_housing,RandomForest,1,24916.15358921866,0.9245509861840158
15_ames_housing,RandomForest,2,21713.151134338907,0.9050486322241935
15_ames_housing,RandomForest,3,27446.383051669753,0.8802912264400014
15_ames_housing,RandomForest,4,22962.0419383731,0.9111743852364029
15_ames_housing,RandomForest,5,28178.37189853222,0.8900470636466393
15_ames_housing,RandomForest,6,27306.96841706696,0.8633970858951157
15_ames_housing,RandomForest,7,25452.0103583704,0.8979483313509409
15_ames_housing,RandomForest,8,24617.64014037574,0.8916472489387046
15_ames_housing,RandomForest,9,23770.077256697496,0.9012042032458008
15_ames_housing,SVR,0,93777.21791489153,-0.12760872796875478
15_ames_housing,SVR,1,94504.1326966425,-0.08540838047303279
15_ames_housing,SVR,2,72715.15061180612,-0.0648914265955225
15_ames_housing,SVR,3,80484.90741263243,-0.02940112499517533
15_ames_housing,SVR,4,78737.88119303915,-0.04444279457736866
15_ames_housing,SVR,5,86819.28512570243,-0.04377634352616
15_ames_housing,SVR,6,76866.9369883756,-0.08241085548500315
15_ames_housing,SVR,7,82341.02024449239,-0.06809139265666575
15_ames_housing,SVR,8,77423.39884506079,-0.07174525660660569
15_ames_housing,SVR,9,77605.04101424316,-0.053069772891504385
15_ames_housing,MLP,0,60071.793383171935,0.5372942088414712
15_ames_housing,MLP,1,59270.775164561135,0.5730541630568888
15_ames_housing,MLP,2,46804.84297119098,0.558798378741454
15_ames_housing,MLP,3,55699.46191031607,0.5069877161404781
15_ames_housing,MLP,4,50557.93034380155,0.5693784253154425
15_ames_housing,MLP,5,58563.027593217754,0.5250782272699925
15_ames_housing,MLP,6,51444.79628222939,0.5151628478154944
15_ames_housing,MLP,7,51992.19090441809,0.5741543994728098
15_ames_housing,MLP,8,48676.80581201667,0.5763655706583773
15_ames_housing,MLP,9,49358.86828084807,0.5740018937923157
15_ames_housing,XGBoost,0,23699.834936134048,0.9279797673225403
15_ames_housing,XGBoost,1,24279.002285926003,0.9283604025840759
15_ames_housing,XGBoost,2,21437.61404634387,0.9074431657791138
15_ames_housing,XGBoost,3,27581.34325952962,0.8791110515594482
15_ames_housing,XGBoost,4,21437.402827768106,0.9225785136222839
15_ames_housing,XGBoost,5,25542.561813569133,0.9096550345420837
15_ames_housing,XGBoost,6,27059.516034105265,0.8658616542816162
15_ames_housing,XGBoost,7,24888.57344244543,0.9024165868759155
15_ames_housing,XGBoost,8,23330.095927792496,0.9026849269866943
15_ames_housing,XGBoost,9,22094.3294082441,0.9146430492401123
15_ames_housing,LightGBM,0,31511.270919232225,0.872680308061935
15_ames_housing,LightGBM,1,22927.774811023504,0.9361125750061675
15_ames_housing,LightGBM,2,18276.994391309854,0.9327232394240039
15_ames_housing,LightGBM,3,27343.990494093694,0.8811827409034075
15_ames_housing,LightGBM,4,21630.953587749413,0.9211741720168123
15_ames_housing,LightGBM,5,25688.856344681077,0.9086171751711583
15_ames_housing,LightGBM,6,23442.85106753019,0.8993221702794303
15_ames_housing,LightGBM,7,25402.12745701822,0.8983479575283386
15_ames_housing,LightGBM,8,21729.81612892262,0.9155773058315579
15_ames_housing,LightGBM,9,21319.360910280906,0.9205258951570969
15_ames_housing,CatBoost,0,22330.618743116644,0.9360610862902585
15_ames_housing,CatBoost,1,20603.316185482476,0.9484099648515407
15_ames_housing,CatBoost,2,18663.33462405496,0.929848978365676
15_ames_housing,CatBoost,3,27167.89708600081,0.8827081630957689
15_ames_housing,CatBoost,4,17623.66914223216,0.9476749234589625
15_ames_housing,CatBoost,5,22577.217619266637,0.929414438008078
15_ames_housing,CatBoost,6,20819.63619820611,0.9205929136683161
15_ames_housing,CatBoost,7,21057.372894006938,0.930147122112698
15_ames_housing,CatBoost,8,19300.441992409258,0.9333988674863742
15_ames_housing,CatBoost,9,19012.42265147498,0.9367948884811192
15_ames_housing,TabPFNReg,0,24945.327738877273,0.920211136341095
15_ames_housing,TabPFNReg,1,17678.212579330524,0.9620188474655151
15_ames_housing,TabPFNReg,2,16784.263105659422,0.943263828754425
15_ames_housing,TabPFNReg,3,24172.194273586334,0.9071487188339233
15_ames_housing,TabPFNReg,4,15745.507549774316,0.9582332372665405
15_ames_housing,TabPFNReg,5,22602.238473213223,0.929257869720459
15_ames_housing,TabPFNReg,6,19038.72516740551,0.9335968494415283
15_ames_housing,TabPFNReg,7,19388.921372783996,0.9407779574394226
15_ames_housing,TabPFNReg,8,17531.333320657617,0.9450488090515137
15_ames_housing,TabPFNReg,9,16710.576291678273,0.9511730074882507
16_mhm,Linear,0,453655.0297387878,0.526862967727799
16_mhm,Linear,1,454602.9126949772,0.5382888268510012
16_mhm,Linear,2,477399.52980682335,0.5116969620303256
16_mhm,Linear,3,637769.8908445301,-0.20128377735895775
16_mhm,Linear,4,415127.8612669684,0.4999095061722314
16_mhm,Linear,5,405521.61150462885,0.5506715826849626
16_mhm,Linear,6,545015.6337698482,0.43122688008413546
16_mhm,Linear,7,388307.90687327797,0.5258209893865277
16_mhm,Linear,8,404001.3041531574,0.5423491748197871
16_mhm,Linear,9,442497.8083690738,0.5265540886682158
16_mhm,Ridge,0,453657.348365468,0.5268581313174081
16_mhm,Ridge,1,454608.24286687985,0.5382779997564929
16_mhm,Ridge,2,477402.98787996237,0.5116898878979499
16_mhm,Ridge,3,637730.5048782764,-0.20113540954778353
16_mhm,Ridge,4,415120.4511013214,0.49992735956473566
16_mhm,Ridge,5,405522.04664223926,0.5506706183970274
16_mhm,Ridge,6,545017.04501006,0.43122393456665786
16_mhm,Ridge,7,388301.5023448666,0.5258366309320507
16_mhm,Ridge,8,404003.2360245573,0.5423447979791922
16_mhm,Ridge,9,442498.6968406923,0.5265521874444383
16_mhm,Lasso,0,453655.03930593084,0.5268629477717997
16_mhm,Lasso,1,454603.1268215997,0.5382883919014019
16_mhm,Lasso,2,477399.8151685482,0.511696378271733
16_mhm,Lasso,3,637755.4089734443,-0.2012292227632153
16_mhm,Lasso,4,415127.5353226952,0.49991029148000643
16_mhm,Lasso,5,405521.62727607304,0.550671547734627
16_mhm,Lasso,6,545015.6651180175,0.43122681465483226
16_mhm,Lasso,7,388307.6079950983,0.5258217193315146
16_mhm,Lasso,8,404001.29222768074,0.5423492018380371
16_mhm,Lasso,9,442497.8930251858,0.5265539075143517
16_mhm,ElasticNet,0,490292.5528986384,0.4473552173751658
16_mhm,ElasticNet,1,493521.30346819665,0.455851088239529
16_mhm,ElasticNet,2,510062.39345544216,0.4425934581974773
16_mhm,ElasticNet,3,592843.9171364811,-0.038002319274501595
16_mhm,ElasticNet,4,433329.91316321556,0.4550932662040693
16_mhm,ElasticNet,5,440540.84524493583,0.4697163471079564
16_mhm,ElasticNet,6,571163.4389602094,0.37534252293537884
16_mhm,ElasticNet,7,405943.6271862493,0.4817714751675275
16_mhm,ElasticNet,8,436095.45112346683,0.4667488154313777
16_mhm,ElasticNet,9,472464.0884815812,0.4602586016232568
16_mhm,KNN,0,477462.70129315846,0.4758997312971317
16_mhm,KNN,1,524754.6174840305,0.38479693011237637
16_mhm,KNN,2,490086.9738802868,0.4853976426837775
16_mhm,KNN,3,407487.4904419444,0.5096048694844704
16_mhm,KNN,4,444409.05426815903,0.4268733117686928
16_mhm,KNN,5,453971.75322113227,0.4368896103165658
16_mhm,KNN,6,540082.7743098466,0.4414760575213903
16_mhm,KNN,7,410943.8439725608,0.4689262734912242
16_mhm,KNN,8,453579.02216908993,0.42313440680428216
16_mhm,KNN,9,480883.7406543567,0.4408500264147015
16_mhm,RandomForest,0,359049.8953005195,0.7036225960225271
16_mhm,RandomForest,1,305539.53214075655,0.7914353144668046
16_mhm,RandomForest,2,302200.73343710514,0.804333498267154
16_mhm,RandomForest,3,250802.35909892322,0.8142277581593549
16_mhm,RandomForest,4,291090.5206325125,0.7541099468034513
16_mhm,RandomForest,5,291385.0616032771,0.7680093701370618
16_mhm,RandomForest,6,384691.10233886266,0.7166355095612849
16_mhm,RandomForest,7,273673.28376440535,0.7644654266245652
16_mhm,RandomForest,8,292559.7158675742,0.7600074464252238
16_mhm,RandomForest,9,305236.4495419646,0.7747208966923915
16_mhm,SVR,0,684359.1890198143,-0.07672224782615289
16_mhm,SVR,1,699739.9949456711,-0.09390435537387187
16_mhm,SVR,2,708162.32988505,-0.07446208404814914
16_mhm,SVR,3,603395.9950342234,-0.07528214423924395
16_mhm,SVR,4,604922.7577417226,-0.061902594554656964
16_mhm,SVR,5,624080.6894882405,-0.06418557370360811
16_mhm,SVR,6,741715.5783779504,-0.05340638037893708
16_mhm,SVR,7,581824.6243694659,-0.06456958457701778
16_mhm,SVR,8,618979.719507783,-0.07429005502258201
16_mhm,SVR,9,672182.716023996,-0.09250341859718358
16_mhm,MLP,0,729080.2076966417,-0.22204190364111875
16_mhm,MLP,1,745100.5538060245,-0.24032566076911221
16_mhm,MLP,2,752293.0014150292,-0.21254955221315264
16_mhm,MLP,3,694342.3292132971,-0.42385207183542417
16_mhm,MLP,4,674216.1896090279,-0.3191166096433442
16_mhm,MLP,5,685891.5669661328,-0.2854251839687765
16_mhm,MLP,6,793234.0581468511,-0.20482466180200665
16_mhm,MLP,7,677761.3424447451,-0.4445861507047293
16_mhm,MLP,8,687959.2581462123,-0.3270709873764772
16_mhm,MLP,9,714387.7216702438,-0.23400263068689364
16_mhm,XGBoost,0,329354.42306622816,0.7506195058521128
16_mhm,XGBoost,1,309853.78388714866,0.7855038188348065
16_mhm,XGBoost,2,298915.17336358334,0.8085649859898295
16_mhm,XGBoost,3,257002.0787849844,0.8049298311331232
16_mhm,XGBoost,4,276169.17208924383,0.7786725750690477
16_mhm,XGBoost,5,281172.7797972303,0.7839857373927419
16_mhm,XGBoost,6,381876.08035865496,0.7207674414722001
16_mhm,XGBoost,7,258639.96215658786,0.789631304221421
16_mhm,XGBoost,8,290795.97876220086,0.7628923812689374
16_mhm,XGBoost,9,301553.87563026213,0.7801239374310861
16_mhm,LightGBM,0,316153.2850678949,0.7702101305319516
16_mhm,LightGBM,1,295663.1276247114,0.8047008784620722
16_mhm,LightGBM,2,292232.6046867214,0.8170287772631042
16_mhm,LightGBM,3,238030.19522894456,0.8326669630499075
16_mhm,LightGBM,4,268987.92371297197,0.7900333106618365
16_mhm,LightGBM,5,260175.18675560495,0.8150443392819593
16_mhm,LightGBM,6,388818.1133996128,0.7105229617610889
16_mhm,LightGBM,7,246991.50083313198,0.8081535017129903
16_mhm,LightGBM,8,276755.0002609709,0.78523689805454
16_mhm,LightGBM,9,278157.1401750284,0.8129194890306237
16_mhm,CatBoost,0,310430.8414719834,0.7784533410290678
16_mhm,CatBoost,1,293233.4828789725,0.8078974747315175
16_mhm,CatBoost,2,282659.61389499466,0.8288200184778534
16_mhm,CatBoost,3,231246.736306352,0.8420684812898246
16_mhm,CatBoost,4,255955.87579967215,0.8098855870778316
16_mhm,CatBoost,5,261678.6041852451,0.8129006378334778
16_mhm,CatBoost,6,381978.2267246721,0.7206180400968001
16_mhm,CatBoost,7,239789.97035753494,0.8191777427488736
16_mhm,CatBoost,8,273269.46756022616,0.7906124106863063
16_mhm,CatBoost,9,270844.59554574225,0.8226266083824438
16_mhm,TabPFNReg,0,297735.9828047357,0.7962028391070552
16_mhm,TabPFNReg,1,288123.9050506356,0.8145338994298512
16_mhm,TabPFNReg,2,292122.1758022257,0.8171670335021808
16_mhm,TabPFNReg,3,214866.6919654077,0.8636497989166483
16_mhm,TabPFNReg,4,252625.61921247715,0.8148005821336559
16_mhm,TabPFNReg,5,259009.18605540565,0.8166984184841254
16_mhm,TabPFNReg,6,375026.5310103288,0.7306945585919838
16_mhm,TabPFNReg,7,220018.62038498014,0.8477670257059677
16_mhm,TabPFNReg,8,262827.2608746232,0.806308958874459
16_mhm,TabPFNReg,9,269613.05768100143,0.8242359845379426
17_texas,Linear,0,2501566.541293485,-85.79158874474086
17_texas,Linear,1,360366.96521444235,-0.7042613664225033
17_texas,Linear,2,4037906.0278405934,-0.016084010387003023
17_texas,Linear,3,316859.34109065897,-0.7095582390810298
17_texas,Linear,4,301273.1073177816,-0.048855924944466
17_texas,Linear,5,330429.9479178681,0.05414929763697063
17_texas,Linear,6,436612.6186821046,0.2832132031616551
17_texas,Linear,7,326469.53437838063,-0.05876571985928347
17_texas,Linear,8,348465.6795865343,-0.9141741548694087
17_texas,Linear,9,583598.8109572971,-0.38222992523077437
17_texas,Ridge,0,2503195.7237397763,-85.90467418519903
17_texas,Ridge,1,355601.24152562715,-0.6594829376435463
17_texas,Ridge,2,4038664.1495023575,-0.016465588168626644
17_texas,Ridge,3,322463.03833879455,-0.7705604311804857
17_texas,Ridge,4,297435.6686358728,-0.02230667993262636
17_texas,Ridge,5,330973.4011710764,0.0510354857704679
17_texas,Ridge,6,434863.16045652743,0.2889458650582263
17_texas,Ridge,7,324527.8114442762,-0.04620886050266004
17_texas,Ridge,8,345523.6438093103,-0.8819885136854648
17_texas,Ridge,9,574916.9774381284,-0.3414106861322197
17_texas,Lasso,0,2501539.251196013,-85.78969510093165
17_texas,Lasso,1,360351.86770866485,-0.7041185699992414
17_texas,Lasso,2,4037907.495962621,-0.016084749252929464
17_texas,Lasso,3,316862.8269787254,-0.709595854266521
17_texas,Lasso,4,301269.5624931201,-0.0488312430967639
17_texas,Lasso,5,330428.9360195272,0.054155090715333754
17_texas,Lasso,6,436611.0441696346,0.2832183729055735
17_texas,Lasso,7,326466.1675456133,-0.05874388217850712
17_texas,Lasso,8,348462.5971433098,-0.914140290374835
17_texas,Lasso,9,583593.3815639177,-0.38220420675789546
17_texas,ElasticNet,0,1301535.0551032126,-22.49444870113504
17_texas,ElasticNet,1,298937.3918138272,-0.17275349641144921
17_texas,ElasticNet,2,4039976.400556275,-0.01712623965630078
17_texas,ElasticNet,3,309656.6279333616,-0.6327196935466886
17_texas,ElasticNet,4,269498.3607964865,0.16071906422131665
17_texas,ElasticNet,5,322917.87415773555,0.09666683265928233
17_texas,ElasticNet,6,439755.034485841,0.2728582671347851
17_texas,ElasticNet,7,305492.9291296881,0.07292071514950582
17_texas,ElasticNet,8,292247.89428257546,-0.3463693230747791
17_texas,ElasticNet,9,503897.66016136087,-0.03047195792496593
17_texas,KNN,0,280014.70983956964,-0.08746480985880534
17_texas,KNN,1,930842.8127359132,-10.371007708286932
17_texas,KNN,2,3996081.643997081,0.00485604926661376
17_texas,KNN,3,238384.53947244817,0.03237508539687395
17_texas,KNN,4,855607.7853043872,-7.459497327791407
17_texas,KNN,5,1029150.3091695588,-8.17532390452994
17_texas,KNN,6,1058314.9780105248,-3.2114079806848057
17_texas,KNN,7,311830.6205797551,0.034055731581814186
17_texas,KNN,8,841583.5276282092,-10.164926778848134
17_texas,KNN,9,945216.4072178543,-2.625884765201499
17_texas,RandomForest,0,412613.9434064897,-1.3612464561304387
17_texas,RandomForest,1,454044.08927663724,-1.7054674123515046
17_texas,RandomForest,2,4071886.5535913915,-0.03325744032576483
17_texas,RandomForest,3,221591.90522053404,0.16389917126893727
17_texas,RandomForest,4,209180.9064393494,0.49436260701352286
17_texas,RandomForest,5,334191.85583342396,0.032489892130714626
17_texas,RandomForest,6,382223.3986634265,0.4506717038992921
17_texas,RandomForest,7,327993.5818333521,-0.06867399864782064
17_texas,RandomForest,8,1260401.5335487665,-24.04259167207049
17_texas,RandomForest,9,412296.17392698256,0.3101254819853001
17_texas,SVR,0,272212.51253980794,-0.027707882373164017
17_texas,SVR,1,280573.05764822516,-0.03309006358763833
17_texas,SVR,2,4049454.066943359,-0.021904134265222197
17_texas,SVR,3,242840.56172614207,-0.004137828620568662
17_texas,SVR,4,299977.1743734263,-0.039851978036173685
17_texas,SVR,5,366557.481097285,-0.16398654937677026
17_texas,SVR,6,538154.7233491236,-0.08895953854804173
17_texas,SVR,7,358355.31358223513,-0.2756814744991396
17_texas,SVR,8,255234.5208087487,-0.02692860740549019
17_texas,SVR,9,508242.3514908279,-0.04831837405301753
17_texas,MLP,0,495155.80686965556,-2.400456881936451
17_texas,MLP,1,504564.51413739746,-2.3410245068003377
17_texas,MLP,2,4120798.404669461,-0.05822968352734614
17_texas,MLP,3,457141.9223562896,-2.558385299070034
17_texas,MLP,4,524035.23461924173,-2.173336153787365
17_texas,MLP,5,608490.2442550672,-2.207532209947118
17_texas,MLP,6,736748.9292350882,-1.0409692298875837
17_texas,MLP,7,616292.3984751687,-2.7730118913128177
17_texas,MLP,8,484101.14500847895,-2.694312642106608
17_texas,MLP,9,689785.3258235946,-0.9309872078761494
17_texas,XGBoost,0,4042315.419347161,-225.6281824123047
17_texas,XGBoost,1,4072395.7933714944,-216.64375724974641
17_texas,XGBoost,2,4090940.461023802,-0.04295007504454862
17_texas,XGBoost,3,266824.50802239415,-0.212278228146062
17_texas,XGBoost,4,210761.72958893963,0.48669131774439267
17_texas,XGBoost,5,231652.3953843518,0.5351237303089698
17_texas,XGBoost,6,478623.40298844705,0.13863882774430802
17_texas,XGBoost,7,329436.92266855214,-0.07810012597926597
17_texas,XGBoost,8,3988984.136533088,-249.8337926583375
17_texas,XGBoost,9,400564.3713157166,0.3488273819430324
17_texas,LightGBM,0,447097.76712045894,-1.772416795140809
17_texas,LightGBM,1,460846.9381175732,-1.7871456660300025
17_texas,LightGBM,2,4038335.8448808515,-0.0163003370984105
17_texas,LightGBM,3,255591.4478604978,-0.11235524558267063
17_texas,LightGBM,4,242991.8881090771,0.3176948433440492
17_texas,LightGBM,5,508537.46972514066,-1.2403181766486857
17_texas,LightGBM,6,420162.74715644214,0.336207228871627
17_texas,LightGBM,7,456567.22779491125,-1.0707326033354239
17_texas,LightGBM,8,547364.6587914579,-3.722967237614095
17_texas,LightGBM,9,541789.5916020945,-0.19127714393399398
17_texas,CatBoost,0,326455.637789905,-0.4780933582711633
17_texas,CatBoost,1,1720302.9462501106,-37.83793410791169
17_texas,CatBoost,2,4070421.0423418577,-0.032513815528820045
17_texas,CatBoost,3,253951.8220486962,-0.09812944595817563
17_texas,CatBoost,4,301714.1922597619,-0.05192937032182621
17_texas,CatBoost,5,370355.50325115916,-0.18823240357983528
17_texas,CatBoost,6,368848.0452876596,0.4884449184713797
17_texas,CatBoost,7,418512.76892091864,-0.7399308070827557
17_texas,CatBoost,8,1895261.991234761,-55.623920113625275
17_texas,CatBoost,9,406666.4287604331,0.3288367966225876
17_texas,TabPFNReg,0,220809.18883523915,0.3237803230842182
17_texas,TabPFNReg,1,191453.21692042035,0.5189706336595623
17_texas,TabPFNReg,2,4045697.07360789,-0.020008814078368298
17_texas,TabPFNReg,3,205882.28602351903,0.2782466065048431
17_texas,TabPFNReg,4,197642.65026098042,0.5486053161147182
17_texas,TabPFNReg,5,263250.915799623,0.39965130876638566
17_texas,TabPFNReg,6,433807.9201186933,0.2923925705669218
17_texas,TabPFNReg,7,236272.6174950649,0.4454491989446763
17_texas,TabPFNReg,8,227003.165471471,0.18768354079115745
17_texas,TabPFNReg,9,416171.1352745,0.29709698714378185
18_california,Linear,0,69717.90053286694,0.6308103381638279
18_california,Linear,1,71038.1130469709,0.6567193654942941
18_california,Linear,2,69821.88563816411,0.6068867679210901
18_california,Linear,3,69842.6190627127,0.6187697902995003
18_california,Linear,4,65963.63245086027,0.6447361751572673
18_california,Linear,5,67592.70472226362,0.6638251596082412
18_california,Linear,6,66623.52811852496,0.6631846075615926
18_california,Linear,7,73105.54751567142,0.5850625079587205
18_california,Linear,8,74165.27458930446,0.6099178359730029
18_california,Linear,9,70478.5998859958,0.6378928192998352
18_california,Ridge,0,69719.17659610372,0.6307968233085991
18_california,Ridge,1,71041.47505362552,0.6566868719767072
18_california,Ridge,2,69822.31597115162,0.6068819221592957
18_california,Ridge,3,69845.35520420168,0.6187399197064511
18_california,Ridge,4,65963.64354631651,0.6447360556424859
18_california,Ridge,5,67591.86058302352,0.6638335562718597
18_california,Ridge,6,66622.65453590734,0.6631934403013603
18_california,Ridge,7,73102.5225879135,0.5850968454341242
18_california,Ridge,8,74162.6763813857,0.6099451667371668
18_california,Ridge,9,70476.30758833273,0.6379163737957176
18_california,Lasso,0,69718.19816556443,0.6308071859418405
18_california,Lasso,1,71038.51564340056,0.6567154745139874
18_california,Lasso,2,69821.8225763357,0.6068874780258878
18_california,Lasso,3,69843.58623131757,0.6187592318053334
18_california,Lasso,4,65963.86223018753,0.6447337000835996
18_california,Lasso,5,67591.75849315389,0.6638345717539667
18_california,Lasso,6,66623.56505882139,0.6631842340579899
18_california,Lasso,7,73105.31349961947,0.5850651644432576
18_california,Lasso,8,74164.37820518893,0.6099272652198964
18_california,Lasso,9,70478.53108359496,0.6378935262897945
18_california,ElasticNet,0,81825.5070339682,0.49144451740173634
18_california,ElasticNet,1,85323.17832841053,0.5047773271349992
18_california,ElasticNet,2,80989.44115699218,0.4710783792264486
18_california,ElasticNet,3,82821.7321359478,0.463913473078425
18_california,ElasticNet,4,77732.32264727399,0.5066613395798933
18_california,ElasticNet,5,79685.00818640695,0.5327828236930996
18_california,ElasticNet,6,79313.17158078046,0.5226605710841105
18_california,ElasticNet,7,83488.4225619139,0.4588289940044695
18_california,ElasticNet,8,84639.88940049207,0.4919516448377016
18_california,ElasticNet,9,82154.72229856094,0.5079744388938661
18_california,KNN,0,64051.37137830071,0.688385401092646
18_california,KNN,1,64491.91227438461,0.7170713160388806
18_california,KNN,2,67119.8434078078,0.6367242694958144
18_california,KNN,3,63820.929552495545,0.6816736972162647
18_california,KNN,4,62228.04818468277,0.6838346880873785
18_california,KNN,5,62502.14103561317,0.7125546110971049
18_california,KNN,6,58064.199510807346,0.7441687682905281
18_california,KNN,7,66988.4061973518,0.6515974702837554
18_california,KNN,8,64170.81643429044,0.7079682944831116
18_california,KNN,9,62066.46315314351,0.7191744635811048
18_california,RandomForest,0,51165.38235484675,0.801155593708702
18_california,RandomForest,1,52277.47525368484,0.8140930265817825
18_california,RandomForest,2,52711.04781885002,0.7759536802603768
18_california,RandomForest,3,51461.00433206112,0.7930321968209066
18_california,RandomForest,4,49195.70277695172,0.8023957873498125
18_california,RandomForest,5,49416.60444740734,0.8203151927086377
18_california,RandomForest,6,49717.38411281669,0.8124343891593895
18_california,RandomForest,7,51758.326178486925,0.7920099995439907
18_california,RandomForest,8,51887.90925328647,0.8090642643428481
18_california,RandomForest,9,53219.00569439403,0.7935304012261754
18_california,SVR,0,119522.30972775897,-0.08507281947834433
18_california,SVR,1,125296.31045887721,-0.06793061232575259
18_california,SVR,2,114110.8073578034,-0.049997032728712254
18_california,SVR,3,116015.59729140338,-0.051911092708774254
18_california,SVR,4,112261.43173155027,-0.028970714166365097
18_california,SVR,5,118787.07719830748,-0.03825480610159038
18_california,SVR,6,117052.9664853991,-0.03968439281852043
18_california,SVR,7,116092.91924559078,-0.04638974208291691
18_california,SVR,8,121874.57650825911,-0.05337040991879083
18_california,SVR,9,119714.97273409592,-0.044767232658000644
18_california,MLP,0,134015.50380651772,-0.36417792385333647
18_california,MLP,1,136601.23941663033,-0.26933352330580385
18_california,MLP,2,129463.57216697001,-0.3515424394128699
18_california,MLP,3,134863.2580876986,-0.42145648450179163
18_california,MLP,4,126752.65912193159,-0.31176493977609643
18_california,MLP,5,126694.6680932711,-0.18108793573296156
18_california,MLP,6,128534.27582889772,-0.2536450368175467
18_california,MLP,7,133969.17808650318,-0.39345130114355387
18_california,MLP,8,134653.8322716878,-0.2858559277764048
18_california,MLP,9,128632.27490350853,-0.2062088262406705
18_california,XGBoost,0,47608.13646329088,0.8278435515411375
18_california,XGBoost,1,48346.010692323776,0.8410034291269142
18_california,XGBoost,2,51522.68613402494,0.7859419773656836
18_california,XGBoost,3,48860.912324087454,0.8134181400990443
18_california,XGBoost,4,46925.51314705926,0.8202123226388656
18_california,XGBoost,5,48996.885622906266,0.8233545281800818
18_california,XGBoost,6,46122.22998861966,0.8385800272416548
18_california,XGBoost,7,52028.576807393736,0.7898323335186396
18_california,XGBoost,8,49018.60776824589,0.8295971635040602
18_california,XGBoost,9,50511.5447668257,0.8140038724192966
18_california,LightGBM,0,48214.14168322428,0.8234328894455829
18_california,LightGBM,1,47748.68095264844,0.8449080601963908
18_california,LightGBM,2,50528.88683085125,0.7941200865892395
18_california,LightGBM,3,47852.534872236916,0.8210399175491429
18_california,LightGBM,4,46772.51042832066,0.8213828226955285
18_california,LightGBM,5,48131.701456885115,0.8295378406095494
18_california,LightGBM,6,45633.49745358613,0.8419828639510913
18_california,LightGBM,7,50789.689155335116,0.79972205837305
18_california,LightGBM,8,48449.108689505774,0.8335336493330178
18_california,LightGBM,9,50436.3889698272,0.81455694549884
18_california,CatBoost,0,45032.91403803482,0.845964425813634
18_california,CatBoost,1,44980.59139203881,0.8623688329291855
18_california,CatBoost,2,49691.53040787264,0.8008871629626128
18_california,CatBoost,3,46538.04013431845,0.830736836327671
18_california,CatBoost,4,44822.90082973044,0.8359630143326914
18_california,CatBoost,5,46441.81520837577,0.8412974410927523
18_california,CatBoost,6,43298.18311674573,0.8577422219188706
18_california,CatBoost,7,48718.6772625933,0.8157222137119258
18_california,CatBoost,8,47594.37988042192,0.8393553670564415
18_california,CatBoost,9,48689.26436739366,0.8271819791233664
18_california,TabPFNReg,0,41160.29139475786,0.8713179971285121
18_california,TabPFNReg,1,41954.86096380239,0.880262263864203
18_california,TabPFNReg,2,43808.54115693814,0.8452423600888758
18_california,TabPFNReg,3,42132.64213179666,0.8612657587277084
18_california,TabPFNReg,4,42168.11079353459,0.8548188776427548
18_california,TabPFNReg,5,41740.38040672071,0.8718028522551831
18_california,TabPFNReg,6,39950.853441181025,0.8788875476412342
18_california,TabPFNReg,7,44980.23160933255,0.8429183754100902
18_california,TabPFNReg,8,42752.84235832527,0.8703761662061271
18_california,TabPFNReg,9,45263.23777825634,0.8506470397826869
19_housing_yasser,Linear,0,1217248.260553375,0.6811028422155181
19_housing_yasser,Linear,1,1437471.9298551104,0.5879935553994888
19_housing_yasser,Linear,2,1073460.1655057946,0.5128658047367709
19_housing_yasser,Linear,3,1185907.5969164663,0.7210631862334653
19_housing_yasser,Linear,4,909386.4863799158,0.4843342329064708
19_housing_yasser,Linear,5,854131.3694661496,0.511163591294451
19_housing_yasser,Linear,6,761976.9220057371,0.7552420903503643
19_housing_yasser,Linear,7,1213265.9872772393,0.6059421386572803
19_housing_yasser,Linear,8,1038275.3480256001,0.7115158681428129
19_housing_yasser,Linear,9,1177159.7815451797,0.5135034149580411
19_housing_yasser,Ridge,0,1218270.4811315676,0.680567010496284
19_housing_yasser,Ridge,1,1439367.080593718,0.5869064676991471
19_housing_yasser,Ridge,2,1074284.6050036964,0.5121172592244879
19_housing_yasser,Ridge,3,1185343.5627115546,0.7213284556190959
19_housing_yasser,Ridge,4,907242.7058201346,0.48676262005588233
19_housing_yasser,Ridge,5,851232.2398160377,0.5144764188432689
19_housing_yasser,Ridge,6,762573.2769672811,0.7548588249054655
19_housing_yasser,Ridge,7,1210887.5037223543,0.6074856442883552
19_housing_yasser,Ridge,8,1036240.5292871705,0.7126455062537493
19_housing_yasser,Ridge,9,1177587.1380285718,0.5131501150705919
19_housing_yasser,Lasso,0,1217248.7320242634,0.6811025951816791
19_housing_yasser,Lasso,1,1437474.5729758402,0.5879920402620409
19_housing_yasser,Lasso,2,1073459.7860443713,0.5128661491344639
19_housing_yasser,Lasso,3,1185907.7213114437,0.7210631277156844
19_housing_yasser,Lasso,4,909384.4292873513,0.48433656584418516
19_housing_yasser,Lasso,5,854129.7673392534,0.5111654251510488
19_housing_yasser,Lasso,6,761977.1177018,0.7552419646295871
19_housing_yasser,Lasso,7,1213265.1818052658,0.6059426618771864
19_housing_yasser,Lasso,8,1038274.3017466802,0.7115164495583581
19_housing_yasser,Lasso,9,1177160.6509986317,0.5135026963023444
19_housing_yasser,ElasticNet,0,1382992.4325110288,0.5883463876497866
19_housing_yasser,ElasticNet,1,1603679.0423209807,0.4872092635412052
19_housing_yasser,ElasticNet,2,1106508.183398323,0.48240984036078594
19_housing_yasser,ElasticNet,3,1415577.1506419776,0.6025603229593466
19_housing_yasser,ElasticNet,4,880145.9241629731,0.5169626943737327
19_housing_yasser,ElasticNet,5,868814.1925549186,0.4942125913717206
19_housing_yasser,ElasticNet,6,804428.7876602063,0.7272100868965526
19_housing_yasser,ElasticNet,7,1288067.6406292308,0.5558544755697068
19_housing_yasser,ElasticNet,8,1147165.3272419,0.6478328289672697
19_housing_yasser,ElasticNet,9,1160987.1105455896,0.5267792702009784
19_housing_yasser,KNN,0,1440377.192898658,0.5534760113505318
19_housing_yasser,KNN,1,1553529.827435479,0.5187791279234203
19_housing_yasser,KNN,2,1024709.5602847579,0.5561069689886871
19_housing_yasser,KNN,3,1443195.4224956885,0.5869007382489828
19_housing_yasser,KNN,4,930358.3205400927,0.46027591222951625
19_housing_yasser,KNN,5,776962.8748805136,0.5955035304470646
19_housing_yasser,KNN,6,888376.4957577473,0.6673042763235139
19_housing_yasser,KNN,7,1338032.766050551,0.5207286727286619
19_housing_yasser,KNN,8,1108338.8013252253,0.6712680472892139
19_housing_yasser,KNN,9,1237818.0782754612,0.46207391171769974
19_housing_yasser,RandomForest,0,1368073.215681322,0.5971800196527608
19_housing_yasser,RandomForest,1,1512827.831349466,0.5436644795331496
19_housing_yasser,RandomForest,2,1329003.453436166,0.25332954074688596
19_housing_yasser,RandomForest,3,1145712.4044393983,0.7396513298057303
19_housing_yasser,RandomForest,4,884978.0553617362,0.5116442424070718
19_housing_yasser,RandomForest,5,888238.32127938,0.47134394340092434
19_housing_yasser,RandomForest,6,737910.9870646844,0.7704585858480346
19_housing_yasser,RandomForest,7,1212263.7723505488,0.606592890527154
19_housing_yasser,RandomForest,8,1125081.1008433711,0.6612615442071366
19_housing_yasser,RandomForest,9,1142243.427272968,0.5419358535373313
19_housing_yasser,SVR,0,2160948.0366443275,-0.00503450151387419
19_housing_yasser,SVR,1,2562315.7983251973,-0.30909321625263564
19_housing_yasser,SVR,2,1542708.504055765,-0.006107757731812713
19_housing_yasser,SVR,3,2661528.9351360747,-0.4049682741474867
19_housing_yasser,SVR,4,1269197.5852064688,-0.004453376867134873
19_housing_yasser,SVR,5,1221717.9929511268,-0.00012927580571320263
19_housing_yasser,SVR,6,1577318.6471307175,-0.04879829950046233
19_housing_yasser,SVR,7,1995133.0211470597,-0.06559374793331041
19_housing_yasser,SVR,8,1953711.5860904732,-0.021451495206440185
19_housing_yasser,SVR,9,1707886.0798040316,-0.024063205537634413
19_housing_yasser,MLP,0,5029090.49403754,-4.443412223533991
19_housing_yasser,MLP,1,5950219.978309695,-6.059457164257811
19_housing_yasser,MLP,2,4555011.292303672,-7.7711323965473795
19_housing_yasser,MLP,3,6122929.650147002,-6.435713922849161
19_housing_yasser,MLP,4,4637943.016288826,-12.412882673755831
19_housing_yasser,MLP,5,4532464.795554362,-12.765217538619371
19_housing_yasser,MLP,6,4925416.740643808,-9.226783536409467
19_housing_yasser,MLP,7,5205271.841267922,-6.253285641515954
19_housing_yasser,MLP,8,5009356.194378683,-5.715226593904577
19_housing_yasser,MLP,9,4932850.596608435,-7.542891461716575
19_housing_yasser,XGBoost,0,1362536.2816160163,0.6004340648651123
19_housing_yasser,XGBoost,1,1624182.472349705,0.474013090133667
19_housing_yasser,XGBoost,2,1177010.7743262167,0.414350688457489
19_housing_yasser,XGBoost,3,1202979.7653759602,0.7129743099212646
19_housing_yasser,XGBoost,4,929012.924706648,0.4618358016014099
19_housing_yasser,XGBoost,5,1007501.2942840322,0.31984883546829224
19_housing_yasser,XGBoost,6,761703.0384080138,0.7554180026054382
19_housing_yasser,XGBoost,7,1315923.3218755566,0.5364366769790649
19_housing_yasser,XGBoost,8,1334306.8237972853,0.5235599279403687
19_housing_yasser,XGBoost,9,1245244.4195867733,0.45559990406036377
19_housing_yasser,LightGBM,0,1355597.4040206366,0.6044933588930033
19_housing_yasser,LightGBM,1,1444764.3730527337,0.5838026495654631
19_housing_yasser,LightGBM,2,1114973.7317551349,0.47445970308932106
19_housing_yasser,LightGBM,3,1310471.7236765453,0.6593883936557656
19_housing_yasser,LightGBM,4,892446.2411422018,0.5033671551343193
19_housing_yasser,LightGBM,5,810801.3451338763,0.559502831502583
19_housing_yasser,LightGBM,6,748311.0432042113,0.7639427148497809
19_housing_yasser,LightGBM,7,1167985.6514879328,0.6348065617128837
19_housing_yasser,LightGBM,8,1262205.9755409246,0.5736587951010577
19_housing_yasser,LightGBM,9,1220635.32748451,0.47690467959735827
19_housing_yasser,CatBoost,0,1311472.5578421557,0.6298218860150078
19_housing_yasser,CatBoost,1,1383449.7384300283,0.618379202386558
19_housing_yasser,CatBoost,2,1060687.6561687614,0.5243891208804121
19_housing_yasser,CatBoost,3,1292682.319658263,0.6685731026442467
19_housing_yasser,CatBoost,4,809430.1672318948,0.5914642358447819
19_housing_yasser,CatBoost,5,909467.6970454985,0.44577162538392623
19_housing_yasser,CatBoost,6,692872.0270908712,0.7976239310628733
19_housing_yasser,CatBoost,7,1194241.5505027834,0.6182031816204053
19_housing_yasser,CatBoost,8,1170838.8677979868,0.633147817943769
19_housing_yasser,CatBoost,9,1206143.639355514,0.48925158628663357
19_housing_yasser,TabPFNReg,0,1157460.3959496843,0.7116602063179016
19_housing_yasser,TabPFNReg,1,1470221.7962089938,0.5690062046051025
19_housing_yasser,TabPFNReg,2,1140811.4876279954,0.449820339679718
19_housing_yasser,TabPFNReg,3,1180807.7077255212,0.7234570980072021
19_housing_yasser,TabPFNReg,4,856748.0138103619,0.5423035621643066
19_housing_yasser,TabPFNReg,5,763554.8800079795,0.6093437671661377
19_housing_yasser,TabPFNReg,6,749747.4757810126,0.7630355954170227
19_housing_yasser,TabPFNReg,7,1117718.574210879,0.6655641794204712
19_housing_yasser,TabPFNReg,8,1099657.8260531772,0.676397442817688
19_housing_yasser,TabPFNReg,9,1140513.2996260938,0.5433224439620972
20_bangalore,Linear,0,16240269.492515841,0.09020891293752131
20_bangalore,Linear,1,14071845.079310749,0.19778873929115226
20_bangalore,Linear,2,16145364.65675434,0.06309773047677947
20_bangalore,Linear,3,9283139.665535746,0.12044126955470114
20_bangalore,Linear,4,14563088.185766896,0.193293861531186
20_bangalore,Linear,5,8670182.028037777,0.3854234531735946
20_bangalore,Linear,6,13475061.514937064,0.27396694155577117
20_bangalore,Linear,7,12025721.570405105,0.25558736506637725
20_bangalore,Linear,8,11765271.557560371,0.18700206528317986
20_bangalore,Linear,9,8609533.920691812,-0.00865034419727495
20_bangalore,Ridge,0,16227979.596098214,0.09158536885173718
20_bangalore,Ridge,1,14073693.11606058,0.19757801877355374
20_bangalore,Ridge,2,16130604.917014308,0.06480993867124862
20_bangalore,Ridge,3,9255393.175738042,0.12569125964733163
20_bangalore,Ridge,4,14580862.280388575,0.19132350729999137
20_bangalore,Ridge,5,8684624.649095723,0.3833742484481081
20_bangalore,Ridge,6,13494255.084139619,0.27189717880170783
20_bangalore,Ridge,7,12034134.829018848,0.2545454106575734
20_bangalore,Ridge,8,11738342.191032141,0.19071952533118863
20_bangalore,Ridge,9,8615125.250886451,-0.009960874705628786
20_bangalore,Lasso,0,16231186.047029106,0.09122635007333346
20_bangalore,Lasso,1,14081485.051034162,0.19668924698048162
20_bangalore,Lasso,2,16138704.629460657,0.0638705228972758
20_bangalore,Lasso,3,9254461.06359487,0.12586735432882734
20_bangalore,Lasso,4,14593237.257032143,0.18995025526520826
20_bangalore,Lasso,5,8725949.23126455,0.37749203053332125
20_bangalore,Lasso,6,13522353.693177763,0.2688618164829758
20_bangalore,Lasso,7,12046418.627072724,0.2530227939912867
20_bangalore,Lasso,8,11737382.422679638,0.19085185918574576
20_bangalore,Lasso,9,8625130.3977276,-0.01230806622115388
20_bangalore,ElasticNet,0,16368256.384291787,0.07581258029693683
20_bangalore,ElasticNet,1,14516552.826964987,0.146283527490783
20_bangalore,ElasticNet,2,16157710.094300853,0.06166439145839919
20_bangalore,ElasticNet,3,9126837.43222729,0.1498105635315118
20_bangalore,ElasticNet,4,15128510.821644884,0.12943588095601422
20_bangalore,ElasticNet,5,9352154.499321878,0.2849393198574738
20_bangalore,ElasticNet,6,14410332.459188359,0.16968499958137895
20_bangalore,ElasticNet,7,12550858.407645859,0.18915413355145771
20_bangalore,ElasticNet,8,11967687.71810726,0.15878689940798707
20_bangalore,ElasticNet,9,8231709.606431672,0.07793520517480257
20_bangalore,KNN,0,16068417.618423032,0.10936155964025862
20_bangalore,KNN,1,13643603.141848238,0.2458724267081681
20_bangalore,KNN,2,15775122.133589,0.10557478333799719
20_bangalore,KNN,3,9335157.395436132,0.11055650281371565
20_bangalore,KNN,4,13636364.247189814,0.29269685426569014
20_bangalore,KNN,5,7617054.145976902,0.5256557531311654
20_bangalore,KNN,6,12399316.915240128,0.38526151344423976
20_bangalore,KNN,7,11231779.900691036,0.35063539076077777
20_bangalore,KNN,8,11055417.779995041,0.2821464556288037
20_bangalore,KNN,9,8503695.988064906,0.015996123819600472
20_bangalore,RandomForest,0,14817998.503096873,0.2425842920764406
20_bangalore,RandomForest,1,14677218.20595323,0.12728153405070775
20_bangalore,RandomForest,2,15344646.44129451,0.15372337249628454
20_bangalore,RandomForest,3,11096503.172172535,-0.2567455555753415
20_bangalore,RandomForest,4,13912752.4939377,0.2637343805093507
20_bangalore,RandomForest,5,9830492.837563742,0.20992169927871962
20_bangalore,RandomForest,6,13510673.479408704,0.27012434255430784
20_bangalore,RandomForest,7,10364092.981433788,0.4470905049807965
20_bangalore,RandomForest,8,11421402.827725291,0.2338312588083925
20_bangalore,RandomForest,9,13313776.38520797,-1.4120364970363921
20_bangalore,SVR,0,17255312.092069827,-0.027071910510106045
20_bangalore,SVR,1,16027551.912648674,-0.04068920082985761
20_bangalore,SVR,2,17057400.57823166,-0.04574132712017143
20_bangalore,SVR,3,10285735.514275895,-0.07980610923229325
20_bangalore,SVR,4,16726152.055318752,-0.06414420434748314
20_bangalore,SVR,5,11448866.262433248,-0.07162914492148387
20_bangalore,SVR,6,16227223.97383556,-0.052890831574180064
20_bangalore,SVR,7,14426358.93173141,-0.07128472754946968
20_bangalore,SVR,8,13547739.269112706,-0.07800106710255417
20_bangalore,SVR,9,8741125.830616796,-0.039719291737083884
20_bangalore,MLP,0,18850959.19723103,-0.22580706836249376
20_bangalore,MLP,1,17800362.38578405,-0.28364327924376154
20_bangalore,MLP,2,18741957.50576568,-0.2624915265045382
20_bangalore,MLP,3,12628902.949324973,-0.6278197985645007
20_bangalore,MLP,4,18512951.274957776,-0.3036461281074352
20_bangalore,MLP,5,13628881.375309171,-0.5185880392354765
20_bangalore,MLP,6,17979293.836716004,-0.29252854560578445
20_bangalore,MLP,7,16425215.883485798,-0.38871657685683303
20_bangalore,MLP,8,15685450.334793141,-0.44503882193474764
20_bangalore,MLP,9,10921755.206845526,-0.6231783251807008
20_bangalore,XGBoost,0,14385955.549311,0.28610777854919434
20_bangalore,XGBoost,1,14156387.542345963,0.1881205439567566
20_bangalore,XGBoost,2,15845172.045734057,0.0976136326789856
20_bangalore,XGBoost,3,14989252.538206967,-1.293163537979126
20_bangalore,XGBoost,4,13984106.324538583,0.2561628818511963
20_bangalore,XGBoost,5,7931932.025770267,0.48562777042388916
20_bangalore,XGBoost,6,13167541.105005141,0.3067271113395691
20_bangalore,XGBoost,7,10649774.866256658,0.41618889570236206
20_bangalore,XGBoost,8,10725468.877199542,0.32435572147369385
20_bangalore,XGBoost,9,7618186.451057233,0.21025925874710083
20_bangalore,LightGBM,0,15145465.306368362,0.20873773395399986
20_bangalore,LightGBM,1,12926136.763630766,0.3231005570003094
20_bangalore,LightGBM,2,15045015.466210168,0.18645074580257115
20_bangalore,LightGBM,3,9293910.169733262,0.11839911853667717
20_bangalore,LightGBM,4,13685641.680424798,0.28757568580317083
20_bangalore,LightGBM,5,7103783.741211666,0.5874286979763464
20_bangalore,LightGBM,6,12537564.568814158,0.3714768936128525
20_bangalore,LightGBM,7,10651957.27413907,0.4159496635873222
20_bangalore,LightGBM,8,10382163.52836849,0.36691611151759573
20_bangalore,LightGBM,9,7393522.252344913,0.2561521247972637
20_bangalore,CatBoost,0,14219092.275415896,0.3025726737365986
20_bangalore,CatBoost,1,13294464.038803114,0.28397476135232225
20_bangalore,CatBoost,2,15564225.612894522,0.12932994239130902
20_bangalore,CatBoost,3,13658621.240556747,-0.9040958162949002
20_bangalore,CatBoost,4,13627148.46547011,0.29365255604273155
20_bangalore,CatBoost,5,7200417.127714593,0.5761278677189778
20_bangalore,CatBoost,6,12295983.786729818,0.39546500430770315
20_bangalore,CatBoost,7,10406241.89654726,0.4425841920589818
20_bangalore,CatBoost,8,10375087.463747384,0.36777878640943074
20_bangalore,CatBoost,9,7357687.510989518,0.2633451779767444
20_bangalore,TabPFNReg,0,15334790.55101986,0.18883174657821655
20_bangalore,TabPFNReg,1,12845342.690678205,0.3315359354019165
20_bangalore,TabPFNReg,2,15113245.382991966,0.17905503511428833
20_bangalore,TabPFNReg,3,8077908.099707993,0.3340020179748535
20_bangalore,TabPFNReg,4,13484484.269450426,0.30836474895477295
20_bangalore,TabPFNReg,5,6933378.7021613065,0.6069847345352173
20_bangalore,TabPFNReg,6,12727997.555368716,0.35223865509033203
20_bangalore,TabPFNReg,7,10367029.000259621,0.4467771649360657
20_bangalore,TabPFNReg,8,10278135.248595243,0.379539430141449
20_bangalore,TabPFNReg,9,6946388.515148861,0.34340208768844604
21_delhi,Linear,0,25910545.234509543,0.27387076744088157
21_delhi,Linear,1,47746290.60580128,-0.006697573906559784
21_delhi,Linear,2,47537776.79028751,0.09579217079835722
21_delhi,Linear,3,53380443.53842205,0.18790930243813708
21_delhi,Linear,4,37323114.900016986,0.2843849060170167
21_delhi,Linear,5,45261472.35728385,0.24569353559827056
21_delhi,Linear,6,33928854.50834797,-0.019703944626812797
21_delhi,Linear,7,26795514.776120495,0.24146089867422726
21_delhi,Linear,8,48331950.18552878,0.024276683704061885
21_delhi,Linear,9,46131707.34383709,0.26844787025885175
21_delhi,Ridge,0,25909041.2503347,0.273955061705595
21_delhi,Ridge,1,47741419.98885271,-0.006492197190892224
21_delhi,Ridge,2,47535788.74769586,0.09586779764544118
21_delhi,Ridge,3,53376890.66057792,0.18801740056687055
21_delhi,Ridge,4,37316469.43200039,0.2846397172169598
21_delhi,Ridge,5,45267978.131633334,0.24547667564753184
21_delhi,Ridge,6,33913140.53091195,-0.018759621903062795
21_delhi,Ridge,7,26795314.794314347,0.24147222097609167
21_delhi,Ridge,8,48317348.7460123,0.024866141107551698
21_delhi,Ridge,9,46121858.02540019,0.2687602159799881
21_delhi,Lasso,0,25911858.687851984,0.2737971479139858
21_delhi,Lasso,1,47738711.6223242,-0.0063780040036234276
21_delhi,Lasso,2,47538622.00929252,0.09576001698353809
21_delhi,Lasso,3,53378754.931766555,0.1879606800579685
21_delhi,Lasso,4,37319572.53051832,0.28452073888039053
21_delhi,Lasso,5,45279266.80169014,0.24510031128396936
21_delhi,Lasso,6,33912910.75333371,-0.01874581679259335
21_delhi,Lasso,7,26800648.775181737,0.24117019986565635
21_delhi,Lasso,8,48317182.40165192,0.024872855372429004
21_delhi,Lasso,9,46120353.70046236,0.2688079158928013
21_delhi,ElasticNet,0,26623540.97519697,0.23335827761076744
21_delhi,ElasticNet,1,47037290.19251389,0.02297801512322606
21_delhi,ElasticNet,2,47506973.095997475,0.09696361461850633
21_delhi,ElasticNet,3,54995579.26734909,0.1380228738827588
21_delhi,ElasticNet,4,39435070.53375563,0.20110634376122982
21_delhi,ElasticNet,5,46793316.42883838,0.19377153465642116
21_delhi,ElasticNet,6,32834257.730813973,0.04502916102690069
21_delhi,ElasticNet,7,27722287.23196624,0.1880825395658674
21_delhi,ElasticNet,8,46572772.90926203,0.09401243396406722
21_delhi,ElasticNet,9,47983728.11115013,0.20853047425437377
21_delhi,KNN,0,27177053.391440425,0.2011494247050417
21_delhi,KNN,1,46913852.103643544,0.028099206456680292
21_delhi,KNN,2,48587603.67971109,0.055414032342503194
21_delhi,KNN,3,56293986.380200036,0.09684105606460747
21_delhi,KNN,4,38871004.85084802,0.2237970945183344
21_delhi,KNN,5,51732329.70626568,0.014595483890393668
21_delhi,KNN,6,34247699.25268183,-0.038959232310869396
21_delhi,KNN,7,30935066.60999851,-0.011010984459520534
21_delhi,KNN,8,47283387.350639194,0.06615411819002304
21_delhi,KNN,9,46326700.36046594,0.2622504393978501
21_delhi,RandomForest,0,26097331.828073174,0.26336384211977026
21_delhi,RandomForest,1,53080202.33527443,-0.244184788356824
21_delhi,RandomForest,2,51461272.50761537,-0.0596234744278743
21_delhi,RandomForest,3,54745846.290231235,0.14583351478940765
21_delhi,RandomForest,4,34767467.68462212,0.379031102758039
21_delhi,RandomForest,5,51064090.8843669,0.03988847375985782
21_delhi,RandomForest,6,35633609.934676215,-0.12474830614325327
21_delhi,RandomForest,7,28691458.71468566,0.13032092444771703
21_delhi,RandomForest,8,53639323.23716976,-0.20177903729601598
21_delhi,RandomForest,9,48939166.60487134,0.17669763812915296
21_delhi,SVR,0,31287324.135008782,-0.05876032858610958
21_delhi,SVR,1,48650756.950558156,-0.04519891806505849
21_delhi,SVR,2,51455911.197659135,-0.05940269971008494
21_delhi,SVR,3,60647938.866819546,-0.048267862176432974
21_delhi,SVR,4,45256882.767376356,-0.05218717217994917
21_delhi,SVR,5,53186610.66981405,-0.041585933246510054
21_delhi,SVR,6,34865442.3649209,-0.07677772810075334
21_delhi,SVR,7,31563340.25687745,-0.05249411791226799
21_delhi,SVR,8,50227762.52799412,-0.053769706353070656
21_delhi,SVR,9,55427154.9876728,-0.05606681808718905
21_delhi,MLP,0,32365460.803317033,-0.1329856426365883
21_delhi,MLP,1,49513854.7032547,-0.08261296498622461
21_delhi,MLP,2,52425363.590578265,-0.09969798976741129
21_delhi,MLP,3,61476846.25368667,-0.07711814016264196
21_delhi,MLP,4,46210936.295840345,-0.09701676505105028
21_delhi,MLP,5,54097259.95676906,-0.07755888376675135
21_delhi,MLP,6,35977631.92844174,-0.14657073659926834
21_delhi,MLP,7,32608818.43660875,-0.12337275941367931
21_delhi,MLP,8,51105754.6587155,-0.09093193790972509
21_delhi,MLP,9,56373126.04613866,-0.09242205401468961
21_delhi,XGBoost,0,26744013.273631167,0.22640442848205566
21_delhi,XGBoost,1,58592164.29109026,-0.5159987211227417
21_delhi,XGBoost,2,56686090.00507522,-0.28571152687072754
21_delhi,XGBoost,3,57654576.6638843,0.05265605449676514
21_delhi,XGBoost,4,36100421.724292144,0.33050352334976196
21_delhi,XGBoost,5,67895355.3049934,-0.6973468065261841
21_delhi,XGBoost,6,36197736.6968365,-0.16064274311065674
21_delhi,XGBoost,7,29311952.475629594,0.09229815006256104
21_delhi,XGBoost,8,47942254.864764966,0.039947450160980225
21_delhi,XGBoost,9,54160139.03981207,-0.008337140083312988
21_delhi,LightGBM,0,26231968.03758549,0.25574362023066566
21_delhi,LightGBM,1,48570233.04226555,-0.04174187625005121
21_delhi,LightGBM,2,48416293.11788804,0.062063147415687525
21_delhi,LightGBM,3,51969648.86564912,0.23026764044931436
21_delhi,LightGBM,4,33706207.555079244,0.4163620677079609
21_delhi,LightGBM,5,49666429.43191865,0.09172710663045347
21_delhi,LightGBM,6,34690443.02715876,-0.06599556262053574
21_delhi,LightGBM,7,26647991.57607664,0.24979020877999103
21_delhi,LightGBM,8,47642315.21054268,0.051922672020973115
21_delhi,LightGBM,9,47232462.46740977,0.23312002267925513
21_delhi,CatBoost,0,28856869.765393272,0.09934335827744067
21_delhi,CatBoost,1,52428854.9362707,-0.2138373405079148
21_delhi,CatBoost,2,49129566.34841675,0.03422404084475339
21_delhi,CatBoost,3,60027087.18750918,-0.02691552390515617
21_delhi,CatBoost,4,39895775.857576765,0.18233095027799118
21_delhi,CatBoost,5,56866710.51506743,-0.19071188541226092
21_delhi,CatBoost,6,34629435.01744531,-0.06224945412331451
21_delhi,CatBoost,7,25052654.095183183,0.3369271475769662
21_delhi,CatBoost,8,53768691.594798066,-0.2075829757612775
21_delhi,CatBoost,9,51942806.388072945,0.07253603922627905
21_delhi,TabPFNReg,0,27104817.55192962,0.20539045333862305
21_delhi,TabPFNReg,1,46460413.60483998,0.04679596424102783
21_delhi,TabPFNReg,2,48494506.15846112,0.05903041362762451
21_delhi,TabPFNReg,3,57733473.2226158,0.05006152391433716
21_delhi,TabPFNReg,4,41820009.9601618,0.10155385732650757
21_delhi,TabPFNReg,5,49585352.462350085,0.09469014406204224
21_delhi,TabPFNReg,6,31837407.812921453,0.1021348237991333
21_delhi,TabPFNReg,7,27281473.109748892,0.21369796991348267
21_delhi,TabPFNReg,8,47489707.25056182,0.057986557483673096
21_delhi,TabPFNReg,9,51455370.35332176,0.08986127376556396
23_spp,Linear,0,658.3699129228403,0.022570216204209514
23_spp,Linear,1,768.6672223437191,0.1456687196861074
23_spp,Linear,2,866.152357331434,-0.07123333871046311
23_spp,Linear,3,718.1438659927074,-0.09630634216360301
23_spp,Linear,4,850.343186367816,0.06180960801025792
23_spp,Linear,5,749.9209902375306,0.014755280395690296
23_spp,Linear,6,809.8793384622855,0.07205930729234844
23_spp,Linear,7,732.457444550839,0.12173642597383783
23_spp,Linear,8,769.9432227986292,-0.1796260236153846
23_spp,Linear,9,812.3497257226522,0.05856293126941525
23_spp,Ridge,0,657.3004366153633,0.025743170909206747
23_spp,Ridge,1,768.692045786746,0.14561353901576146
23_spp,Ridge,2,858.8491598976791,-0.05324471158441213
23_spp,Ridge,3,717.9034656152556,-0.09557248267240848
23_spp,Ridge,4,842.5091193693155,0.07901675463947633
23_spp,Ridge,5,749.2192805311261,0.016598227418489597
23_spp,Ridge,6,807.5942518776924,0.07728831690543059
23_spp,Ridge,7,729.8466536614163,0.12798627982168875
23_spp,Ridge,8,769.6019005851947,-0.17858037944758443
23_spp,Ridge,9,802.5860505881733,0.08105729921103699
23_spp,Lasso,0,657.2400455560824,0.025922187066127256
23_spp,Lasso,1,769.098870699242,0.14470894353363495
23_spp,Lasso,2,859.0080973184994,-0.05363457163242358
23_spp,Lasso,3,717.4478220144628,-0.09418223398276004
23_spp,Lasso,4,842.6791781072392,0.07864491995758949
23_spp,Lasso,5,749.0620844494579,0.017010845438838462
23_spp,Lasso,6,807.9943049113803,0.07637393438001394
23_spp,Lasso,7,729.9480909968033,0.12774387028355005
23_spp,Lasso,8,769.1044220245354,-0.17705717902615303
23_spp,Lasso,9,802.7874048606518,0.08059614928313397
23_spp,ElasticNet,0,655.1953601891335,0.031973506013914466
23_spp,ElasticNet,1,784.3547307447343,0.1104412743491211
23_spp,ElasticNet,2,846.0610063718317,-0.022112868072325265
23_spp,ElasticNet,3,703.0982963493923,-0.05085091598931046
23_spp,ElasticNet,4,849.6441881988019,0.06335139452522343
23_spp,ElasticNet,5,743.2399973640934,0.03223203304215705
23_spp,ElasticNet,6,814.0451067750279,0.06248867760042631
23_spp,ElasticNet,7,741.4707201367296,0.099988440030358
23_spp,ElasticNet,8,744.6427887207818,-0.1033744417710889
23_spp,ElasticNet,9,805.8887085756684,0.07347880243478444
23_spp,KNN,0,835.3787711272056,-0.5736657273151007
23_spp,KNN,1,944.0581278448907,-0.28868583456384767
23_spp,KNN,2,925.7069649732576,-0.2236087093781176
23_spp,KNN,3,833.6408504266091,-0.47729419684556573
23_spp,KNN,4,1025.364658914086,-0.3641407985280918
23_spp,KNN,5,839.898006864812,-0.23585124086061682
23_spp,KNN,6,925.2801535646623,-0.21122848373058423
23_spp,KNN,7,890.984064156394,-0.2995708124446257
23_spp,KNN,8,879.6670044452488,-0.5397972805240341
23_spp,KNN,9,923.3836130093459,-0.216380765690098
23_spp,RandomForest,0,874.710696644119,-0.7253392094471989
23_spp,RandomForest,1,1003.4736573854198,-0.45600053877568714
23_spp,RandomForest,2,939.1454639772085,-0.25939286145442697
23_spp,RandomForest,3,920.0530840850039,-0.7994292959179246
23_spp,RandomForest,4,1037.4976462277273,-0.3966151504113129
23_spp,RandomForest,5,872.2131842391248,-0.33277976648214924
23_spp,RandomForest,6,919.5276767190677,-0.1962148577052416
23_spp,RandomForest,7,925.7773630796473,-0.4030501368664463
23_spp,RandomForest,8,964.870135680124,-0.8525275387770577
23_spp,RandomForest,9,952.6914090396151,-0.29482094537303327
23_spp,SVR,0,690.0450492569057,-0.07374339636072125
23_spp,SVR,1,833.2141925393478,-0.0038363114082959893
23_spp,SVR,2,841.0739360000625,-0.01009877993783359
23_spp,SVR,3,688.0740621162308,-0.006420303346880374
23_spp,SVR,4,878.8192405753615,-0.002078217967323992
23_spp,SVR,5,774.5605073299816,-0.05105101555771974
23_spp,SVR,6,841.4969757916052,-0.0018084725293994186
23_spp,SVR,7,781.2747269967433,0.0007650232537329549
23_spp,SVR,8,721.3406023857001,-0.03539890205821816
23_spp,SVR,9,837.2004917244506,8.250366332307468e-05
23_spp,MLP,0,1304.0613784239165,-2.834790853911356
23_spp,MLP,1,1479.4440918540697,-2.164803127545242
23_spp,MLP,2,1494.899458742654,-2.190946083637399
23_spp,MLP,3,1510.3361327025812,-3.8490452932194152
23_spp,MLP,4,1605.5115863801643,-2.344486111717216
23_spp,MLP,5,1356.3450508163617,-2.222949277805384
23_spp,MLP,6,1567.9150244085847,-2.477960334824759
23_spp,MLP,7,1523.136225878394,-2.7978479260245512
23_spp,MLP,8,1383.2718289884494,-2.8075183807600155
23_spp,MLP,9,1501.6104985470681,-2.2167685210117325
23_spp,XGBoost,0,872.4496045617764,-0.7164307832717896
23_spp,XGBoost,1,996.1298233664124,-0.4347672462463379
23_spp,XGBoost,2,946.6087166828753,-0.27948880195617676
23_spp,XGBoost,3,924.8411350064399,-0.818206787109375
23_spp,XGBoost,4,1038.581725238799,-0.3995354175567627
23_spp,XGBoost,5,881.6683758647579,-0.36183226108551025
23_spp,XGBoost,6,917.2255038974876,-0.190232515335083
23_spp,XGBoost,7,925.7478395870012,-0.40296053886413574
23_spp,XGBoost,8,975.3037667824317,-0.8928089141845703
23_spp,XGBoost,9,958.3666769561638,-0.3102937936782837
23_spp,LightGBM,0,814.4960386894116,-0.4959723620782277
23_spp,LightGBM,1,928.4064154280467,-0.24630933831424473
23_spp,LightGBM,2,915.2966697819226,-0.19624259188657112
23_spp,LightGBM,3,862.1058322430706,-0.5799021212852085
23_spp,LightGBM,4,984.14602257643,-0.25667099686366135
23_spp,LightGBM,5,824.5424585229932,-0.19107509672242728
23_spp,LightGBM,6,870.8854866170221,-0.073004855846041
23_spp,LightGBM,7,855.7557249393923,-0.19883579670875817
23_spp,LightGBM,8,931.2808489206154,-0.72579135033137
23_spp,LightGBM,9,921.6174844588937,-0.21173214449335487
23_spp,CatBoost,0,871.7505572340954,-0.7136814057743577
23_spp,CatBoost,1,994.0874126549296,-0.42888978937962685
23_spp,CatBoost,2,945.9214633072942,-0.2776316347509664
23_spp,CatBoost,3,922.8352602202838,-0.8103284466856069
23_spp,CatBoost,4,1037.7081016759096,-0.3971818120894819
23_spp,CatBoost,5,881.5037567542065,-0.3613237821722004
23_spp,CatBoost,6,916.8723329718061,-0.1893161520056872
23_spp,CatBoost,7,924.981278481361,-0.4006381825182388
23_spp,CatBoost,8,973.773646843061,-0.8868743377278427
23_spp,CatBoost,9,955.7151213927785,-0.30305315813687494
23_spp,TabPFNReg,0,663.6612464201899,0.006795823574066162
23_spp,TabPFNReg,1,777.5052250628288,0.1259099245071411
23_spp,TabPFNReg,2,828.2951240349058,0.02036184072494507
23_spp,TabPFNReg,3,744.9138792504808,-0.17956292629241943
23_spp,TabPFNReg,4,854.4321213531242,0.05276519060134888
23_spp,TabPFNReg,5,736.2923162711941,0.050240516662597656
23_spp,TabPFNReg,6,799.0434515719405,0.09672421216964722
23_spp,TabPFNReg,7,730.4006178118964,0.12666207551956177
23_spp,TabPFNReg,8,765.9319894742614,-0.1673668622970581
23_spp,TabPFNReg,9,813.674305235209,0.05549025535583496
24_mutual_funds,Linear,0,2.026105766407378,0.695171787954912
24_mutual_funds,Linear,1,2.422098303586136,0.5948517425964213
24_mutual_funds,Linear,2,1.8918853974622314,0.7554634433571666
24_mutual_funds,Linear,3,2.273530823733566,0.6435151616151249
24_mutual_funds,Linear,4,1.6149736985792584,0.7937457778439067
24_mutual_funds,Linear,5,2.0165720904254063,0.7487114167595981
24_mutual_funds,Linear,6,2.163801481668307,0.6786407036580718
24_mutual_funds,Linear,7,2.0717185145730586,0.6738346409967173
24_mutual_funds,Linear,8,2.170003772437809,0.6227029851978587
24_mutual_funds,Linear,9,2.544449221475696,0.3453297726050707
24_mutual_funds,Ridge,0,2.01967167655415,0.6971047353899184
24_mutual_funds,Ridge,1,2.4146942155544173,0.5973249439535097
24_mutual_funds,Ridge,2,1.8861425464273873,0.7569457800510611
24_mutual_funds,Ridge,3,2.2726316599265246,0.6437970798331586
24_mutual_funds,Ridge,4,1.6150829618341924,0.7937178680766719
24_mutual_funds,Ridge,5,2.014665167862015,0.7491864419822277
24_mutual_funds,Ridge,6,2.1628127793254004,0.6789343129399482
24_mutual_funds,Ridge,7,2.070930078641024,0.674082851893232
24_mutual_funds,Ridge,8,2.1622477176506236,0.6253952447053357
24_mutual_funds,Ridge,9,2.5382165776503642,0.3485330819294724
24_mutual_funds,Lasso,0,2.201276603626418,0.6401842504571584
24_mutual_funds,Lasso,1,2.872810768270215,0.43003986021849816
24_mutual_funds,Lasso,2,2.3520270719343093,0.6220461490644683
24_mutual_funds,Lasso,3,2.606205990595319,0.5315568983113025
24_mutual_funds,Lasso,4,2.1637446908211446,0.6297594601827918
24_mutual_funds,Lasso,5,2.5782739533183974,0.5892255944484797
24_mutual_funds,Lasso,6,2.5895938174292508,0.5397229307082383
24_mutual_funds,Lasso,7,2.35438368715017,0.5787588210746486
24_mutual_funds,Lasso,8,2.0875750557277595,0.6508222283719887
24_mutual_funds,Lasso,9,2.1692123982946145,0.524183859071672
24_mutual_funds,ElasticNet,0,2.227586965651865,0.6315315820720908
24_mutual_funds,ElasticNet,1,3.090517070528782,0.3403816363222891
24_mutual_funds,ElasticNet,2,2.4026022050669487,0.6056172736121609
24_mutual_funds,ElasticNet,3,2.72918820091836,0.48630381487422647
24_mutual_funds,ElasticNet,4,2.2614652339810775,0.595562170287907
24_mutual_funds,ElasticNet,5,2.7112699579282165,0.5457543498390697
24_mutual_funds,ElasticNet,6,2.648219947600238,0.5186464875921765
24_mutual_funds,ElasticNet,7,2.443058064769671,0.5464304219698195
24_mutual_funds,ElasticNet,8,2.129356053290769,0.6367053815462158
24_mutual_funds,ElasticNet,9,2.1401093995691385,0.5368656818768772
24_mutual_funds,KNN,0,3.976940455251421,-0.17443533884590323
24_mutual_funds,KNN,1,3.842132420734811,-0.01947153019035852
24_mutual_funds,KNN,2,3.834605987180831,-0.004605691680072077
24_mutual_funds,KNN,3,4.065166095575356,-0.13971420204480944
24_mutual_funds,KNN,4,3.458740544453451,0.05396346291130982
24_mutual_funds,KNN,5,4.2593809589946465,-0.12108417858056963
24_mutual_funds,KNN,6,4.1120535764243895,-0.1605759564780318
24_mutual_funds,KNN,7,3.4673603072077754,0.08636172303344603
24_mutual_funds,KNN,8,3.5216668638586475,0.006291663333058639
24_mutual_funds,KNN,9,3.6009304353180718,-0.31118652503350064
24_mutual_funds,RandomForest,0,1.6245658781064232,0.8040227821477932
24_mutual_funds,RandomForest,1,2.4913190513028667,0.5713635074554408
24_mutual_funds,RandomForest,2,1.3999970054913038,0.8660914350706429
24_mutual_funds,RandomForest,3,1.888640732215795,0.7539983193348642
24_mutual_funds,RandomForest,4,1.39321743291728,0.8464995192439074
24_mutual_funds,RandomForest,5,1.5550658655355551,0.8505682679439834
24_mutual_funds,RandomForest,6,1.8450096851945081,0.7663566951350347
24_mutual_funds,RandomForest,7,1.6444478176579527,0.7944977727379321
24_mutual_funds,RandomForest,8,1.6917124275419855,0.7706939724523039
24_mutual_funds,RandomForest,9,1.7677675319099502,0.6840012821639581
24_mutual_funds,SVR,0,3.9131953623880555,-0.13708778425173973
24_mutual_funds,SVR,1,3.8565180134903407,-0.0271199691734072
24_mutual_funds,SVR,2,4.215069375347062,-0.2138460135427096
24_mutual_funds,SVR,3,4.135583176631815,-0.1795405902960754
24_mutual_funds,SVR,4,4.012333823723195,-0.2731103761033671
24_mutual_funds,SVR,5,4.18737604822675,-0.08350066569361214
24_mutual_funds,SVR,6,4.135108634100043,-0.17362644562242568
24_mutual_funds,SVR,7,3.7782520760196743,-0.0848212876698875
24_mutual_funds,SVR,8,3.7810746491882266,-0.14549420028911797
24_mutual_funds,SVR,9,3.206339576292195,-0.03957073596858529
24_mutual_funds,MLP,0,8.196288470945243,-3.988447476267347
24_mutual_funds,MLP,1,8.681104209994233,-4.204516425927524
24_mutual_funds,MLP,2,13.070431587671793,-10.671696845572837
24_mutual_funds,MLP,3,8.717569127210787,-4.241193215694284
24_mutual_funds,MLP,4,13.202866315911905,-12.785051463239784
24_mutual_funds,MLP,5,11.073440791252636,-6.577229285091539
24_mutual_funds,MLP,6,14.506401177849659,-13.443598506917166
24_mutual_funds,MLP,7,10.379713656167382,-7.187420297238727
24_mutual_funds,MLP,8,9.47801379183822,-6.197755068244771
24_mutual_funds,MLP,9,8.425740756110228,-6.178789179037566
24_mutual_funds,XGBoost,0,1.6998746947772425,0.7854320997631281
24_mutual_funds,XGBoost,1,2.273958420403103,0.6428953684620653
24_mutual_funds,XGBoost,2,1.6421359676181404,0.8157649021382557
24_mutual_funds,XGBoost,3,2.3584769719728347,0.6163787546778514
24_mutual_funds,XGBoost,4,1.4947184917184975,0.8233186313982103
24_mutual_funds,XGBoost,5,1.4403490667107972,0.8718021432806617
24_mutual_funds,XGBoost,6,1.6391171005566527,0.8155935945042945
24_mutual_funds,XGBoost,7,1.8236126898102503,0.7472788723090247
24_mutual_funds,XGBoost,8,1.7102883980865906,0.7656305015364038
24_mutual_funds,XGBoost,9,1.7045209648315067,0.7062081738130718
24_mutual_funds,LightGBM,0,1.3982686283378902,0.8548182050795016
24_mutual_funds,LightGBM,1,2.475590557547529,0.576758661322278
24_mutual_funds,LightGBM,2,1.3773808970836867,0.8703829141072454
24_mutual_funds,LightGBM,3,1.8753813503333667,0.7574403506090468
24_mutual_funds,LightGBM,4,1.4327927377227156,0.8376550876166555
24_mutual_funds,LightGBM,5,1.6986128935833196,0.8217070847856129
24_mutual_funds,LightGBM,6,1.8061044901782428,0.7761063457072207
24_mutual_funds,LightGBM,7,1.5683491195508854,0.8130773934343456
24_mutual_funds,LightGBM,8,1.5583189707420988,0.805430345898449
24_mutual_funds,LightGBM,9,1.8592773879624291,0.6504386648749175
24_mutual_funds,CatBoost,0,1.3725599193077278,0.860107781014527
24_mutual_funds,CatBoost,1,2.192808787260251,0.6679282200328845
24_mutual_funds,CatBoost,2,1.4209045436542571,0.8620619925052417
24_mutual_funds,CatBoost,3,2.017839140124715,0.7191900746301783
24_mutual_funds,CatBoost,4,1.3993628891991432,0.8451423570694198
24_mutual_funds,CatBoost,5,1.4548472948065898,0.86920833300895
24_mutual_funds,CatBoost,6,1.5911367015186606,0.826231510143673
24_mutual_funds,CatBoost,7,1.6378342796244219,0.7961474010397781
24_mutual_funds,CatBoost,8,1.4757880212124763,0.8254940042703145
24_mutual_funds,CatBoost,9,1.7215487798358955,0.700309014332807
24_mutual_funds,TabPFNReg,0,1.1383704681840712,0.9037727277701219
24_mutual_funds,TabPFNReg,1,1.789836069638499,0.7787634098575696
24_mutual_funds,TabPFNReg,2,1.2369343928424306,0.8954684301319639
24_mutual_funds,TabPFNReg,3,1.4951273174375652,0.8458314727914498
24_mutual_funds,TabPFNReg,4,1.2586515362942892,0.8747196492984444
24_mutual_funds,TabPFNReg,5,1.0323990035418709,0.9341371670902381
24_mutual_funds,TabPFNReg,6,1.2762958692258366,0.8881956329384184
24_mutual_funds,TabPFNReg,7,1.2880210927677713,0.8739269412130581
24_mutual_funds,TabPFNReg,8,1.3121706221068332,0.8620432318579803
24_mutual_funds,TabPFNReg,9,1.5620512718635218,0.7532679404547439
25_tesla,Linear,0,1.3402130485247132,0.9998063526131711
25_tesla,Linear,1,1.479779215951619,0.999765748329386
25_tesla,Linear,2,1.6949915172034564,0.9996354362544527
25_tesla,Linear,3,1.4262335152532142,0.9997672568282199
25_tesla,Linear,4,1.4701553686648694,0.9997735255619188
25_tesla,Linear,5,1.5358951404617835,0.9997506205442007
25_tesla,Linear,6,1.4507737671542167,0.9997490272507236
25_tesla,Linear,7,1.4777201712633947,0.9997530952802408
25_tesla,Linear,8,1.3727318212715005,0.9997760498832401
25_tesla,Linear,9,1.6819133583328167,0.9996674032762615
25_tesla,Ridge,0,2.0352570057690955,0.9995534167052051
25_tesla,Ridge,1,2.099736785336971,0.9995283513845755
25_tesla,Ridge,2,2.190126271629554,0.9993913372427725
25_tesla,Ridge,3,1.7547985243024133,0.9996476695374465
25_tesla,Ridge,4,1.8519318380527299,0.9996406292562044
25_tesla,Ridge,5,1.7880502084122052,0.9996620153633786
25_tesla,Ridge,6,2.021071899903899,0.9995129307550396
25_tesla,Ridge,7,1.58363942389334,0.9997164317531629
25_tesla,Ridge,8,1.9315801131444754,0.9995565901445969
25_tesla,Ridge,9,2.208024299080309,0.9994267838419553
25_tesla,Lasso,0,2.707732699666844,0.9992095479388601
25_tesla,Lasso,1,2.7087914867481326,0.9992150535997352
25_tesla,Lasso,2,2.8161958358835975,0.9989936150733277
25_tesla,Lasso,3,2.393288414181483,0.9993446312187041
25_tesla,Lasso,4,2.566780314957621,0.9993096487392671
25_tesla,Lasso,5,2.5421814360863313,0.9993167956445573
25_tesla,Lasso,6,2.721168154793134,0.9991170462818109
25_tesla,Lasso,7,2.2027513593649766,0.9994513745570132
25_tesla,Lasso,8,2.848269835942798,0.9990358554469908
25_tesla,Lasso,9,2.9760418361521737,0.998958669014715
25_tesla,ElasticNet,0,14.229025679587195,0.97817198301045
25_tesla,ElasticNet,1,14.376492319725854,0.977889695494399
25_tesla,ElasticNet,2,13.859482701920953,0.9756256826684234
25_tesla,ElasticNet,3,14.236114174472789,0.9768111827579875
25_tesla,ElasticNet,4,15.17427523712988,0.9758727048599972
25_tesla,ElasticNet,5,15.00479751933935,0.9761988567172677
25_tesla,ElasticNet,6,14.045463973395654,0.9764766397179221
25_tesla,ElasticNet,7,13.880197027643936,0.9782160691109923
25_tesla,ElasticNet,8,14.075710569742803,0.9764538152599603
25_tesla,ElasticNet,9,14.408879275182409,0.9755898115446758
25_tesla,KNN,0,5.269046397524327,0.9970068533032432
25_tesla,KNN,1,5.429569464436006,0.996846305374978
25_tesla,KNN,2,5.90994080143937,0.9955679496983943
25_tesla,KNN,3,5.198620716420941,0.9969077689325322
25_tesla,KNN,4,4.79517831767613,0.9975906369478338
25_tesla,KNN,5,6.456016787770301,0.9955937732541063
25_tesla,KNN,6,4.793521386751306,0.9972600886039392
25_tesla,KNN,7,6.875463672668152,0.9946549844600477
25_tesla,KNN,8,5.701011953398593,0.9961373639090009
25_tesla,KNN,9,4.628127683765668,0.997481619249338
25_tesla,RandomForest,0,1.95564182625041,0.9995876722243938
25_tesla,RandomForest,1,2.1290251991421645,0.9995151019317274
25_tesla,RandomForest,2,2.2014451198686067,0.9993850296941981
25_tesla,RandomForest,3,1.8230867591456315,0.999619713991908
25_tesla,RandomForest,4,1.7906122281300956,0.9996640336243192
25_tesla,RandomForest,5,2.1710751391983854,0.999501704174469
25_tesla,RandomForest,6,1.9792367118134404,0.9995328862453541
25_tesla,RandomForest,7,1.6842512191146526,0.9996792558608282
25_tesla,RandomForest,8,1.8639284881041542,0.9995871061795687
25_tesla,RandomForest,9,2.1053042283638868,0.9994788767466714
25_tesla,SVR,0,12.531958674816387,0.9830682493145836
25_tesla,SVR,1,10.642784405538267,0.9878828808165961
25_tesla,SVR,2,11.676236634738082,0.9827000759946406
25_tesla,SVR,3,12.116327740522815,0.9832027688957091
25_tesla,SVR,4,10.71472704199681,0.9879702958679529
25_tesla,SVR,5,15.745952943618416,0.9737894919749077
25_tesla,SVR,6,12.063464602798078,0.9826471309909982
25_tesla,SVR,7,13.636907739367594,0.978973025247229
25_tesla,SVR,8,12.997457273519355,0.9799230985239173
25_tesla,SVR,9,10.000639292667326,0.9882411120084728
25_tesla,MLP,0,4.587206594353523,0.9977313862673852
25_tesla,MLP,1,3.9974661146442756,0.9982905420097569
25_tesla,MLP,2,4.035754204307779,0.997933250528818
25_tesla,MLP,3,5.1923906499766606,0.9969151759977972
25_tesla,MLP,4,4.836726352958913,0.9975487040003941
25_tesla,MLP,5,5.023827995392522,0.9973318695226172
25_tesla,MLP,6,5.190905379369962,0.9967869801758219
25_tesla,MLP,7,4.339853065938224,0.9978704146993574
25_tesla,MLP,8,4.472114594299441,0.9976231283109362
25_tesla,MLP,9,4.933141850880884,0.9971387359757988
25_tesla,XGBoost,0,2.253387141534453,0.999452561193218
25_tesla,XGBoost,1,2.434856089751031,0.9993657865532881
25_tesla,XGBoost,2,2.6600354070067507,0.9991021304272377
25_tesla,XGBoost,3,3.0983691449743613,0.998901596289955
25_tesla,XGBoost,4,1.860752974037585,0.9996371975877624
25_tesla,XGBoost,5,2.4792596996992122,0.9993501971941313
25_tesla,XGBoost,6,2.5029697622476603,0.9992529694098825
25_tesla,XGBoost,7,1.9575095933891913,0.9995667358184099
25_tesla,XGBoost,8,1.9432759499483994,0.9995512041394345
25_tesla,XGBoost,9,2.424388443987487,0.9993089409837912
25_tesla,LightGBM,0,2.197496014104609,0.9994793808379363
25_tesla,LightGBM,1,2.1364769882015118,0.9995117016134327
25_tesla,LightGBM,2,2.496448949271262,0.9992091687936384
25_tesla,LightGBM,3,1.8519387716705749,0.9996075819990623
25_tesla,LightGBM,4,1.8398214609346346,0.999645313969976
25_tesla,LightGBM,5,2.139626895954621,0.9995160353539413
25_tesla,LightGBM,6,2.122887066611995,0.9994626206640156
25_tesla,LightGBM,7,1.6352198245167304,0.999697658839351
25_tesla,LightGBM,8,1.93570238189057,0.9995546955247174
25_tesla,LightGBM,9,2.37283782750899,0.9993380169927297
25_tesla,CatBoost,0,2.199857774297577,0.9994782611650456
25_tesla,CatBoost,1,2.264315690168062,0.9994515174660782
25_tesla,CatBoost,2,2.592186720898211,0.9991473496347074
25_tesla,CatBoost,3,2.301308359841919,0.9993940381216061
25_tesla,CatBoost,4,2.268455462681366,0.9994607958371248
25_tesla,CatBoost,5,2.807041784172222,0.999167018617177
25_tesla,CatBoost,6,2.5139002755626363,0.9992464305717236
25_tesla,CatBoost,7,1.6624944007022664,0.9996874889549312
25_tesla,CatBoost,8,2.20159115190871,0.9994239592155125
25_tesla,CatBoost,9,2.500607261796172,0.9992648064247716
25_tesla,TabPFNReg,0,1.3093756120702114,0.9998151614929085
25_tesla,TabPFNReg,1,1.6366109083640308,0.9997134636440183
25_tesla,TabPFNReg,2,1.7341601031871554,0.9996183925890036
25_tesla,TabPFNReg,3,1.4975225130308247,0.9997434084246469
25_tesla,TabPFNReg,4,1.4335069306933903,0.9997846760607647
25_tesla,TabPFNReg,5,1.573119859996808,0.9997383858873793
25_tesla,TabPFNReg,6,1.4206087815058095,0.9997593553727292
25_tesla,TabPFNReg,7,1.5227021787122992,0.9997378348698286
25_tesla,TabPFNReg,8,1.4130364937921216,0.9997627060599465
25_tesla,TabPFNReg,9,1.761338111613371,0.9996352492514118
26_sandp,Linear,0,0.6698258119662696,0.9999327404317494
26_sandp,Linear,1,0.7114245333245435,0.9999116657052869
26_sandp,Linear,2,0.5789660180131043,0.9999647654011304
26_sandp,Linear,3,0.685054235392933,0.9999420111001638
26_sandp,Linear,4,0.6522604885918744,0.9999691023710093
26_sandp,Linear,5,0.5930200013665148,0.9999647416517434
26_sandp,Linear,6,0.6321161241689994,0.9999636027986721
26_sandp,Linear,7,0.7755503962559628,0.9999459235128624
26_sandp,Linear,8,0.6388255887815024,0.9999388734007347
26_sandp,Linear,9,0.6069830796101343,0.9999600426018188
26_sandp,Ridge,0,0.694766938965756,0.9999276383260636
26_sandp,Ridge,1,0.8055907328806869,0.9998867337313104
26_sandp,Ridge,2,0.743590547455095,0.9999418792908548
26_sandp,Ridge,3,1.0171611244391432,0.9998721577326697
26_sandp,Ridge,4,0.790087600882183,0.9999546650121433
26_sandp,Ridge,5,1.0518462897827563,0.9998890754082773
26_sandp,Ridge,6,0.7676935587841678,0.9999463153597332
26_sandp,Ridge,7,1.189666532982546,0.999872755531398
26_sandp,Ridge,8,0.8036147554864912,0.9999032699456497
26_sandp,Ridge,9,0.6506366652003553,0.9999540885405341
26_sandp,Lasso,0,1.4109358224181803,0.9997015683798355
26_sandp,Lasso,1,1.4960738712454282,0.999609359068621
26_sandp,Lasso,2,1.4818375924993097,0.9997691848027318
26_sandp,Lasso,3,1.828452953243609,0.9995868930148155
26_sandp,Lasso,4,1.5652158246659382,0.9998220772546077
26_sandp,Lasso,5,2.291343570056716,0.9994736147554588
26_sandp,Lasso,6,1.8703999229134067,0.9996813285139
26_sandp,Lasso,7,2.319904294317269,0.9995161301509867
26_sandp,Lasso,8,1.648678419734567,0.9995928658485782
26_sandp,Lasso,9,1.6026638169952985,0.9997214334945677
26_sandp,ElasticNet,0,11.919310389481874,0.9787023063664189
26_sandp,ElasticNet,1,11.199150667922531,0.9781101973841929
26_sandp,ElasticNet,2,14.262057579351506,0.9786190225840526
26_sandp,ElasticNet,3,13.106198551015707,0.9787749635911829
26_sandp,ElasticNet,4,17.226770720511325,0.9784478422027101
26_sandp,ElasticNet,5,15.120988040063617,0.97707635786936
26_sandp,ElasticNet,6,15.714259892019681,0.9775062369053884
26_sandp,ElasticNet,7,15.632367386772563,0.9780296017259797
26_sandp,ElasticNet,8,12.146215190932592,0.9779022747640436
26_sandp,ElasticNet,9,14.338471526003756,0.9777028298282806
26_sandp,KNN,0,10.199206195060887,0.9844058014109627
26_sandp,KNN,1,10.09743229137491,0.9822051812068646
26_sandp,KNN,2,10.832590666253463,0.987665321074681
26_sandp,KNN,3,9.438604599315834,0.9889919461834763
26_sandp,KNN,4,13.20085048730663,0.9873442806445445
26_sandp,KNN,5,10.141743162545758,0.9896878672294124
26_sandp,KNN,6,15.515515475722356,0.9780716137924221
26_sandp,KNN,7,10.192045181883916,0.9906607692913635
26_sandp,KNN,8,9.351209915381046,0.9869021130019973
26_sandp,KNN,9,12.667839251648989,0.982595998202527
26_sandp,RandomForest,0,0.8091605510887104,0.99990184787201
26_sandp,RandomForest,1,1.1775617081321417,0.9997579868188687
26_sandp,RandomForest,2,1.0988383289001589,0.9998730797895974
26_sandp,RandomForest,3,1.2519878615838702,0.9998063153538548
26_sandp,RandomForest,4,3.8872502123390444,0.9989025923002537
26_sandp,RandomForest,5,2.855275425519863,0.9991826288680838
26_sandp,RandomForest,6,2.914706233938375,0.9992261374439494
26_sandp,RandomForest,7,3.5422748731735245,0.9988718861256608
26_sandp,RandomForest,8,1.0396948936933668,0.9998380885921772
26_sandp,RandomForest,9,1.8875687007051762,0.999613588923823
26_sandp,SVR,0,83.35275660135605,-0.041526324325267705
26_sandp,SVR,1,77.72232861551014,-0.05429774667650955
26_sandp,SVR,2,98.95281601187668,-0.029246739056631554
26_sandp,SVR,3,92.16791810107293,-0.04967417724955303
26_sandp,SVR,4,118.85852606929039,-0.025991332471799966
26_sandp,SVR,5,102.50489439703496,-0.05344650162108899
26_sandp,SVR,6,105.93873105578446,-0.022312773116041962
26_sandp,SVR,7,107.03131981535383,-0.02993587313278967
26_sandp,SVR,8,84.18081047366006,-0.06143115889041706
26_sandp,SVR,9,97.9410540694965,-0.04033588550694067
26_sandp,MLP,0,1.0499139378309204,0.9998347514265633
26_sandp,MLP,1,1.361489451778128,0.9996764806715157
26_sandp,MLP,2,1.1744646334639688,0.9998550083237596
26_sandp,MLP,3,1.4235425720467625,0.9997495991048568
26_sandp,MLP,4,1.5510940375524092,0.9998252733026978
26_sandp,MLP,5,1.6747169129465043,0.9997188059721399
26_sandp,MLP,6,1.4301909094832217,0.9998136787966695
26_sandp,MLP,7,1.967757800302668,0.9996518778085466
26_sandp,MLP,8,1.2271576840901566,0.999774437775332
26_sandp,MLP,9,0.9598226579063681,0.9999000860732635
26_sandp,XGBoost,0,4.20696718323894,0.9973468086952282
26_sandp,XGBoost,1,7.074187976055026,0.9912657652146317
26_sandp,XGBoost,2,7.5004067869420386,0.9940866604123761
26_sandp,XGBoost,3,10.609547998921878,0.986091230118607
26_sandp,XGBoost,4,13.185575944091324,0.9873735512576594
26_sandp,XGBoost,5,6.371641636976416,0.9959297042792822
26_sandp,XGBoost,6,10.259100041848548,0.9904127780080932
26_sandp,XGBoost,7,10.626752570215762,0.989847112804416
26_sandp,XGBoost,8,8.070222255388483,0.9902447901124889
26_sandp,XGBoost,9,14.079156428770466,0.9785020375257234
26_sandp,LightGBM,0,6.706354752044919,0.9932577731202121
26_sandp,LightGBM,1,8.442570028109769,0.9875599818551102
26_sandp,LightGBM,2,16.67454079107084,0.9707738944217356
26_sandp,LightGBM,3,12.554561499918917,0.9805240767289031
26_sandp,LightGBM,4,29.006726877163025,0.938894477424184
26_sandp,LightGBM,5,12.272178949775322,0.9849003584061315
26_sandp,LightGBM,6,19.850077057996806,0.9641079182797947
26_sandp,LightGBM,7,20.801849908406055,0.9610961716428505
26_sandp,LightGBM,8,7.720849874371117,0.9910711435041665
26_sandp,LightGBM,9,13.113427520240224,0.981350101509868
26_sandp,CatBoost,0,4.746225772052081,0.9966230307721926
26_sandp,CatBoost,1,5.204819652373969,0.9952719393158174
26_sandp,CatBoost,2,8.55025552785415,0.9923153981355333
26_sandp,CatBoost,3,9.38523207857637,0.9891160887782859
26_sandp,CatBoost,4,12.265699126095004,0.9890738382410201
26_sandp,CatBoost,5,7.9882227112821695,0.9936023038635675
26_sandp,CatBoost,6,13.583100151383434,0.9831937020154433
26_sandp,CatBoost,7,11.628289385638498,0.9878431772118887
26_sandp,CatBoost,8,7.743058228532361,0.9910197034684146
26_sandp,CatBoost,9,10.311426902250313,0.9884686124899708
26_sandp,TabPFNReg,0,22.768886971219175,0.9222833773433803
26_sandp,TabPFNReg,1,16.600851567945725,0.9519014035605814
26_sandp,TabPFNReg,2,22.301632090322794,0.9477198917884067
26_sandp,TabPFNReg,3,24.72694419816856,0.9244497587530977
26_sandp,TabPFNReg,4,34.86277620117117,0.9117312559675672
26_sandp,TabPFNReg,5,36.269220210848296,0.8681136901980933
26_sandp,TabPFNReg,6,30.75291327362963,0.9138516863046354
26_sandp,TabPFNReg,7,31.403205953211977,0.9113382297303847
26_sandp,TabPFNReg,8,19.86988250156174,0.9408634172470983
26_sandp,TabPFNReg,9,31.404522039581845,0.8930382725939621
28_gs,Linear,0,1.1672854358282585,0.9997185130432986
28_gs,Linear,1,1.1100383737295438,0.9997588509546906
28_gs,Linear,2,1.295801701479408,0.9996111171077041
28_gs,Linear,3,1.1694743644349335,0.9997200890508272
28_gs,Linear,4,1.178165127484041,0.9997328634578138
28_gs,Linear,5,1.1825963313698418,0.999743769134224
28_gs,Linear,6,1.211823731885768,0.9996906343492009
28_gs,Linear,7,1.2230750949658697,0.9997254575433635
28_gs,Linear,8,1.2391909686316056,0.9996702191670419
28_gs,Linear,9,1.2848915513725088,0.99972008517561
28_gs,Ridge,0,1.3007535788097615,0.9996504621578277
28_gs,Ridge,1,1.2538402226477705,0.9996923237615732
28_gs,Ridge,2,1.34633484837747,0.999580194696607
28_gs,Ridge,3,1.2260766985508427,0.9996923380757353
28_gs,Ridge,4,1.3357787607199711,0.999656608105389
28_gs,Ridge,5,1.2897179617734642,0.9996952470728382
28_gs,Ridge,6,1.2371084703617803,0.9996775898198801
28_gs,Ridge,7,1.2841265799582224,0.9996973651480597
28_gs,Ridge,8,1.4271979294202322,0.9995625611558197
28_gs,Ridge,9,1.469130339437181,0.9996340568621935
28_gs,Lasso,0,2.1008207662201834,0.9990882366198836
28_gs,Lasso,1,2.0464823479486838,0.9991803554266565
28_gs,Lasso,2,2.115961872011418,0.9989630509407076
28_gs,Lasso,3,1.9483556197608092,0.999223082450891
28_gs,Lasso,4,2.328712945831284,0.998956354782245
28_gs,Lasso,5,2.20509227238656,0.9991091349447214
28_gs,Lasso,6,1.9044391312649824,0.9992359401510252
28_gs,Lasso,7,2.215743681302718,0.9990989636565045
28_gs,Lasso,8,2.190864223081291,0.998969187068302
28_gs,Lasso,9,2.2046043365124484,0.9991759486651866
28_gs,ElasticNet,0,9.012435523468934,0.9832201341919385
28_gs,ElasticNet,1,9.171419479850055,0.9835379969800232
28_gs,ElasticNet,2,8.408702532557475,0.9836243056170038
28_gs,ElasticNet,3,9.15900598160561,0.9828313890372395
28_gs,ElasticNet,4,9.476455114614268,0.9827172522138172
28_gs,ElasticNet,5,9.828512009816068,0.9823016029241496
28_gs,ElasticNet,6,8.966100371850295,0.9830644081776355
28_gs,ElasticNet,7,9.903802192712458,0.9819985625797825
28_gs,ElasticNet,8,9.264754991177519,0.9815661177501994
28_gs,ElasticNet,9,9.858677951570858,0.9835210205392733
28_gs,KNN,0,2.1090305689073228,0.9990810965309523
28_gs,KNN,1,1.951995697319744,0.9992542946240546
28_gs,KNN,2,2.5591988393750036,0.9984831249547903
28_gs,KNN,3,2.3950361401634197,0.9988260148142453
28_gs,KNN,4,2.9806161989895936,0.9982902481308378
28_gs,KNN,5,2.253935424459766,0.9990692322484601
28_gs,KNN,6,2.362795030449925,0.9988238972031012
28_gs,KNN,7,2.6276264580913318,0.9987328427225202
28_gs,KNN,8,2.491247710758811,0.9986671454566307
28_gs,KNN,9,2.082994628369661,0.9992643533654675
28_gs,RandomForest,0,1.2973513652798556,0.9996522882487546
28_gs,RandomForest,1,1.0933608223449647,0.9997660427122084
28_gs,RandomForest,2,1.2247671996482907,0.9996525847801212
28_gs,RandomForest,3,1.0678601013329927,0.9997666180873168
28_gs,RandomForest,4,1.346752610714709,0.9996509427807481
28_gs,RandomForest,5,1.2042210335448054,0.999734312693319
28_gs,RandomForest,6,1.1656684769176413,0.9997137514540125
28_gs,RandomForest,7,1.147099818277611,0.9997585063633224
28_gs,RandomForest,8,1.195236396292997,0.9996931991557818
28_gs,RandomForest,9,1.3624715305327182,0.9996852629825222
28_gs,SVR,0,8.525109838600534,0.9849857339112048
28_gs,SVR,1,7.872130816743765,0.9878718609687366
28_gs,SVR,2,8.694483964956849,0.9824922890403709
28_gs,SVR,3,10.822833953375294,0.9760271059881298
28_gs,SVR,4,10.65079271717648,0.9781684365915205
28_gs,SVR,5,7.951550806229639,0.9884159061963194
28_gs,SVR,6,10.533795914806953,0.9766243882623649
28_gs,SVR,7,11.210264688825037,0.9769359801233921
28_gs,SVR,8,8.57306908781128,0.9842158362185501
28_gs,SVR,9,9.450275126909563,0.9848580482761156
28_gs,MLP,0,0.9180812480102771,0.9998258728965247
28_gs,MLP,1,0.8507027559476507,0.9998583667432798
28_gs,MLP,2,0.9427175512245379,0.9997941717735884
28_gs,MLP,3,0.813741723438627,0.9998644774255264
28_gs,MLP,4,0.9106247314027658,0.999840412138784
28_gs,MLP,5,0.8770667561114437,0.9998590634327517
28_gs,MLP,6,0.8887567191435052,0.9998335978323224
28_gs,MLP,7,0.8675115431305371,0.9998618808826951
28_gs,MLP,8,0.9468148113880694,0.999807478597082
28_gs,MLP,9,0.9469665468593453,0.9998479584715922
28_gs,XGBoost,0,1.4472289300294876,0.9995673082518615
28_gs,XGBoost,1,1.6028763118368545,0.9994971834274271
28_gs,XGBoost,2,1.333952105965661,0.9995878813956531
28_gs,XGBoost,3,1.408158972704173,0.9995941721492505
28_gs,XGBoost,4,1.5206337507004384,0.9995549895357814
28_gs,XGBoost,5,1.4106634067918975,0.9996354096322969
28_gs,XGBoost,6,1.464384017577162,0.9995482448149864
28_gs,XGBoost,7,1.559052459074557,0.9995539077000386
28_gs,XGBoost,8,1.5311597805635124,0.9994965110342988
28_gs,XGBoost,9,1.8265821716250996,0.9994343192744132
28_gs,LightGBM,0,1.3266555918057497,0.9996364028036938
28_gs,LightGBM,1,1.4202056892312729,0.9996052591626158
28_gs,LightGBM,2,1.3085446534515706,0.9996034309280076
28_gs,LightGBM,3,1.1885384680389313,0.9997108887711798
28_gs,LightGBM,4,1.359704972951355,0.9996441963948547
28_gs,LightGBM,5,1.3328047706242128,0.9996745446115779
28_gs,LightGBM,6,1.255455038790378,0.9996679560944798
28_gs,LightGBM,7,1.2262822233012822,0.999724015853801
28_gs,LightGBM,8,1.3480676187830507,0.9996097236045952
28_gs,LightGBM,9,1.451997663969169,0.9996425421920386
28_gs,CatBoost,0,1.4759792606895983,0.9995499459727828
28_gs,CatBoost,1,1.403294017254057,0.9996146042605114
28_gs,CatBoost,2,1.1926992825963285,0.9996705392654036
28_gs,CatBoost,3,1.2811940689694667,0.9996640548980856
28_gs,CatBoost,4,1.4756953575519804,0.9995809031521493
28_gs,CatBoost,5,1.4118801934666403,0.9996347803963956
28_gs,CatBoost,6,1.5603421392032848,0.9994870998099193
28_gs,CatBoost,7,1.4966921318911124,0.9995888803633215
28_gs,CatBoost,8,1.6378843027593808,0.9994238767885382
28_gs,CatBoost,9,1.4892227172684926,0.9996239788636487
28_gs,TabPFNReg,0,1.5342557286381562,0.9995137051738394
28_gs,TabPFNReg,1,1.2971446850255204,0.9996707040397145
28_gs,TabPFNReg,2,1.3209732816665454,0.9995958618831229
28_gs,TabPFNReg,3,1.955493364044618,0.9992173795940656
28_gs,TabPFNReg,4,1.606615031326953,0.9995032422811752
28_gs,TabPFNReg,5,1.2617405702210267,0.9997083254580355
28_gs,TabPFNReg,6,1.5844940614997192,0.9994710989649239
28_gs,TabPFNReg,7,1.8384227909895203,0.9993797110274224
28_gs,TabPFNReg,8,1.2061864019878266,0.999687551972205
28_gs,TabPFNReg,9,1.3485770702991788,0.9996916496151576
29_yahoo,Linear,0,240.03087660610353,0.9965793599703394
29_yahoo,Linear,1,242.44828100337827,0.9962108073330167
29_yahoo,Linear,2,235.68499062857228,0.9964429298503675
29_yahoo,Linear,3,270.4501786679725,0.9958401164922124
29_yahoo,Linear,4,225.78542223190462,0.9964364062087772
29_yahoo,Linear,5,238.4929291611267,0.9967690848509577
29_yahoo,Linear,6,243.3031180750298,0.9963870307779351
29_yahoo,Linear,7,287.2987957290884,0.9949747741611324
29_yahoo,Linear,8,243.5930652873123,0.9956166529164252
29_yahoo,Linear,9,262.2766826674766,0.9956512226037239
29_yahoo,Ridge,0,239.72116573656015,0.9965881815514387
29_yahoo,Ridge,1,247.64621220151565,0.9960465900663796
29_yahoo,Ridge,2,237.13079992754382,0.9963991543051002
29_yahoo,Ridge,3,276.25462421260715,0.9956596401609766
29_yahoo,Ridge,4,224.04342733276744,0.996491182242351
29_yahoo,Ridge,5,236.88214247741348,0.9968125808161009
29_yahoo,Ridge,6,241.3694666024183,0.9964442307169081
29_yahoo,Ridge,7,286.5663436272986,0.9950003645594644
29_yahoo,Ridge,8,243.18546915891702,0.9956313096599579
29_yahoo,Ridge,9,263.26669880091663,0.9956183299694054
29_yahoo,Lasso,0,239.346499506475,0.9965988380507402
29_yahoo,Lasso,1,243.61630140008563,0.9961742097104983
29_yahoo,Lasso,2,236.21579652550554,0.9964268894568256
29_yahoo,Lasso,3,270.7578633724654,0.9958306459079558
29_yahoo,Lasso,4,224.45223453290092,0.9964783656320443
29_yahoo,Lasso,5,236.8880075065315,0.9968124229777974
29_yahoo,Lasso,6,241.81658538282906,0.9964310449251211
29_yahoo,Lasso,7,286.59920509165863,0.994999217845863
29_yahoo,Lasso,8,243.3014976078735,0.9956271398936481
29_yahoo,Lasso,9,262.4903445428525,0.9956441343151675
29_yahoo,ElasticNet,0,630.8972962926414,0.9763685438239935
29_yahoo,ElasticNet,1,639.7802422124071,0.9736142090246415
29_yahoo,ElasticNet,2,637.0506623042454,0.9740117807747853
29_yahoo,ElasticNet,3,632.6578134298093,0.9772362202164295
29_yahoo,ElasticNet,4,614.8770158155054,0.9735714756032888
29_yahoo,ElasticNet,5,690.9492283197526,0.9728814284488048
29_yahoo,ElasticNet,6,629.1575473027918,0.9758405115716661
29_yahoo,ElasticNet,7,660.7889436929252,0.9734164174428455
29_yahoo,ElasticNet,8,578.2042069197518,0.9753033234447298
29_yahoo,ElasticNet,9,646.7827902782459,0.9735537118865824
29_yahoo,KNN,0,385.35211322105965,0.9911836536886878
29_yahoo,KNN,1,452.8405697849325,0.9867809840677171
29_yahoo,KNN,2,345.5233769711621,0.9923548950832237
29_yahoo,KNN,3,461.4177233208571,0.9878913655726685
29_yahoo,KNN,4,333.7389507940465,0.9922140754766395
29_yahoo,KNN,5,366.2483912674134,0.9923805084998691
29_yahoo,KNN,6,423.49428010889613,0.9890537840843849
29_yahoo,KNN,7,386.9779820908978,0.990882820940498
29_yahoo,KNN,8,487.101281198168,0.9824727184385488
29_yahoo,KNN,9,398.6381023172168,0.9899537165524881
29_yahoo,RandomForest,0,286.1195399792404,0.9951396428033981
29_yahoo,RandomForest,1,276.36614625425534,0.9950764522416377
29_yahoo,RandomForest,2,246.32364544786915,0.9961145548274873
29_yahoo,RandomForest,3,306.4789432878455,0.9946579505150444
29_yahoo,RandomForest,4,259.35207228189125,0.9952980734381708
29_yahoo,RandomForest,5,315.3438108987287,0.9943513695755783
29_yahoo,RandomForest,6,290.768264946727,0.9948398429163682
29_yahoo,RandomForest,7,318.0453389439267,0.9938416262366546
29_yahoo,RandomForest,8,251.3327306397389,0.9953336842860092
29_yahoo,RandomForest,9,292.3078384309161,0.994598321443583
29_yahoo,SVR,0,4027.1858208264616,0.03711041432679574
29_yahoo,SVR,1,3772.4384268199033,0.08261256038311138
29_yahoo,SVR,2,3753.365205864474,0.09786771382289372
29_yahoo,SVR,3,4041.5714292373573,0.07101833813724767
29_yahoo,SVR,4,3625.3435743841123,0.08125552834478111
29_yahoo,SVR,5,4034.0641798951133,0.0755995587772299
29_yahoo,SVR,6,3870.846485586531,0.08550610961042959
29_yahoo,SVR,7,3865.6435900210345,0.09023003970706767
29_yahoo,SVR,8,3483.694592065271,0.103487873678349
29_yahoo,SVR,9,3793.7844876801432,0.09010112805916692
29_yahoo,MLP,0,27871.646577824773,-45.12096695941293
29_yahoo,MLP,1,27652.07443336085,-48.29057723568504
29_yahoo,MLP,2,27454.210496734235,-47.26657661461959
29_yahoo,MLP,3,27580.265802034697,-42.26169371085112
29_yahoo,MLP,4,27735.598852069124,-52.77389459179289
29_yahoo,MLP,5,27634.493331200087,-42.37880162832777
29_yahoo,MLP,6,27510.965400255955,-45.1934685886767
29_yahoo,MLP,7,27402.110983334704,-44.714714830832015
29_yahoo,MLP,8,27067.944191976596,-53.12358611777112
29_yahoo,MLP,9,27238.50595821152,-45.90448578393703
29_yahoo,XGBoost,0,294.86293046552066,0.9948380534160977
29_yahoo,XGBoost,1,287.9536127045452,0.9946549283295246
29_yahoo,XGBoost,2,243.74854348966778,0.9961953681690967
29_yahoo,XGBoost,3,357.0868634437781,0.9927480571857262
29_yahoo,XGBoost,4,266.0548672772927,0.9950518960622148
29_yahoo,XGBoost,5,329.7200058217325,0.9938245994077212
29_yahoo,XGBoost,6,306.9314104452654,0.9942502153019794
29_yahoo,XGBoost,7,360.63917071094176,0.9920816669505348
29_yahoo,XGBoost,8,246.7371344537593,0.9955027704790428
29_yahoo,XGBoost,9,302.72480560996615,0.9942064623750901
29_yahoo,LightGBM,0,290.35072905777673,0.9949948281536652
29_yahoo,LightGBM,1,323.78196911026225,0.993242068434559
29_yahoo,LightGBM,2,241.37041039889414,0.9962692458029775
29_yahoo,LightGBM,3,341.6326178440041,0.9933621829046202
29_yahoo,LightGBM,4,243.00790545690498,0.9958720236437978
29_yahoo,LightGBM,5,349.67736894705325,0.9930544028713542
29_yahoo,LightGBM,6,280.3341474901214,0.995203539003344
29_yahoo,LightGBM,7,353.07250936025565,0.9924104542814042
29_yahoo,LightGBM,8,236.03941639779617,0.9958842869874485
29_yahoo,LightGBM,9,319.3180706776428,0.9935539331228191
29_yahoo,CatBoost,0,280.6086275706565,0.995325069157047
29_yahoo,CatBoost,1,283.43825017015917,0.9948212447564398
29_yahoo,CatBoost,2,234.12272326893807,0.9964899305238393
29_yahoo,CatBoost,3,320.557412590525,0.9941558914835685
29_yahoo,CatBoost,4,246.5097306378564,0.99575219539814
29_yahoo,CatBoost,5,307.43310472429033,0.9946312176336641
29_yahoo,CatBoost,6,284.1273288429172,0.9950728596951334
29_yahoo,CatBoost,7,334.5586530073721,0.9931855233631665
29_yahoo,CatBoost,8,240.01847268305346,0.9957443553653479
29_yahoo,CatBoost,9,284.1878636482861,0.9948942579674114
29_yahoo,TabPFNReg,0,244.94377071020782,0.9964379012938812
29_yahoo,TabPFNReg,1,249.62575644724376,0.995983134801455
29_yahoo,TabPFNReg,2,221.2180680721188,0.9968662108757179
29_yahoo,TabPFNReg,3,269.73717770223766,0.9958620213862425
29_yahoo,TabPFNReg,4,218.90306853044393,0.9966503448703684
29_yahoo,TabPFNReg,5,237.8193626914534,0.9967873089801857
29_yahoo,TabPFNReg,6,250.06703712936053,0.9961833546224067
29_yahoo,TabPFNReg,7,277.6793562506717,0.9953056533049984
29_yahoo,TabPFNReg,8,240.5889311955915,0.9957241023103681
29_yahoo,TabPFNReg,9,264.646616434627,0.9955722763683736
30_netflix,Linear,0,3.9749390142935868,0.9985881118308795
30_netflix,Linear,1,4.053516761022039,0.9986445214416068
30_netflix,Linear,2,3.3027203127687854,0.9989706302288143
30_netflix,Linear,3,4.464758604872789,0.9982185654495249
30_netflix,Linear,4,4.665589233816787,0.9980554563448388
30_netflix,Linear,5,3.710411586661987,0.9987503421418246
30_netflix,Linear,6,4.1301422443352385,0.9986259825878306
30_netflix,Linear,7,3.9090275266885453,0.9988641370545942
30_netflix,Linear,8,3.8226208668857664,0.9987363654756644
30_netflix,Linear,9,2.9730175758049233,0.9991493336360818
30_netflix,Ridge,0,4.089210229730252,0.998505767299408
30_netflix,Ridge,1,4.351817788920979,0.9984376795696089
30_netflix,Ridge,2,4.369208428811448,0.9981985038386411
30_netflix,Ridge,3,4.60331209580991,0.9981062844486569
30_netflix,Ridge,4,5.049805039752855,0.9977219989489752
30_netflix,Ridge,5,4.25910464964084,0.9983534172100532
30_netflix,Ridge,6,4.289905788708511,0.9985176262113015
30_netflix,Ridge,7,4.640153298590182,0.9983995093837286
30_netflix,Ridge,8,4.714908499692661,0.9980775919848232
30_netflix,Ridge,9,3.8585155063313397,0.9985671365415326
30_netflix,Lasso,0,4.570322184663718,0.9981334785172593
30_netflix,Lasso,1,4.790612320180284,0.9981067378180913
30_netflix,Lasso,2,5.165907609620904,0.9974816210252838
30_netflix,Lasso,3,5.1172296629166985,0.9976598498564072
30_netflix,Lasso,4,5.538223730463273,0.9972600307452161
30_netflix,Lasso,5,4.731021602601759,0.9979683129531198
30_netflix,Lasso,6,4.76711409423207,0.9981694849225305
30_netflix,Lasso,7,5.254533244089021,0.9979476247781897
30_netflix,Lasso,8,5.465600935945454,0.9974166998530872
30_netflix,Lasso,9,4.363204827444268,0.9981677889010043
30_netflix,ElasticNet,0,17.482803105346086,0.9726874976082014
30_netflix,ElasticNet,1,17.47898673657597,0.974796479329811
30_netflix,ElasticNet,2,18.93685034127964,0.9661589905395499
30_netflix,ElasticNet,3,16.75569080803799,0.974910120201833
30_netflix,ElasticNet,4,19.02457643761485,0.9676678421708772
30_netflix,ElasticNet,5,15.586363378384885,0.9779485808807393
30_netflix,ElasticNet,6,16.970813242313856,0.9768010928718588
30_netflix,ElasticNet,7,20.032291207652786,0.9701702423858736
30_netflix,ElasticNet,8,16.2634314664255,0.9771269858625826
30_netflix,ElasticNet,9,16.77893544278281,0.9729047530472819
30_netflix,KNN,0,8.626436540248255,0.9933502973915804
30_netflix,KNN,1,8.099367149252348,0.9945883353261746
30_netflix,KNN,2,7.60853502420075,0.9945370163121456
30_netflix,KNN,3,8.524471239173543,0.9935060520278661
30_netflix,KNN,4,9.294987414379603,0.9922820438034697
30_netflix,KNN,5,8.247887924665681,0.9938250641318679
30_netflix,KNN,6,6.802068084875124,0.9962731306597505
30_netflix,KNN,7,10.849923216964191,0.991249319966911
30_netflix,KNN,8,8.136008725877018,0.9942757071742516
30_netflix,KNN,9,8.827393889642854,0.9925005516392307
30_netflix,RandomForest,0,4.731425255958713,0.9979995701475208
30_netflix,RandomForest,1,5.580453358945083,0.9974309789003755
30_netflix,RandomForest,2,4.899639011625518,0.9977345421659294
30_netflix,RandomForest,3,5.5491252901249535,0.9972481613484077
30_netflix,RandomForest,4,5.735492031030138,0.9970613622137864
30_netflix,RandomForest,5,4.820973378748309,0.9978903208236602
30_netflix,RandomForest,6,4.189114137995149,0.998586464875075
30_netflix,RandomForest,7,5.6895889558920265,0.9975936972987527
30_netflix,RandomForest,8,5.459668790297307,0.9974223044321978
30_netflix,RandomForest,9,4.600333176918171,0.9979632258228778
30_netflix,SVR,0,29.851324102735006,0.9203718623016476
30_netflix,SVR,1,44.11769487711355,0.8394337253450183
30_netflix,SVR,2,31.8593025850169,0.9042143733592567
30_netflix,SVR,3,38.85439852774322,0.8650868489069281
30_netflix,SVR,4,36.32909795219482,0.8820999671007866
30_netflix,SVR,5,28.879816239732154,0.9242930412120937
30_netflix,SVR,6,36.10906217615504,0.8949745294496809
30_netflix,SVR,7,44.84494042693219,0.8505088862381616
30_netflix,SVR,8,30.517324209227695,0.9194636517263004
30_netflix,SVR,9,35.296308615514874,0.8800989783735336
30_netflix,MLP,0,99.67948876715653,0.11212676731064675
30_netflix,MLP,1,108.16685660098622,0.03480042091403579
30_netflix,MLP,2,111.3600953367997,-0.17027251039961944
30_netflix,MLP,3,106.56664535637334,-0.014884207601416621
30_netflix,MLP,4,109.61183592085268,-0.07329622321043416
30_netflix,MLP,5,93.71068340471194,0.20287733161863764
30_netflix,MLP,6,98.07660198368374,0.22519388598882217
30_netflix,MLP,7,101.75681203749195,0.2303106816569117
30_netflix,MLP,8,94.94626133520511,0.22043062942928748
30_netflix,MLP,9,104.70884148196737,-0.05519084961257037
30_netflix,XGBoost,0,5.70469337252839,0.9970919359243505
30_netflix,XGBoost,1,5.663961499136627,0.9973535158887119
30_netflix,XGBoost,2,5.464039574904531,0.9971825547339509
30_netflix,XGBoost,3,5.520002593990181,0.9972769697318554
30_netflix,XGBoost,4,6.025727868383492,0.9967564266316855
30_netflix,XGBoost,5,5.190248393658803,0.9975547501838085
30_netflix,XGBoost,6,4.471269529157854,0.9983896365019235
30_netflix,XGBoost,7,6.06177893324191,0.9972685788821727
30_netflix,XGBoost,8,6.0989283893470585,0.9967833330358429
30_netflix,XGBoost,9,5.1018544837535735,0.997494926676149
30_netflix,LightGBM,0,5.2073761618631655,0.9975768669525633
30_netflix,LightGBM,1,6.304670585759092,0.9967209087243147
30_netflix,LightGBM,2,4.7670763747520555,0.9978554704475828
30_netflix,LightGBM,3,6.0992359707752115,0.9966755119437142
30_netflix,LightGBM,4,6.724702159623763,0.9959602842715549
30_netflix,LightGBM,5,5.000286318475745,0.9977304659892016
30_netflix,LightGBM,6,4.358421870069777,0.9984698967129784
30_netflix,LightGBM,7,6.432082586363615,0.9969246701848169
30_netflix,LightGBM,8,5.203661315237174,0.9976583764601217
30_netflix,LightGBM,9,5.586257234901934,0.996996648469004
30_netflix,CatBoost,0,4.576094185576985,0.9981287609650167
30_netflix,CatBoost,1,5.991689652869509,0.9970383936900689
30_netflix,CatBoost,2,4.777233494832467,0.9978463220941792
30_netflix,CatBoost,3,5.2902608125035915,0.9974989171849903
30_netflix,CatBoost,4,6.706622586432888,0.9959819768771777
30_netflix,CatBoost,5,5.0504877564113375,0.9976846662908819
30_netflix,CatBoost,6,4.537843990328785,0.9983413248444795
30_netflix,CatBoost,7,6.118637429834403,0.9972170979999245
30_netflix,CatBoost,8,6.179709002890424,0.9966975588998461
30_netflix,CatBoost,9,4.812766551446659,0.9977707750252851
30_netflix,TabPFNReg,0,3.98140177696175,0.9985835169850529
30_netflix,TabPFNReg,1,4.176100433181877,0.9985612989015039
30_netflix,TabPFNReg,2,3.245564975727919,0.9990059495377566
30_netflix,TabPFNReg,3,4.917220979369802,0.997839206041377
30_netflix,TabPFNReg,4,4.620933544023539,0.9980925017737872
30_netflix,TabPFNReg,5,3.5036996204181694,0.9988857037172436
30_netflix,TabPFNReg,6,4.251893102926358,0.9985437803315236
30_netflix,TabPFNReg,7,3.849919159065819,0.9988982280912883
30_netflix,TabPFNReg,8,3.92314393799177,0.9986690323020256
30_netflix,TabPFNReg,9,2.971246674270808,0.9991503467466115
